0	0.000113014
3.93563e-14	0.000113023
7.87127e-14	0.000113031
1.18069e-13	0.000113039
1.57425e-13	0.000113046
1.96782e-13	0.000113053
2.36138e-13	0.00011306
2.75494e-13	0.000113066
3.14851e-13	0.000113071
3.54207e-13	0.000113077
3.93563e-13	0.000113081
4.3292e-13	0.000113086
4.72276e-13	0.000113089
5.11632e-13	0.000113093
5.50989e-13	0.000113096
5.90345e-13	0.000113098
6.29702e-13	0.0001131
6.69058e-13	0.000113102
7.08414e-13	0.000113103
7.47771e-13	0.000113104
7.87127e-13	0.000113104
8.26483e-13	0.000113104
8.6584e-13	0.000113103
9.05196e-13	0.000113102
9.44552e-13	0.000113101
9.83909e-13	0.000113099
1.02326e-12	0.000113096
1.06262e-12	0.000113093
1.10198e-12	0.00011309
1.14133e-12	0.000113086
1.18069e-12	0.000113082
1.22005e-12	0.000113077
1.2594e-12	0.000113072
1.29876e-12	0.000113066
1.33812e-12	0.00011306
1.37747e-12	0.000113053
1.41683e-12	0.000113046
1.45618e-12	0.000113039
1.49554e-12	0.000113031
1.5349e-12	0.000113022
1.57425e-12	0.000113013
1.61361e-12	0.000113004
1.65297e-12	0.000112994
1.69232e-12	0.000112984
1.73168e-12	0.000112973
1.77104e-12	0.000112961
1.81039e-12	0.00011295
1.84975e-12	0.000112937
1.8891e-12	0.000112925
1.92846e-12	0.000112911
1.96782e-12	0.000112898
2.00717e-12	0.000112884
2.04653e-12	0.000112869
2.08589e-12	0.000112854
2.12524e-12	0.000112838
2.1646e-12	0.000112822
2.20396e-12	0.000112806
2.24331e-12	0.000112789
2.28267e-12	0.000112771
2.32202e-12	0.000112753
2.36138e-12	0.000112735
2.40074e-12	0.000112716
2.44009e-12	0.000112697
2.47945e-12	0.000112677
2.51881e-12	0.000112656
2.55816e-12	0.000112635
2.59752e-12	0.000112614
2.63688e-12	0.000112592
2.67623e-12	0.00011257
2.71559e-12	0.000112547
2.75494e-12	0.000112524
2.7943e-12	0.0001125
2.83366e-12	0.000112476
2.87301e-12	0.000112451
2.91237e-12	0.000112426
2.95173e-12	0.0001124
2.99108e-12	0.000112374
3.03044e-12	0.000112347
3.06979e-12	0.00011232
3.10915e-12	0.000112292
3.14851e-12	0.000112264
3.18786e-12	0.000112235
3.22722e-12	0.000112205
3.26658e-12	0.000112176
3.30593e-12	0.000112145
3.34529e-12	0.000112115
3.38465e-12	0.000112083
3.424e-12	0.000112052
3.46336e-12	0.000112019
3.50271e-12	0.000111987
3.54207e-12	0.000111953
3.58143e-12	0.00011192
3.62078e-12	0.000111885
3.66014e-12	0.000111851
3.6995e-12	0.000111815
3.73885e-12	0.000111779
3.77821e-12	0.000111743
3.81757e-12	0.000111706
3.85692e-12	0.000111669
3.89628e-12	0.000111631
3.93563e-12	0.000111593
3.97499e-12	0.000111554
4.01435e-12	0.000111515
4.0537e-12	0.000111475
4.09306e-12	0.000111434
4.13242e-12	0.000111393
4.17177e-12	0.000111352
4.21113e-12	0.00011131
4.25049e-12	0.000111267
4.28984e-12	0.000111224
4.3292e-12	0.000111181
4.36855e-12	0.000111137
4.40791e-12	0.000111092
4.44727e-12	0.000111047
4.48662e-12	0.000111002
4.52598e-12	0.000110956
4.56534e-12	0.000110909
4.60469e-12	0.000110862
4.64405e-12	0.000110814
4.6834e-12	0.000110766
4.72276e-12	0.000110717
4.76212e-12	0.000110668
4.80147e-12	0.000110618
4.84083e-12	0.000110568
4.88019e-12	0.000110517
4.91954e-12	0.000110465
4.9589e-12	0.000110414
4.99826e-12	0.000110361
5.03761e-12	0.000110308
5.07697e-12	0.000110255
5.11632e-12	0.000110201
5.15568e-12	0.000110146
5.19504e-12	0.000110091
5.23439e-12	0.000110035
5.27375e-12	0.000109979
5.31311e-12	0.000109922
5.35246e-12	0.000109865
5.39182e-12	0.000109807
5.43118e-12	0.000109749
5.47053e-12	0.00010969
5.50989e-12	0.000109631
5.54924e-12	0.000109571
5.5886e-12	0.00010951
5.62796e-12	0.000109449
5.66731e-12	0.000109388
5.70667e-12	0.000109325
5.74603e-12	0.000109263
5.78538e-12	0.0001092
5.82474e-12	0.000109136
5.8641e-12	0.000109072
5.90345e-12	0.000109007
5.94281e-12	0.000108941
5.98216e-12	0.000108875
6.02152e-12	0.000108809
6.06088e-12	0.000108742
6.10023e-12	0.000108674
6.13959e-12	0.000108606
6.17895e-12	0.000108537
6.2183e-12	0.000108468
6.25766e-12	0.000108398
6.29702e-12	0.000108328
6.33637e-12	0.000108257
6.37573e-12	0.000108186
6.41508e-12	0.000108114
6.45444e-12	0.000108041
6.4938e-12	0.000107968
6.53315e-12	0.000107894
6.57251e-12	0.00010782
6.61187e-12	0.000107745
6.65122e-12	0.00010767
6.69058e-12	0.000107594
6.72993e-12	0.000107517
6.76929e-12	0.00010744
6.80865e-12	0.000107363
6.848e-12	0.000107285
6.88736e-12	0.000107206
6.92672e-12	0.000107127
6.96607e-12	0.000107047
7.00543e-12	0.000106966
7.04479e-12	0.000106885
7.08414e-12	0.000106804
7.1235e-12	0.000106722
7.16285e-12	0.000106639
7.20221e-12	0.000106556
7.24157e-12	0.000106472
7.28092e-12	0.000106388
7.32028e-12	0.000106303
7.35964e-12	0.000106217
7.39899e-12	0.000106131
7.43835e-12	0.000106044
7.47771e-12	0.000105957
7.51706e-12	0.000105869
7.55642e-12	0.000105781
7.59577e-12	0.000105692
7.63513e-12	0.000105602
7.67449e-12	0.000105512
7.71384e-12	0.000105421
7.7532e-12	0.00010533
7.79256e-12	0.000105238
7.83191e-12	0.000105146
7.87127e-12	0.000105053
7.91063e-12	0.000104959
7.94998e-12	0.000104865
7.98934e-12	0.00010477
8.02869e-12	0.000104675
8.06805e-12	0.000104579
8.10741e-12	0.000104483
8.14676e-12	0.000104386
8.18612e-12	0.000104288
8.22548e-12	0.00010419
8.26483e-12	0.000104091
8.30419e-12	0.000103991
8.34355e-12	0.000103891
8.3829e-12	0.000103791
8.42226e-12	0.00010369
8.46161e-12	0.000103588
8.50097e-12	0.000103486
8.54033e-12	0.000103383
8.57968e-12	0.000103279
8.61904e-12	0.000103175
8.6584e-12	0.00010307
8.69775e-12	0.000102965
8.73711e-12	0.000102859
8.77646e-12	0.000102753
8.81582e-12	0.000102646
8.85518e-12	0.000102538
8.89453e-12	0.00010243
8.93389e-12	0.000102321
8.97325e-12	0.000102211
9.0126e-12	0.000102101
9.05196e-12	0.000101991
9.09132e-12	0.000101879
9.13067e-12	0.000101768
9.17003e-12	0.000101655
9.20938e-12	0.000101542
9.24874e-12	0.000101429
9.2881e-12	0.000101314
9.32745e-12	0.0001012
9.36681e-12	0.000101084
9.40617e-12	0.000100968
9.44552e-12	0.000100851
9.48488e-12	0.000100734
9.52424e-12	0.000100616
9.56359e-12	0.000100498
9.60295e-12	0.000100379
9.6423e-12	0.000100259
9.68166e-12	0.000100139
9.72102e-12	0.000100018
9.76037e-12	9.98967e-05
9.79973e-12	9.97746e-05
9.83909e-12	9.96519e-05
9.87844e-12	9.95286e-05
9.9178e-12	9.94047e-05
9.95716e-12	9.92802e-05
9.99651e-12	9.91551e-05
1.00359e-11	9.90294e-05
1.00752e-11	9.89031e-05
1.01146e-11	9.87761e-05
1.01539e-11	9.86486e-05
1.01933e-11	9.85204e-05
1.02326e-11	9.83916e-05
1.0272e-11	9.82623e-05
1.03114e-11	9.81323e-05
1.03507e-11	9.80016e-05
1.03901e-11	9.78704e-05
1.04294e-11	9.77386e-05
1.04688e-11	9.76061e-05
1.05081e-11	9.7473e-05
1.05475e-11	9.73393e-05
1.05869e-11	9.7205e-05
1.06262e-11	9.70701e-05
1.06656e-11	9.69345e-05
1.07049e-11	9.67984e-05
1.07443e-11	9.66616e-05
1.07836e-11	9.65242e-05
1.0823e-11	9.63862e-05
1.08624e-11	9.62475e-05
1.09017e-11	9.61083e-05
1.09411e-11	9.59684e-05
1.09804e-11	9.58279e-05
1.10198e-11	9.56867e-05
1.10591e-11	9.5545e-05
1.10985e-11	9.54026e-05
1.11378e-11	9.52596e-05
1.11772e-11	9.5116e-05
1.12166e-11	9.49717e-05
1.12559e-11	9.48269e-05
1.12953e-11	9.46814e-05
1.13346e-11	9.45353e-05
1.1374e-11	9.43885e-05
1.14133e-11	9.42411e-05
1.14527e-11	9.40931e-05
1.14921e-11	9.39445e-05
1.15314e-11	9.37952e-05
1.15708e-11	9.36453e-05
1.16101e-11	9.34948e-05
1.16495e-11	9.33436e-05
1.16888e-11	9.31919e-05
1.17282e-11	9.30395e-05
1.17675e-11	9.28864e-05
1.18069e-11	9.27327e-05
1.18463e-11	9.25784e-05
1.18856e-11	9.24235e-05
1.1925e-11	9.22679e-05
1.19643e-11	9.21117e-05
1.20037e-11	9.19549e-05
1.2043e-11	9.17974e-05
1.20824e-11	9.16393e-05
1.21218e-11	9.14805e-05
1.21611e-11	9.13212e-05
1.22005e-11	9.11611e-05
1.22398e-11	9.10005e-05
1.22792e-11	9.08392e-05
1.23185e-11	9.06773e-05
1.23579e-11	9.05147e-05
1.23972e-11	9.03515e-05
1.24366e-11	9.01877e-05
1.2476e-11	9.00232e-05
1.25153e-11	8.98581e-05
1.25547e-11	8.96923e-05
1.2594e-11	8.95259e-05
1.26334e-11	8.93589e-05
1.26727e-11	8.91912e-05
1.27121e-11	8.90229e-05
1.27515e-11	8.88539e-05
1.27908e-11	8.86843e-05
1.28302e-11	8.8514e-05
1.28695e-11	8.83431e-05
1.29089e-11	8.81716e-05
1.29482e-11	8.79994e-05
1.29876e-11	8.78266e-05
1.30269e-11	8.76531e-05
1.30663e-11	8.7479e-05
1.31057e-11	8.73043e-05
1.3145e-11	8.71289e-05
1.31844e-11	8.69528e-05
1.32237e-11	8.67761e-05
1.32631e-11	8.65988e-05
1.33024e-11	8.64208e-05
1.33418e-11	8.62421e-05
1.33812e-11	8.60628e-05
1.34205e-11	8.58829e-05
1.34599e-11	8.57023e-05
1.34992e-11	8.55211e-05
1.35386e-11	8.53392e-05
1.35779e-11	8.51567e-05
1.36173e-11	8.49735e-05
1.36567e-11	8.47897e-05
1.3696e-11	8.46052e-05
1.37354e-11	8.442e-05
1.37747e-11	8.42343e-05
1.38141e-11	8.40478e-05
1.38534e-11	8.38607e-05
1.38928e-11	8.3673e-05
1.39321e-11	8.34846e-05
1.39715e-11	8.32955e-05
1.40109e-11	8.31058e-05
1.40502e-11	8.29155e-05
1.40896e-11	8.27245e-05
1.41289e-11	8.25328e-05
1.41683e-11	8.23405e-05
1.42076e-11	8.21475e-05
1.4247e-11	8.19539e-05
1.42864e-11	8.17596e-05
1.43257e-11	8.15646e-05
1.43651e-11	8.1369e-05
1.44044e-11	8.11728e-05
1.44438e-11	8.09758e-05
1.44831e-11	8.07783e-05
1.45225e-11	8.058e-05
1.45618e-11	8.03811e-05
1.46012e-11	8.01816e-05
1.46406e-11	7.99814e-05
1.46799e-11	7.97805e-05
1.47193e-11	7.9579e-05
1.47586e-11	7.93768e-05
1.4798e-11	7.9174e-05
1.48373e-11	7.89704e-05
1.48767e-11	7.87663e-05
1.49161e-11	7.85615e-05
1.49554e-11	7.8356e-05
1.49948e-11	7.81498e-05
1.50341e-11	7.7943e-05
1.50735e-11	7.77355e-05
1.51128e-11	7.75274e-05
1.51522e-11	7.73186e-05
1.51915e-11	7.71091e-05
1.52309e-11	7.6899e-05
1.52703e-11	7.66882e-05
1.53096e-11	7.64768e-05
1.5349e-11	7.62647e-05
1.53883e-11	7.60519e-05
1.54277e-11	7.58384e-05
1.5467e-11	7.56243e-05
1.55064e-11	7.54095e-05
1.55458e-11	7.51941e-05
1.55851e-11	7.4978e-05
1.56245e-11	7.47612e-05
1.56638e-11	7.45438e-05
1.57032e-11	7.43257e-05
1.57425e-11	7.41069e-05
1.57819e-11	7.38875e-05
1.58213e-11	7.36674e-05
1.58606e-11	7.34466e-05
1.59e-11	7.32252e-05
1.59393e-11	7.30031e-05
1.59787e-11	7.27803e-05
1.6018e-11	7.25569e-05
1.60574e-11	7.23328e-05
1.60967e-11	7.2108e-05
1.61361e-11	7.18825e-05
1.61755e-11	7.16564e-05
1.62148e-11	7.14296e-05
1.62542e-11	7.12022e-05
1.62935e-11	7.09741e-05
1.63329e-11	7.07453e-05
1.63722e-11	7.05158e-05
1.64116e-11	7.02857e-05
1.6451e-11	7.00549e-05
1.64903e-11	6.98234e-05
1.65297e-11	6.95913e-05
1.6569e-11	6.93584e-05
1.66084e-11	6.9125e-05
1.66477e-11	6.88908e-05
1.66871e-11	6.8656e-05
1.67264e-11	6.84205e-05
1.67658e-11	6.81843e-05
1.68052e-11	6.79475e-05
1.68445e-11	6.77099e-05
1.68839e-11	6.74718e-05
1.69232e-11	6.72329e-05
1.69626e-11	6.69934e-05
1.70019e-11	6.67531e-05
1.70413e-11	6.65123e-05
1.70807e-11	6.62707e-05
1.712e-11	6.60285e-05
1.71594e-11	6.57856e-05
1.71987e-11	6.5542e-05
1.72381e-11	6.52978e-05
1.72774e-11	6.50529e-05
1.73168e-11	6.48073e-05
1.73561e-11	6.4561e-05
1.73955e-11	6.4314e-05
1.74349e-11	6.40664e-05
1.74742e-11	6.38181e-05
1.75136e-11	6.35692e-05
1.75529e-11	6.33195e-05
1.75923e-11	6.30692e-05
1.76316e-11	6.28182e-05
1.7671e-11	6.25665e-05
1.77104e-11	6.23142e-05
1.77497e-11	6.20612e-05
1.77891e-11	6.18075e-05
1.78284e-11	6.15531e-05
1.78678e-11	6.12981e-05
1.79071e-11	6.10424e-05
1.79465e-11	6.0786e-05
1.79858e-11	6.05289e-05
1.80252e-11	6.02711e-05
1.80646e-11	6.00127e-05
1.81039e-11	5.97536e-05
1.81433e-11	5.94938e-05
1.81826e-11	5.92334e-05
1.8222e-11	5.89722e-05
1.82613e-11	5.87104e-05
1.83007e-11	5.84479e-05
1.83401e-11	5.81848e-05
1.83794e-11	5.79209e-05
1.84188e-11	5.76564e-05
1.84581e-11	5.73912e-05
1.84975e-11	5.71254e-05
1.85368e-11	5.68588e-05
1.85762e-11	5.65916e-05
1.86156e-11	5.63237e-05
1.86549e-11	5.60551e-05
1.86943e-11	5.57859e-05
1.87336e-11	5.55159e-05
1.8773e-11	5.52453e-05
1.88123e-11	5.4974e-05
1.88517e-11	5.4702e-05
1.8891e-11	5.44294e-05
1.89304e-11	5.41561e-05
1.89698e-11	5.38821e-05
1.90091e-11	5.36074e-05
1.90485e-11	5.3332e-05
1.90878e-11	5.3056e-05
1.91272e-11	5.27793e-05
1.91665e-11	5.25019e-05
1.92059e-11	5.22238e-05
1.92453e-11	5.19451e-05
1.92846e-11	5.16657e-05
1.9324e-11	5.13856e-05
1.93633e-11	5.11048e-05
1.94027e-11	5.08233e-05
1.9442e-11	5.05412e-05
1.94814e-11	5.02584e-05
1.95207e-11	4.99749e-05
1.95601e-11	4.96907e-05
1.95995e-11	4.94059e-05
1.96388e-11	4.91203e-05
1.96782e-11	4.88341e-05
1.97175e-11	4.85472e-05
1.97569e-11	4.82597e-05
1.97962e-11	4.79714e-05
1.98356e-11	4.76825e-05
1.9875e-11	4.73929e-05
1.99143e-11	4.71027e-05
1.99537e-11	4.68117e-05
1.9993e-11	4.65201e-05
2.00324e-11	4.62278e-05
2.00717e-11	4.59348e-05
2.01111e-11	4.56411e-05
2.01504e-11	4.53468e-05
2.01898e-11	4.50518e-05
2.02292e-11	4.47561e-05
2.02685e-11	4.44597e-05
2.03079e-11	4.41627e-05
2.03472e-11	4.3865e-05
2.03866e-11	4.35666e-05
2.04259e-11	4.32675e-05
2.04653e-11	4.29677e-05
2.05047e-11	4.26673e-05
2.0544e-11	4.23662e-05
2.05834e-11	4.20644e-05
2.06227e-11	4.17619e-05
2.06621e-11	4.14588e-05
2.07014e-11	4.1155e-05
2.07408e-11	4.08505e-05
2.07801e-11	4.05453e-05
2.08195e-11	4.02395e-05
2.08589e-11	3.9933e-05
2.08982e-11	3.96258e-05
2.09376e-11	3.93179e-05
2.09769e-11	3.90093e-05
2.10163e-11	3.87001e-05
2.10556e-11	3.83902e-05
2.1095e-11	3.80796e-05
2.11344e-11	3.77684e-05
2.11737e-11	3.74565e-05
2.12131e-11	3.71439e-05
2.12524e-11	3.68306e-05
2.12918e-11	3.65166e-05
2.13311e-11	3.6202e-05
2.13705e-11	3.58867e-05
2.14099e-11	3.55707e-05
2.14492e-11	3.52541e-05
2.14886e-11	3.49368e-05
2.15279e-11	3.46188e-05
2.15673e-11	3.43001e-05
2.16066e-11	3.39807e-05
2.1646e-11	3.36607e-05
2.16853e-11	3.334e-05
2.17247e-11	3.30187e-05
2.17641e-11	3.26966e-05
2.18034e-11	3.23739e-05
2.18428e-11	3.20505e-05
2.18821e-11	3.17265e-05
2.19215e-11	3.14017e-05
2.19608e-11	3.10763e-05
2.20002e-11	3.07503e-05
2.20396e-11	3.04235e-05
2.20789e-11	3.00961e-05
2.21183e-11	2.9768e-05
2.21576e-11	2.94393e-05
2.2197e-11	2.91098e-05
2.22363e-11	2.87797e-05
2.22757e-11	2.8449e-05
2.2315e-11	2.81175e-05
2.23544e-11	2.77854e-05
2.23938e-11	2.74526e-05
2.24331e-11	2.71192e-05
2.24725e-11	2.67851e-05
2.25118e-11	2.64503e-05
2.25512e-11	2.61148e-05
2.25905e-11	2.57787e-05
2.26299e-11	2.54419e-05
2.26693e-11	2.51044e-05
2.27086e-11	2.47663e-05
2.2748e-11	2.44275e-05
2.27873e-11	2.4088e-05
2.28267e-11	2.37479e-05
2.2866e-11	2.34071e-05
2.29054e-11	2.30656e-05
2.29447e-11	2.27235e-05
2.29841e-11	2.23807e-05
2.30235e-11	2.20372e-05
2.30628e-11	2.16931e-05
2.31022e-11	2.13483e-05
2.31415e-11	2.10028e-05
2.31809e-11	2.06567e-05
2.32202e-11	2.03099e-05
2.32596e-11	1.99625e-05
2.3299e-11	1.96143e-05
2.33383e-11	1.92655e-05
2.33777e-11	1.89161e-05
2.3417e-11	1.8566e-05
2.34564e-11	1.82152e-05
2.34957e-11	1.78638e-05
2.35351e-11	1.75117e-05
2.35745e-11	1.71589e-05
2.36138e-11	1.68055e-05
2.36532e-11	1.64514e-05
2.36925e-11	1.60967e-05
2.37319e-11	1.57413e-05
2.37712e-11	1.53852e-05
2.38106e-11	1.50285e-05
2.38499e-11	1.46711e-05
2.38893e-11	1.4313e-05
2.39287e-11	1.39543e-05
2.3968e-11	1.3595e-05
2.40074e-11	1.3235e-05
2.40467e-11	1.28743e-05
2.40861e-11	1.25129e-05
2.41254e-11	1.2151e-05
2.41648e-11	1.17883e-05
2.42042e-11	1.1425e-05
2.42435e-11	1.1061e-05
2.42829e-11	1.06964e-05
2.43222e-11	1.03311e-05
2.43616e-11	9.96522e-06
2.44009e-11	9.59863e-06
2.44403e-11	9.2314e-06
2.44796e-11	8.86351e-06
2.4519e-11	8.49496e-06
2.45584e-11	8.12576e-06
2.45977e-11	7.75592e-06
2.46371e-11	7.38541e-06
2.46764e-11	7.01426e-06
2.47158e-11	6.64245e-06
2.47551e-11	6.27e-06
2.47945e-11	5.89689e-06
2.48339e-11	5.52313e-06
2.48732e-11	5.14873e-06
2.49126e-11	4.77367e-06
2.49519e-11	4.39797e-06
2.49913e-11	4.02161e-06
2.50306e-11	3.64461e-06
2.507e-11	3.26696e-06
2.51093e-11	2.88867e-06
2.51487e-11	2.50972e-06
2.51881e-11	2.13013e-06
2.52274e-11	1.7499e-06
2.52668e-11	1.36902e-06
2.53061e-11	9.87494e-07
2.53455e-11	6.05324e-07
2.53848e-11	2.2251e-07
2.54242e-11	-1.60947e-07
2.54636e-11	-5.45047e-07
2.55029e-11	-9.2979e-07
2.55423e-11	-1.31518e-06
2.55816e-11	-1.7012e-06
2.5621e-11	-2.08787e-06
2.56603e-11	-2.47518e-06
2.56997e-11	-2.86313e-06
2.5739e-11	-3.25171e-06
2.57784e-11	-3.64094e-06
2.58178e-11	-4.03081e-06
2.58571e-11	-4.42131e-06
2.58965e-11	-4.81245e-06
2.59358e-11	-5.20423e-06
2.59752e-11	-5.59665e-06
2.60145e-11	-5.9897e-06
2.60539e-11	-6.38339e-06
2.60933e-11	-6.77771e-06
2.61326e-11	-7.17266e-06
2.6172e-11	-7.56826e-06
2.62113e-11	-7.96448e-06
2.62507e-11	-8.36134e-06
2.629e-11	-8.75883e-06
2.63294e-11	-9.15695e-06
2.63688e-11	-9.5557e-06
2.64081e-11	-9.95508e-06
2.64475e-11	-1.03551e-05
2.64868e-11	-1.07557e-05
2.65262e-11	-1.1157e-05
2.65655e-11	-1.15589e-05
2.66049e-11	-1.19614e-05
2.66442e-11	-1.23646e-05
2.66836e-11	-1.27684e-05
2.6723e-11	-1.31728e-05
2.67623e-11	-1.35778e-05
2.68017e-11	-1.39835e-05
2.6841e-11	-1.43898e-05
2.68804e-11	-1.47967e-05
2.69197e-11	-1.52042e-05
2.69591e-11	-1.56124e-05
2.69985e-11	-1.60211e-05
2.70378e-11	-1.64305e-05
2.70772e-11	-1.68405e-05
2.71165e-11	-1.72512e-05
2.71559e-11	-1.76624e-05
2.71952e-11	-1.80743e-05
2.72346e-11	-1.84868e-05
2.72739e-11	-1.88999e-05
2.73133e-11	-1.93136e-05
2.73527e-11	-1.9728e-05
2.7392e-11	-2.0143e-05
2.74314e-11	-2.05585e-05
2.74707e-11	-2.09747e-05
2.75101e-11	-2.13915e-05
2.75494e-11	-2.18089e-05
2.75888e-11	-2.2227e-05
2.76282e-11	-2.26456e-05
2.76675e-11	-2.30649e-05
2.77069e-11	-2.34847e-05
2.77462e-11	-2.39052e-05
2.77856e-11	-2.43263e-05
2.78249e-11	-2.4748e-05
2.78643e-11	-2.51703e-05
2.79036e-11	-2.55932e-05
2.7943e-11	-2.60167e-05
2.79824e-11	-2.64408e-05
2.80217e-11	-2.68655e-05
2.80611e-11	-2.72909e-05
2.81004e-11	-2.77168e-05
2.81398e-11	-2.81433e-05
2.81791e-11	-2.85705e-05
2.82185e-11	-2.89982e-05
2.82579e-11	-2.94265e-05
2.82972e-11	-2.98555e-05
2.83366e-11	-3.0285e-05
2.83759e-11	-3.07151e-05
2.84153e-11	-3.11459e-05
2.84546e-11	-3.15772e-05
2.8494e-11	-3.20091e-05
2.85333e-11	-3.24416e-05
2.85727e-11	-3.28748e-05
2.86121e-11	-3.33085e-05
2.86514e-11	-3.37428e-05
2.86908e-11	-3.41777e-05
2.87301e-11	-3.46132e-05
2.87695e-11	-3.50492e-05
2.88088e-11	-3.54859e-05
2.88482e-11	-3.59232e-05
2.88876e-11	-3.6361e-05
2.89269e-11	-3.67995e-05
2.89663e-11	-3.72385e-05
2.90056e-11	-3.76781e-05
2.9045e-11	-3.81183e-05
2.90843e-11	-3.85591e-05
2.91237e-11	-3.90004e-05
2.91631e-11	-3.94424e-05
2.92024e-11	-3.98849e-05
2.92418e-11	-4.0328e-05
2.92811e-11	-4.07717e-05
2.93205e-11	-4.1216e-05
2.93598e-11	-4.16608e-05
2.93992e-11	-4.21063e-05
2.94385e-11	-4.25523e-05
2.94779e-11	-4.29988e-05
2.95173e-11	-4.3446e-05
2.95566e-11	-4.38937e-05
2.9596e-11	-4.4342e-05
2.96353e-11	-4.47909e-05
2.96747e-11	-4.52404e-05
2.9714e-11	-4.56904e-05
2.97534e-11	-4.6141e-05
2.97928e-11	-4.65922e-05
2.98321e-11	-4.70439e-05
2.98715e-11	-4.74962e-05
2.99108e-11	-4.79491e-05
2.99502e-11	-4.84025e-05
2.99895e-11	-4.88565e-05
3.00289e-11	-4.93111e-05
3.00682e-11	-4.97662e-05
3.01076e-11	-5.02219e-05
3.0147e-11	-5.06781e-05
3.01863e-11	-5.11349e-05
3.02257e-11	-5.15923e-05
3.0265e-11	-5.20503e-05
3.03044e-11	-5.25087e-05
3.03437e-11	-5.29678e-05
3.03831e-11	-5.34274e-05
3.04225e-11	-5.38876e-05
3.04618e-11	-5.43483e-05
3.05012e-11	-5.48095e-05
3.05405e-11	-5.52714e-05
3.05799e-11	-5.57337e-05
3.06192e-11	-5.61967e-05
3.06586e-11	-5.66601e-05
3.06979e-11	-5.71242e-05
3.07373e-11	-5.75887e-05
3.07767e-11	-5.80539e-05
3.0816e-11	-5.85195e-05
3.08554e-11	-5.89857e-05
3.08947e-11	-5.94525e-05
3.09341e-11	-5.99198e-05
3.09734e-11	-6.03876e-05
3.10128e-11	-6.0856e-05
3.10522e-11	-6.13249e-05
3.10915e-11	-6.17944e-05
3.11309e-11	-6.22644e-05
3.11702e-11	-6.27349e-05
3.12096e-11	-6.3206e-05
3.12489e-11	-6.36776e-05
3.12883e-11	-6.41497e-05
3.13277e-11	-6.46224e-05
3.1367e-11	-6.50956e-05
3.14064e-11	-6.55693e-05
3.14457e-11	-6.60436e-05
3.14851e-11	-6.65184e-05
3.15244e-11	-6.69937e-05
3.15638e-11	-6.74696e-05
3.16031e-11	-6.79459e-05
3.16425e-11	-6.84228e-05
3.16819e-11	-6.89003e-05
3.17212e-11	-6.93782e-05
3.17606e-11	-6.98567e-05
3.17999e-11	-7.03357e-05
3.18393e-11	-7.08152e-05
3.18786e-11	-7.12952e-05
3.1918e-11	-7.17758e-05
3.19574e-11	-7.22568e-05
3.19967e-11	-7.27384e-05
3.20361e-11	-7.32205e-05
3.20754e-11	-7.37031e-05
3.21148e-11	-7.41862e-05
3.21541e-11	-7.46698e-05
3.21935e-11	-7.5154e-05
3.22328e-11	-7.56386e-05
3.22722e-11	-7.61238e-05
3.23116e-11	-7.66094e-05
3.23509e-11	-7.70956e-05
3.23903e-11	-7.75823e-05
3.24296e-11	-7.80694e-05
3.2469e-11	-7.85571e-05
3.25083e-11	-7.90453e-05
3.25477e-11	-7.9534e-05
3.25871e-11	-8.00232e-05
3.26264e-11	-8.05128e-05
3.26658e-11	-8.1003e-05
3.27051e-11	-8.14937e-05
3.27445e-11	-8.19848e-05
3.27838e-11	-8.24765e-05
3.28232e-11	-8.29686e-05
3.28625e-11	-8.34613e-05
3.29019e-11	-8.39544e-05
3.29413e-11	-8.4448e-05
3.29806e-11	-8.49421e-05
3.302e-11	-8.54367e-05
3.30593e-11	-8.59318e-05
3.30987e-11	-8.64273e-05
3.3138e-11	-8.69234e-05
3.31774e-11	-8.74199e-05
3.32168e-11	-8.79169e-05
3.32561e-11	-8.84144e-05
3.32955e-11	-8.89123e-05
3.33348e-11	-8.94108e-05
3.33742e-11	-8.99097e-05
3.34135e-11	-9.0409e-05
3.34529e-11	-9.09089e-05
3.34922e-11	-9.14092e-05
3.35316e-11	-9.191e-05
3.3571e-11	-9.24113e-05
3.36103e-11	-9.2913e-05
3.36497e-11	-9.34152e-05
3.3689e-11	-9.39179e-05
3.37284e-11	-9.4421e-05
3.37677e-11	-9.49246e-05
3.38071e-11	-9.54287e-05
3.38465e-11	-9.59332e-05
3.38858e-11	-9.64382e-05
3.39252e-11	-9.69436e-05
3.39645e-11	-9.74495e-05
3.40039e-11	-9.79558e-05
3.40432e-11	-9.84626e-05
3.40826e-11	-9.89699e-05
3.4122e-11	-9.94776e-05
3.41613e-11	-9.99858e-05
3.42007e-11	-0.000100494
3.424e-11	-0.000101003
3.42794e-11	-0.000101513
3.43187e-11	-0.000102023
3.43581e-11	-0.000102533
3.43974e-11	-0.000103044
3.44368e-11	-0.000103555
3.44762e-11	-0.000104067
3.45155e-11	-0.000104579
3.45549e-11	-0.000105092
3.45942e-11	-0.000105605
3.46336e-11	-0.000106118
3.46729e-11	-0.000106632
3.47123e-11	-0.000107146
3.47517e-11	-0.000107661
3.4791e-11	-0.000108176
3.48304e-11	-0.000108692
3.48697e-11	-0.000109208
3.49091e-11	-0.000109724
3.49484e-11	-0.000110241
3.49878e-11	-0.000110759
3.50271e-11	-0.000111276
3.50665e-11	-0.000111795
3.51059e-11	-0.000112313
3.51452e-11	-0.000112832
3.51846e-11	-0.000113351
3.52239e-11	-0.000113871
3.52633e-11	-0.000114392
3.53026e-11	-0.000114912
3.5342e-11	-0.000115433
3.53814e-11	-0.000115955
3.54207e-11	-0.000116477
3.54601e-11	-0.000116999
3.54994e-11	-0.000117521
3.55388e-11	-0.000118045
3.55781e-11	-0.000118568
3.56175e-11	-0.000119092
3.56568e-11	-0.000119616
3.56962e-11	-0.000120141
3.57356e-11	-0.000120666
3.57749e-11	-0.000121191
3.58143e-11	-0.000121717
3.58536e-11	-0.000122243
3.5893e-11	-0.00012277
3.59323e-11	-0.000123297
3.59717e-11	-0.000123824
3.60111e-11	-0.000124352
3.60504e-11	-0.00012488
3.60898e-11	-0.000125409
3.61291e-11	-0.000125938
3.61685e-11	-0.000126467
3.62078e-11	-0.000126997
3.62472e-11	-0.000127527
3.62865e-11	-0.000128057
3.63259e-11	-0.000128588
3.63653e-11	-0.000129119
3.64046e-11	-0.000129651
3.6444e-11	-0.000130183
3.64833e-11	-0.000130715
3.65227e-11	-0.000131248
3.6562e-11	-0.000131781
3.66014e-11	-0.000132314
3.66408e-11	-0.000132848
3.66801e-11	-0.000133382
3.67195e-11	-0.000133917
3.67588e-11	-0.000134451
3.67982e-11	-0.000134987
3.68375e-11	-0.000135522
3.68769e-11	-0.000136058
3.69163e-11	-0.000136594
3.69556e-11	-0.000137131
3.6995e-11	-0.000137668
3.70343e-11	-0.000138205
3.70737e-11	-0.000138743
3.7113e-11	-0.000139281
3.71524e-11	-0.000139819
3.71917e-11	-0.000140358
3.72311e-11	-0.000140897
3.72705e-11	-0.000141436
3.73098e-11	-0.000141975
3.73492e-11	-0.000142515
3.73885e-11	-0.000143056
3.74279e-11	-0.000143596
3.74672e-11	-0.000144137
3.75066e-11	-0.000144679
3.7546e-11	-0.00014522
3.75853e-11	-0.000145762
3.76247e-11	-0.000146305
3.7664e-11	-0.000146847
3.77034e-11	-0.00014739
3.77427e-11	-0.000147933
3.77821e-11	-0.000148477
3.78214e-11	-0.000149021
3.78608e-11	-0.000149565
3.79002e-11	-0.000150109
3.79395e-11	-0.000150654
3.79789e-11	-0.000151199
3.80182e-11	-0.000151744
3.80576e-11	-0.00015229
3.80969e-11	-0.000152836
3.81363e-11	-0.000153382
3.81757e-11	-0.000153929
3.8215e-11	-0.000154476
3.82544e-11	-0.000155023
3.82937e-11	-0.000155571
3.83331e-11	-0.000156118
3.83724e-11	-0.000156666
3.84118e-11	-0.000157215
3.84511e-11	-0.000157763
3.84905e-11	-0.000158312
3.85299e-11	-0.000158861
3.85692e-11	-0.000159411
3.86086e-11	-0.000159961
3.86479e-11	-0.000160511
3.86873e-11	-0.000161061
3.87266e-11	-0.000161612
3.8766e-11	-0.000162162
3.88054e-11	-0.000162714
3.88447e-11	-0.000163265
3.88841e-11	-0.000163817
3.89234e-11	-0.000164369
3.89628e-11	-0.000164921
3.90021e-11	-0.000165473
3.90415e-11	-0.000166026
3.90808e-11	-0.000166579
3.91202e-11	-0.000167132
3.91596e-11	-0.000167686
3.91989e-11	-0.000168239
3.92383e-11	-0.000168793
3.92776e-11	-0.000169347
3.9317e-11	-0.000169902
3.93563e-11	-0.000170457
3.93957e-11	-0.000171012
3.94351e-11	-0.000171567
3.94744e-11	-0.000172122
3.95138e-11	-0.000172678
3.95531e-11	-0.000173234
3.95925e-11	-0.00017379
3.96318e-11	-0.000174346
3.96712e-11	-0.000174903
3.97106e-11	-0.00017546
3.97499e-11	-0.000176017
3.97893e-11	-0.000176574
3.98286e-11	-0.000177132
3.9868e-11	-0.00017769
3.99073e-11	-0.000178248
3.99467e-11	-0.000178806
3.9986e-11	-0.000179364
4.00254e-11	-0.000179923
4.00648e-11	-0.000180482
4.01041e-11	-0.000181041
4.01435e-11	-0.0001816
4.01828e-11	-0.000182159
4.02222e-11	-0.000182719
4.02615e-11	-0.000183279
4.03009e-11	-0.000183839
4.03403e-11	-0.000184399
4.03796e-11	-0.00018496
4.0419e-11	-0.00018552
4.04583e-11	-0.000186081
4.04977e-11	-0.000186642
4.0537e-11	-0.000187203
4.05764e-11	-0.000187765
4.06157e-11	-0.000188326
4.06551e-11	-0.000188888
4.06945e-11	-0.00018945
4.07338e-11	-0.000190012
4.07732e-11	-0.000190575
4.08125e-11	-0.000191137
4.08519e-11	-0.0001917
4.08912e-11	-0.000192263
4.09306e-11	-0.000192826
4.097e-11	-0.000193389
4.10093e-11	-0.000193952
4.10487e-11	-0.000194516
4.1088e-11	-0.000195079
4.11274e-11	-0.000195643
4.11667e-11	-0.000196207
4.12061e-11	-0.000196771
4.12454e-11	-0.000197335
4.12848e-11	-0.0001979
4.13242e-11	-0.000198465
4.13635e-11	-0.000199029
4.14029e-11	-0.000199594
4.14422e-11	-0.000200159
4.14816e-11	-0.000200724
4.15209e-11	-0.00020129
4.15603e-11	-0.000201855
4.15997e-11	-0.000202421
4.1639e-11	-0.000202986
4.16784e-11	-0.000203552
4.17177e-11	-0.000204118
4.17571e-11	-0.000204684
4.17964e-11	-0.000205251
4.18358e-11	-0.000205817
4.18752e-11	-0.000206383
4.19145e-11	-0.00020695
4.19539e-11	-0.000207517
4.19932e-11	-0.000208084
4.20326e-11	-0.000208651
4.20719e-11	-0.000209218
4.21113e-11	-0.000209785
4.21506e-11	-0.000210352
4.219e-11	-0.000210919
4.22294e-11	-0.000211487
4.22687e-11	-0.000212055
4.23081e-11	-0.000212622
4.23474e-11	-0.00021319
4.23868e-11	-0.000213758
4.24261e-11	-0.000214326
4.24655e-11	-0.000214894
4.25049e-11	-0.000215462
4.25442e-11	-0.00021603
4.25836e-11	-0.000216599
4.26229e-11	-0.000217167
4.26623e-11	-0.000217735
4.27016e-11	-0.000218304
4.2741e-11	-0.000218873
4.27803e-11	-0.000219441
4.28197e-11	-0.00022001
4.28591e-11	-0.000220579
4.28984e-11	-0.000221148
4.29378e-11	-0.000221717
4.29771e-11	-0.000222286
4.30165e-11	-0.000222855
4.30558e-11	-0.000223424
4.30952e-11	-0.000223993
4.31346e-11	-0.000224563
4.31739e-11	-0.000225132
4.32133e-11	-0.000225701
4.32526e-11	-0.000226271
4.3292e-11	-0.00022684
4.33313e-11	-0.00022741
4.33707e-11	-0.000227979
4.341e-11	-0.000228549
4.34494e-11	-0.000229118
4.34888e-11	-0.000229688
4.35281e-11	-0.000230258
4.35675e-11	-0.000230827
4.36068e-11	-0.000231397
4.36462e-11	-0.000231967
4.36855e-11	-0.000232537
4.37249e-11	-0.000233106
4.37643e-11	-0.000233676
4.38036e-11	-0.000234246
4.3843e-11	-0.000234816
4.38823e-11	-0.000235386
4.39217e-11	-0.000235956
4.3961e-11	-0.000236525
4.40004e-11	-0.000237095
4.40397e-11	-0.000237665
4.40791e-11	-0.000238235
4.41185e-11	-0.000238805
4.41578e-11	-0.000239375
4.41972e-11	-0.000239945
4.42365e-11	-0.000240515
4.42759e-11	-0.000241084
4.43152e-11	-0.000241654
4.43546e-11	-0.000242224
4.4394e-11	-0.000242794
4.44333e-11	-0.000243364
4.44727e-11	-0.000243933
4.4512e-11	-0.000244503
4.45514e-11	-0.000245073
4.45907e-11	-0.000245643
4.46301e-11	-0.000246212
4.46695e-11	-0.000246782
4.47088e-11	-0.000247351
4.47482e-11	-0.000247921
4.47875e-11	-0.00024849
4.48269e-11	-0.00024906
4.48662e-11	-0.000249629
4.49056e-11	-0.000250199
4.49449e-11	-0.000250768
4.49843e-11	-0.000251337
4.50237e-11	-0.000251906
4.5063e-11	-0.000252476
4.51024e-11	-0.000253045
4.51417e-11	-0.000253614
4.51811e-11	-0.000254183
4.52204e-11	-0.000254752
4.52598e-11	-0.00025532
4.52992e-11	-0.000255889
4.53385e-11	-0.000256458
4.53779e-11	-0.000257026
4.54172e-11	-0.000257595
4.54566e-11	-0.000258163
4.54959e-11	-0.000258732
4.55353e-11	-0.0002593
4.55746e-11	-0.000259868
4.5614e-11	-0.000260436
4.56534e-11	-0.000261004
4.56927e-11	-0.000261572
4.57321e-11	-0.00026214
4.57714e-11	-0.000262708
4.58108e-11	-0.000263275
4.58501e-11	-0.000263843
4.58895e-11	-0.00026441
4.59289e-11	-0.000264977
4.59682e-11	-0.000265544
4.60076e-11	-0.000266112
4.60469e-11	-0.000266678
4.60863e-11	-0.000267245
4.61256e-11	-0.000267812
4.6165e-11	-0.000268378
4.62043e-11	-0.000268945
4.62437e-11	-0.000269511
4.62831e-11	-0.000270077
4.63224e-11	-0.000270643
4.63618e-11	-0.000271209
4.64011e-11	-0.000271775
4.64405e-11	-0.000272341
4.64798e-11	-0.000272906
4.65192e-11	-0.000273471
4.65586e-11	-0.000274037
4.65979e-11	-0.000274602
4.66373e-11	-0.000275167
4.66766e-11	-0.000275731
4.6716e-11	-0.000276296
4.67553e-11	-0.00027686
4.67947e-11	-0.000277424
4.6834e-11	-0.000277988
4.68734e-11	-0.000278552
4.69128e-11	-0.000279116
4.69521e-11	-0.00027968
4.69915e-11	-0.000280243
4.70308e-11	-0.000280806
4.70702e-11	-0.000281369
4.71095e-11	-0.000281932
4.71489e-11	-0.000282495
4.71883e-11	-0.000283057
4.72276e-11	-0.000283619
4.7267e-11	-0.000284181
4.73063e-11	-0.000284743
4.73457e-11	-0.000285305
4.7385e-11	-0.000285866
4.74244e-11	-0.000286427
4.74638e-11	-0.000286988
4.75031e-11	-0.000287549
4.75425e-11	-0.00028811
4.75818e-11	-0.00028867
4.76212e-11	-0.00028923
4.76605e-11	-0.00028979
4.76999e-11	-0.00029035
4.77392e-11	-0.00029091
4.77786e-11	-0.000291469
4.7818e-11	-0.000292028
4.78573e-11	-0.000292587
4.78967e-11	-0.000293145
4.7936e-11	-0.000293704
4.79754e-11	-0.000294262
4.80147e-11	-0.00029482
4.80541e-11	-0.000295377
4.80935e-11	-0.000295935
4.81328e-11	-0.000296492
4.81722e-11	-0.000297049
4.82115e-11	-0.000297605
4.82509e-11	-0.000298161
4.82902e-11	-0.000298718
4.83296e-11	-0.000299273
4.83689e-11	-0.000299829
4.84083e-11	-0.000300384
4.84477e-11	-0.000300939
4.8487e-11	-0.000301494
4.85264e-11	-0.000302048
4.85657e-11	-0.000302602
4.86051e-11	-0.000303156
4.86444e-11	-0.00030371
4.86838e-11	-0.000304263
4.87232e-11	-0.000304816
4.87625e-11	-0.000305369
4.88019e-11	-0.000305921
4.88412e-11	-0.000306473
4.88806e-11	-0.000307025
4.89199e-11	-0.000307577
4.89593e-11	-0.000308128
4.89986e-11	-0.000308679
4.9038e-11	-0.000309229
4.90774e-11	-0.00030978
4.91167e-11	-0.00031033
4.91561e-11	-0.000310879
4.91954e-11	-0.000311429
4.92348e-11	-0.000311978
4.92741e-11	-0.000312526
4.93135e-11	-0.000313074
4.93529e-11	-0.000313622
4.93922e-11	-0.00031417
4.94316e-11	-0.000314717
4.94709e-11	-0.000315264
4.95103e-11	-0.000315811
4.95496e-11	-0.000316357
4.9589e-11	-0.000316903
4.96284e-11	-0.000317449
4.96677e-11	-0.000317994
4.97071e-11	-0.000318539
4.97464e-11	-0.000319083
4.97858e-11	-0.000319627
4.98251e-11	-0.000320171
4.98645e-11	-0.000320714
4.99038e-11	-0.000321257
4.99432e-11	-0.0003218
4.99826e-11	-0.000322342
5.00219e-11	-0.000322884
5.00613e-11	-0.000323426
5.01006e-11	-0.000323967
5.014e-11	-0.000324507
5.01793e-11	-0.000325048
5.02187e-11	-0.000325588
5.02581e-11	-0.000326127
5.02974e-11	-0.000326666
5.03368e-11	-0.000327205
5.03761e-11	-0.000327743
5.04155e-11	-0.000328281
5.04548e-11	-0.000328819
5.04942e-11	-0.000329356
5.05335e-11	-0.000329892
5.05729e-11	-0.000330429
5.06123e-11	-0.000330964
5.06516e-11	-0.0003315
5.0691e-11	-0.000332035
5.07303e-11	-0.000332569
5.07697e-11	-0.000333103
5.0809e-11	-0.000333637
5.08484e-11	-0.00033417
5.08878e-11	-0.000334703
5.09271e-11	-0.000335235
5.09665e-11	-0.000335767
5.10058e-11	-0.000336299
5.10452e-11	-0.00033683
5.10845e-11	-0.00033736
5.11239e-11	-0.00033789
5.11632e-11	-0.00033842
5.12026e-11	-0.000338949
5.1242e-11	-0.000339478
5.12813e-11	-0.000340006
5.13207e-11	-0.000340533
5.136e-11	-0.000341061
5.13994e-11	-0.000341587
5.14387e-11	-0.000342114
5.14781e-11	-0.00034264
5.15175e-11	-0.000343165
5.15568e-11	-0.00034369
5.15962e-11	-0.000344214
5.16355e-11	-0.000344738
5.16749e-11	-0.000345261
5.17142e-11	-0.000345784
5.17536e-11	-0.000346306
5.17929e-11	-0.000346828
5.18323e-11	-0.000347349
5.18717e-11	-0.00034787
5.1911e-11	-0.00034839
5.19504e-11	-0.00034891
5.19897e-11	-0.000349429
5.20291e-11	-0.000349948
5.20684e-11	-0.000350466
5.21078e-11	-0.000350984
5.21472e-11	-0.000351501
5.21865e-11	-0.000352017
5.22259e-11	-0.000352533
5.22652e-11	-0.000353049
5.23046e-11	-0.000353564
5.23439e-11	-0.000354078
5.23833e-11	-0.000354592
5.24227e-11	-0.000355105
5.2462e-11	-0.000355618
5.25014e-11	-0.00035613
5.25407e-11	-0.000356642
5.25801e-11	-0.000357153
5.26194e-11	-0.000357663
5.26588e-11	-0.000358173
5.26981e-11	-0.000358682
5.27375e-11	-0.000359191
5.27769e-11	-0.000359699
5.28162e-11	-0.000360207
5.28556e-11	-0.000360714
5.28949e-11	-0.00036122
5.29343e-11	-0.000361726
5.29736e-11	-0.000362231
5.3013e-11	-0.000362736
5.30524e-11	-0.00036324
5.30917e-11	-0.000363743
5.31311e-11	-0.000364246
5.31704e-11	-0.000364748
5.32098e-11	-0.000365249
5.32491e-11	-0.00036575
5.32885e-11	-0.000366251
5.33278e-11	-0.00036675
5.33672e-11	-0.000367249
5.34066e-11	-0.000367748
5.34459e-11	-0.000368246
5.34853e-11	-0.000368743
5.35246e-11	-0.000369239
5.3564e-11	-0.000369735
5.36033e-11	-0.00037023
5.36427e-11	-0.000370725
5.36821e-11	-0.000371219
5.37214e-11	-0.000371712
5.37608e-11	-0.000372205
5.38001e-11	-0.000372697
5.38395e-11	-0.000373188
5.38788e-11	-0.000373679
5.39182e-11	-0.000374169
5.39575e-11	-0.000374658
5.39969e-11	-0.000375147
5.40363e-11	-0.000375635
5.40756e-11	-0.000376122
5.4115e-11	-0.000376609
5.41543e-11	-0.000377094
5.41937e-11	-0.00037758
5.4233e-11	-0.000378064
5.42724e-11	-0.000378548
5.43118e-11	-0.000379031
5.43511e-11	-0.000379514
5.43905e-11	-0.000379995
5.44298e-11	-0.000380476
5.44692e-11	-0.000380957
5.45085e-11	-0.000381436
5.45479e-11	-0.000381915
5.45872e-11	-0.000382393
5.46266e-11	-0.000382871
5.4666e-11	-0.000383347
5.47053e-11	-0.000383823
5.47447e-11	-0.000384299
5.4784e-11	-0.000384773
5.48234e-11	-0.000385247
5.48627e-11	-0.00038572
5.49021e-11	-0.000386192
5.49415e-11	-0.000386664
5.49808e-11	-0.000387135
5.50202e-11	-0.000387605
5.50595e-11	-0.000388074
5.50989e-11	-0.000388543
5.51382e-11	-0.00038901
5.51776e-11	-0.000389477
5.5217e-11	-0.000389944
5.52563e-11	-0.000390409
5.52957e-11	-0.000390874
5.5335e-11	-0.000391338
5.53744e-11	-0.000391801
5.54137e-11	-0.000392263
5.54531e-11	-0.000392725
5.54924e-11	-0.000393185
5.55318e-11	-0.000393645
5.55712e-11	-0.000394105
5.56105e-11	-0.000394563
5.56499e-11	-0.00039502
5.56892e-11	-0.000395477
5.57286e-11	-0.000395933
5.57679e-11	-0.000396388
5.58073e-11	-0.000396843
5.58467e-11	-0.000397296
5.5886e-11	-0.000397749
5.59254e-11	-0.000398201
5.59647e-11	-0.000398652
5.60041e-11	-0.000399102
5.60434e-11	-0.000399551
5.60828e-11	-0.0004
5.61221e-11	-0.000400448
5.61615e-11	-0.000400895
5.62009e-11	-0.000401341
5.62402e-11	-0.000401786
5.62796e-11	-0.00040223
5.63189e-11	-0.000402673
5.63583e-11	-0.000403116
5.63976e-11	-0.000403558
5.6437e-11	-0.000403999
5.64764e-11	-0.000404439
5.65157e-11	-0.000404878
5.65551e-11	-0.000405316
5.65944e-11	-0.000405753
5.66338e-11	-0.00040619
5.66731e-11	-0.000406626
5.67125e-11	-0.00040706
5.67518e-11	-0.000407494
5.67912e-11	-0.000407927
5.68306e-11	-0.000408359
5.68699e-11	-0.00040879
5.69093e-11	-0.000409221
5.69486e-11	-0.00040965
5.6988e-11	-0.000410078
5.70273e-11	-0.000410506
5.70667e-11	-0.000410932
5.71061e-11	-0.000411358
5.71454e-11	-0.000411783
5.71848e-11	-0.000412207
5.72241e-11	-0.00041263
5.72635e-11	-0.000413052
5.73028e-11	-0.000413473
5.73422e-11	-0.000413893
5.73816e-11	-0.000414312
5.74209e-11	-0.00041473
5.74603e-11	-0.000415148
5.74996e-11	-0.000415564
5.7539e-11	-0.000415979
5.75783e-11	-0.000416394
5.76177e-11	-0.000416807
5.7657e-11	-0.00041722
5.76964e-11	-0.000417631
5.77358e-11	-0.000418042
5.77751e-11	-0.000418451
5.78145e-11	-0.00041886
5.78538e-11	-0.000419268
5.78932e-11	-0.000419674
5.79325e-11	-0.00042008
5.79719e-11	-0.000420485
5.80113e-11	-0.000420888
5.80506e-11	-0.000421291
5.809e-11	-0.000421693
5.81293e-11	-0.000422094
5.81687e-11	-0.000422493
5.8208e-11	-0.000422892
5.82474e-11	-0.00042329
5.82867e-11	-0.000423686
5.83261e-11	-0.000424082
5.83655e-11	-0.000424477
5.84048e-11	-0.00042487
5.84442e-11	-0.000425263
5.84835e-11	-0.000425655
5.85229e-11	-0.000426045
5.85622e-11	-0.000426435
5.86016e-11	-0.000426823
5.8641e-11	-0.00042721
5.86803e-11	-0.000427597
5.87197e-11	-0.000427982
5.8759e-11	-0.000428366
5.87984e-11	-0.00042875
5.88377e-11	-0.000429132
5.88771e-11	-0.000429513
5.89164e-11	-0.000429893
5.89558e-11	-0.000430272
5.89952e-11	-0.00043065
5.90345e-11	-0.000431027
5.90739e-11	-0.000431402
5.91132e-11	-0.000431777
5.91526e-11	-0.000432151
5.91919e-11	-0.000432523
5.92313e-11	-0.000432895
5.92707e-11	-0.000433265
5.931e-11	-0.000433634
5.93494e-11	-0.000434002
5.93887e-11	-0.000434369
5.94281e-11	-0.000434735
5.94674e-11	-0.0004351
5.95068e-11	-0.000435464
5.95461e-11	-0.000435826
5.95855e-11	-0.000436188
5.96249e-11	-0.000436548
5.96642e-11	-0.000436907
5.97036e-11	-0.000437265
5.97429e-11	-0.000437622
5.97823e-11	-0.000437978
5.98216e-11	-0.000438333
5.9861e-11	-0.000438686
5.99004e-11	-0.000439039
5.99397e-11	-0.00043939
5.99791e-11	-0.00043974
6.00184e-11	-0.000440089
6.00578e-11	-0.000440437
6.00971e-11	-0.000440783
6.01365e-11	-0.000441129
6.01759e-11	-0.000441473
6.02152e-11	-0.000441816
6.02546e-11	-0.000442158
6.02939e-11	-0.000442499
6.03333e-11	-0.000442839
6.03726e-11	-0.000443177
6.0412e-11	-0.000443514
6.04513e-11	-0.00044385
6.04907e-11	-0.000444185
6.05301e-11	-0.000444519
6.05694e-11	-0.000444851
6.06088e-11	-0.000445182
6.06481e-11	-0.000445512
6.06875e-11	-0.000445841
6.07268e-11	-0.000446169
6.07662e-11	-0.000446495
6.08056e-11	-0.000446821
6.08449e-11	-0.000447144
6.08843e-11	-0.000447467
6.09236e-11	-0.000447789
6.0963e-11	-0.000448109
6.10023e-11	-0.000448428
6.10417e-11	-0.000448746
6.1081e-11	-0.000449062
6.11204e-11	-0.000449378
6.11598e-11	-0.000449692
6.11991e-11	-0.000450005
6.12385e-11	-0.000450316
6.12778e-11	-0.000450627
6.13172e-11	-0.000450936
6.13565e-11	-0.000451243
6.13959e-11	-0.00045155
6.14353e-11	-0.000451855
6.14746e-11	-0.000452159
6.1514e-11	-0.000452462
6.15533e-11	-0.000452763
6.15927e-11	-0.000453064
6.1632e-11	-0.000453362
6.16714e-11	-0.00045366
6.17107e-11	-0.000453956
6.17501e-11	-0.000454251
6.17895e-11	-0.000454545
6.18288e-11	-0.000454837
6.18682e-11	-0.000455128
6.19075e-11	-0.000455418
6.19469e-11	-0.000455707
6.19862e-11	-0.000455994
6.20256e-11	-0.00045628
6.2065e-11	-0.000456564
6.21043e-11	-0.000456847
6.21437e-11	-0.000457129
6.2183e-11	-0.00045741
6.22224e-11	-0.000457689
6.22617e-11	-0.000457967
6.23011e-11	-0.000458243
6.23404e-11	-0.000458518
6.23798e-11	-0.000458792
6.24192e-11	-0.000459065
6.24585e-11	-0.000459336
6.24979e-11	-0.000459606
6.25372e-11	-0.000459874
6.25766e-11	-0.000460141
6.26159e-11	-0.000460407
6.26553e-11	-0.000460671
6.26947e-11	-0.000460934
6.2734e-11	-0.000461195
6.27734e-11	-0.000461456
6.28127e-11	-0.000461714
6.28521e-11	-0.000461972
6.28914e-11	-0.000462228
6.29308e-11	-0.000462482
6.29702e-11	-0.000462736
6.30095e-11	-0.000462987
6.30489e-11	-0.000463238
6.30882e-11	-0.000463487
6.31276e-11	-0.000463734
6.31669e-11	-0.000463981
6.32063e-11	-0.000464225
6.32456e-11	-0.000464469
6.3285e-11	-0.000464711
6.33244e-11	-0.000464951
6.33637e-11	-0.00046519
6.34031e-11	-0.000465428
6.34424e-11	-0.000465664
6.34818e-11	-0.000465899
6.35211e-11	-0.000466133
6.35605e-11	-0.000466364
6.35999e-11	-0.000466595
6.36392e-11	-0.000466824
6.36786e-11	-0.000467051
6.37179e-11	-0.000467278
6.37573e-11	-0.000467502
6.37966e-11	-0.000467725
6.3836e-11	-0.000467947
6.38753e-11	-0.000468167
6.39147e-11	-0.000468386
6.39541e-11	-0.000468603
6.39934e-11	-0.000468819
6.40328e-11	-0.000469034
6.40721e-11	-0.000469247
6.41115e-11	-0.000469458
6.41508e-11	-0.000469668
6.41902e-11	-0.000469876
6.42296e-11	-0.000470083
6.42689e-11	-0.000470288
6.43083e-11	-0.000470492
6.43476e-11	-0.000470695
6.4387e-11	-0.000470896
6.44263e-11	-0.000471095
6.44657e-11	-0.000471293
6.4505e-11	-0.000471489
6.45444e-11	-0.000471684
6.45838e-11	-0.000471877
6.46231e-11	-0.000472069
6.46625e-11	-0.000472259
6.47018e-11	-0.000472448
6.47412e-11	-0.000472635
6.47805e-11	-0.000472821
6.48199e-11	-0.000473005
6.48593e-11	-0.000473187
6.48986e-11	-0.000473368
6.4938e-11	-0.000473547
6.49773e-11	-0.000473725
6.50167e-11	-0.000473902
6.5056e-11	-0.000474076
6.50954e-11	-0.000474249
6.51347e-11	-0.000474421
6.51741e-11	-0.000474591
6.52135e-11	-0.000474759
6.52528e-11	-0.000474926
6.52922e-11	-0.000475091
6.53315e-11	-0.000475255
6.53709e-11	-0.000475417
6.54102e-11	-0.000475578
6.54496e-11	-0.000475737
6.5489e-11	-0.000475894
6.55283e-11	-0.00047605
6.55677e-11	-0.000476204
6.5607e-11	-0.000476356
6.56464e-11	-0.000476507
6.56857e-11	-0.000476656
6.57251e-11	-0.000476804
6.57645e-11	-0.00047695
6.58038e-11	-0.000477094
6.58432e-11	-0.000477237
6.58825e-11	-0.000477378
6.59219e-11	-0.000477518
6.59612e-11	-0.000477656
6.60006e-11	-0.000477792
6.60399e-11	-0.000477926
6.60793e-11	-0.000478059
6.61187e-11	-0.000478191
6.6158e-11	-0.00047832
6.61974e-11	-0.000478448
6.62367e-11	-0.000478575
6.62761e-11	-0.000478699
6.63154e-11	-0.000478822
6.63548e-11	-0.000478944
6.63942e-11	-0.000479063
6.64335e-11	-0.000479181
6.64729e-11	-0.000479298
6.65122e-11	-0.000479412
6.65516e-11	-0.000479525
6.65909e-11	-0.000479636
6.66303e-11	-0.000479746
6.66696e-11	-0.000479854
6.6709e-11	-0.00047996
6.67484e-11	-0.000480065
6.67877e-11	-0.000480167
6.68271e-11	-0.000480268
6.68664e-11	-0.000480368
6.69058e-11	-0.000480465
6.69451e-11	-0.000480561
6.69845e-11	-0.000480656
6.70239e-11	-0.000480748
6.70632e-11	-0.000480839
6.71026e-11	-0.000480928
6.71419e-11	-0.000481015
6.71813e-11	-0.000481101
6.72206e-11	-0.000481185
6.726e-11	-0.000481267
6.72993e-11	-0.000481347
6.73387e-11	-0.000481426
6.73781e-11	-0.000481503
6.74174e-11	-0.000481578
6.74568e-11	-0.000481651
6.74961e-11	-0.000481723
6.75355e-11	-0.000481793
6.75748e-11	-0.000481861
6.76142e-11	-0.000481927
6.76536e-11	-0.000481992
6.76929e-11	-0.000482055
6.77323e-11	-0.000482116
6.77716e-11	-0.000482175
6.7811e-11	-0.000482232
6.78503e-11	-0.000482288
6.78897e-11	-0.000482342
6.79291e-11	-0.000482394
6.79684e-11	-0.000482444
6.80078e-11	-0.000482493
6.80471e-11	-0.00048254
6.80865e-11	-0.000482585
6.81258e-11	-0.000482628
6.81652e-11	-0.000482669
6.82045e-11	-0.000482709
6.82439e-11	-0.000482746
6.82833e-11	-0.000482782
6.83226e-11	-0.000482816
6.8362e-11	-0.000482848
6.84013e-11	-0.000482879
6.84407e-11	-0.000482907
6.848e-11	-0.000482934
6.85194e-11	-0.000482959
6.85588e-11	-0.000482982
6.85981e-11	-0.000483003
6.86375e-11	-0.000483023
6.86768e-11	-0.00048304
6.87162e-11	-0.000483056
6.87555e-11	-0.00048307
6.87949e-11	-0.000483082
6.88342e-11	-0.000483092
6.88736e-11	-0.0004831
6.8913e-11	-0.000483106
6.89523e-11	-0.000483111
6.89917e-11	-0.000483113
6.9031e-11	-0.000483114
6.90704e-11	-0.000483113
6.91097e-11	-0.00048311
6.91491e-11	-0.000483105
6.91885e-11	-0.000483098
6.92278e-11	-0.00048309
6.92672e-11	-0.000483079
6.93065e-11	-0.000483067
6.93459e-11	-0.000483053
6.93852e-11	-0.000483036
6.94246e-11	-0.000483018
6.94639e-11	-0.000482998
6.95033e-11	-0.000482976
6.95427e-11	-0.000482952
6.9582e-11	-0.000482927
6.96214e-11	-0.000482899
6.96607e-11	-0.000482869
6.97001e-11	-0.000482838
6.97394e-11	-0.000482804
6.97788e-11	-0.000482769
6.98182e-11	-0.000482732
6.98575e-11	-0.000482692
6.98969e-11	-0.000482651
6.99362e-11	-0.000482608
6.99756e-11	-0.000482563
7.00149e-11	-0.000482516
7.00543e-11	-0.000482467
7.00936e-11	-0.000482416
7.0133e-11	-0.000482363
7.01724e-11	-0.000482308
7.02117e-11	-0.000482252
7.02511e-11	-0.000482193
7.02904e-11	-0.000482132
7.03298e-11	-0.000482069
7.03691e-11	-0.000482005
7.04085e-11	-0.000481938
7.04479e-11	-0.000481869
7.04872e-11	-0.000481799
7.05266e-11	-0.000481726
7.05659e-11	-0.000481652
7.06053e-11	-0.000481575
7.06446e-11	-0.000481497
7.0684e-11	-0.000481416
7.07234e-11	-0.000481333
7.07627e-11	-0.000481249
7.08021e-11	-0.000481162
7.08414e-11	-0.000481074
7.08808e-11	-0.000480983
7.09201e-11	-0.000480891
7.09595e-11	-0.000480796
7.09988e-11	-0.000480699
7.10382e-11	-0.000480601
7.10776e-11	-0.0004805
7.11169e-11	-0.000480398
7.11563e-11	-0.000480293
7.11956e-11	-0.000480186
7.1235e-11	-0.000480077
7.12743e-11	-0.000479967
7.13137e-11	-0.000479854
7.13531e-11	-0.000479739
7.13924e-11	-0.000479622
7.14318e-11	-0.000479503
7.14711e-11	-0.000479382
7.15105e-11	-0.000479259
7.15498e-11	-0.000479134
7.15892e-11	-0.000479007
7.16285e-11	-0.000478877
7.16679e-11	-0.000478746
7.17073e-11	-0.000478613
7.17466e-11	-0.000478477
7.1786e-11	-0.00047834
7.18253e-11	-0.0004782
7.18647e-11	-0.000478058
7.1904e-11	-0.000477915
7.19434e-11	-0.000477769
7.19828e-11	-0.000477621
7.20221e-11	-0.000477471
7.20615e-11	-0.000477319
7.21008e-11	-0.000477165
7.21402e-11	-0.000477008
7.21795e-11	-0.00047685
7.22189e-11	-0.000476689
7.22582e-11	-0.000476527
7.22976e-11	-0.000476362
7.2337e-11	-0.000476195
7.23763e-11	-0.000476027
7.24157e-11	-0.000475855
7.2455e-11	-0.000475682
7.24944e-11	-0.000475507
7.25337e-11	-0.00047533
7.25731e-11	-0.00047515
7.26125e-11	-0.000474969
7.26518e-11	-0.000474785
7.26912e-11	-0.000474599
7.27305e-11	-0.000474411
7.27699e-11	-0.000474221
7.28092e-11	-0.000474028
7.28486e-11	-0.000473834
7.28879e-11	-0.000473637
7.29273e-11	-0.000473439
7.29667e-11	-0.000473238
7.3006e-11	-0.000473035
7.30454e-11	-0.000472829
7.30847e-11	-0.000472622
7.31241e-11	-0.000472412
7.31634e-11	-0.000472201
7.32028e-11	-0.000471987
7.32422e-11	-0.000471771
7.32815e-11	-0.000471553
7.33209e-11	-0.000471332
7.33602e-11	-0.00047111
7.33996e-11	-0.000470885
7.34389e-11	-0.000470658
7.34783e-11	-0.000470429
7.35177e-11	-0.000470198
7.3557e-11	-0.000469964
7.35964e-11	-0.000469729
7.36357e-11	-0.000469491
7.36751e-11	-0.000469251
7.37144e-11	-0.000469008
7.37538e-11	-0.000468764
7.37931e-11	-0.000468517
7.38325e-11	-0.000468268
7.38719e-11	-0.000468017
7.39112e-11	-0.000467764
7.39506e-11	-0.000467509
7.39899e-11	-0.000467251
7.40293e-11	-0.000466991
7.40686e-11	-0.000466729
7.4108e-11	-0.000466464
7.41474e-11	-0.000466198
7.41867e-11	-0.000465929
7.42261e-11	-0.000465658
7.42654e-11	-0.000465385
7.43048e-11	-0.000465109
7.43441e-11	-0.000464831
7.43835e-11	-0.000464551
7.44228e-11	-0.000464269
7.44622e-11	-0.000463985
7.45016e-11	-0.000463698
7.45409e-11	-0.000463409
7.45803e-11	-0.000463118
7.46196e-11	-0.000462824
7.4659e-11	-0.000462528
7.46983e-11	-0.00046223
7.47377e-11	-0.00046193
7.47771e-11	-0.000461628
7.48164e-11	-0.000461323
7.48558e-11	-0.000461016
7.48951e-11	-0.000460706
7.49345e-11	-0.000460395
7.49738e-11	-0.000460081
7.50132e-11	-0.000459765
7.50525e-11	-0.000459446
7.50919e-11	-0.000459126
7.51313e-11	-0.000458803
7.51706e-11	-0.000458477
7.521e-11	-0.00045815
7.52493e-11	-0.00045782
7.52887e-11	-0.000457488
7.5328e-11	-0.000457153
7.53674e-11	-0.000456816
7.54068e-11	-0.000456477
7.54461e-11	-0.000456136
7.54855e-11	-0.000455792
7.55248e-11	-0.000455446
7.55642e-11	-0.000455098
7.56035e-11	-0.000454747
7.56429e-11	-0.000454395
7.56823e-11	-0.000454039
7.57216e-11	-0.000453682
7.5761e-11	-0.000453322
7.58003e-11	-0.00045296
7.58397e-11	-0.000452595
7.5879e-11	-0.000452228
7.59184e-11	-0.000451859
7.59577e-11	-0.000451488
7.59971e-11	-0.000451114
7.60365e-11	-0.000450738
7.60758e-11	-0.000450359
7.61152e-11	-0.000449978
7.61545e-11	-0.000449595
7.61939e-11	-0.00044921
7.62332e-11	-0.000448822
7.62726e-11	-0.000448431
7.6312e-11	-0.000448039
7.63513e-11	-0.000447644
7.63907e-11	-0.000447247
7.643e-11	-0.000446847
7.64694e-11	-0.000446445
7.65087e-11	-0.000446041
7.65481e-11	-0.000445634
7.65874e-11	-0.000445225
7.66268e-11	-0.000444813
7.66662e-11	-0.000444399
7.67055e-11	-0.000443983
7.67449e-11	-0.000443565
7.67842e-11	-0.000443144
7.68236e-11	-0.00044272
7.68629e-11	-0.000442295
7.69023e-11	-0.000441867
7.69417e-11	-0.000441436
7.6981e-11	-0.000441003
7.70204e-11	-0.000440568
7.70597e-11	-0.00044013
7.70991e-11	-0.00043969
7.71384e-11	-0.000439248
7.71778e-11	-0.000438803
7.72171e-11	-0.000438356
7.72565e-11	-0.000437906
7.72959e-11	-0.000437454
7.73352e-11	-0.000437
7.73746e-11	-0.000436543
7.74139e-11	-0.000436084
7.74533e-11	-0.000435622
7.74926e-11	-0.000435158
7.7532e-11	-0.000434692
7.75714e-11	-0.000434223
7.76107e-11	-0.000433751
7.76501e-11	-0.000433278
7.76894e-11	-0.000432802
7.77288e-11	-0.000432323
7.77681e-11	-0.000431842
7.78075e-11	-0.000431359
7.78468e-11	-0.000430873
7.78862e-11	-0.000430384
7.79256e-11	-0.000429894
7.79649e-11	-0.000429401
7.80043e-11	-0.000428905
7.80436e-11	-0.000428407
7.8083e-11	-0.000427907
7.81223e-11	-0.000427404
7.81617e-11	-0.000426898
7.82011e-11	-0.000426391
7.82404e-11	-0.00042588
7.82798e-11	-0.000425368
7.83191e-11	-0.000424853
7.83585e-11	-0.000424335
7.83978e-11	-0.000423815
7.84372e-11	-0.000423293
7.84766e-11	-0.000422768
7.85159e-11	-0.00042224
7.85553e-11	-0.00042171
7.85946e-11	-0.000421178
7.8634e-11	-0.000420643
7.86733e-11	-0.000420106
7.87127e-11	-0.000419566
7.8752e-11	-0.000419024
7.87914e-11	-0.000418479
7.88308e-11	-0.000417932
7.88701e-11	-0.000417383
7.89095e-11	-0.000416831
7.89488e-11	-0.000416276
7.89882e-11	-0.000415719
7.90275e-11	-0.000415159
7.90669e-11	-0.000414597
7.91063e-11	-0.000414033
7.91456e-11	-0.000413466
7.9185e-11	-0.000412897
7.92243e-11	-0.000412325
7.92637e-11	-0.00041175
7.9303e-11	-0.000411173
7.93424e-11	-0.000410594
7.93817e-11	-0.000410012
7.94211e-11	-0.000409428
7.94605e-11	-0.000408841
7.94998e-11	-0.000408251
7.95392e-11	-0.000407659
7.95785e-11	-0.000407065
7.96179e-11	-0.000406468
7.96572e-11	-0.000405869
7.96966e-11	-0.000405267
7.9736e-11	-0.000404662
7.97753e-11	-0.000404055
7.98147e-11	-0.000403446
7.9854e-11	-0.000402834
7.98934e-11	-0.000402219
7.99327e-11	-0.000401602
7.99721e-11	-0.000400983
8.00114e-11	-0.000400361
8.00508e-11	-0.000399736
8.00902e-11	-0.000399109
8.01295e-11	-0.000398479
8.01689e-11	-0.000397847
8.02082e-11	-0.000397213
8.02476e-11	-0.000396575
8.02869e-11	-0.000395936
8.03263e-11	-0.000395293
8.03657e-11	-0.000394649
8.0405e-11	-0.000394001
8.04444e-11	-0.000393351
8.04837e-11	-0.000392699
8.05231e-11	-0.000392044
8.05624e-11	-0.000391387
8.06018e-11	-0.000390727
8.06411e-11	-0.000390064
8.06805e-11	-0.000389399
8.07199e-11	-0.000388731
8.07592e-11	-0.000388061
8.07986e-11	-0.000387388
8.08379e-11	-0.000386713
8.08773e-11	-0.000386035
8.09166e-11	-0.000385355
8.0956e-11	-0.000384672
8.09954e-11	-0.000383986
8.10347e-11	-0.000383298
8.10741e-11	-0.000382608
8.11134e-11	-0.000381915
8.11528e-11	-0.000381219
8.11921e-11	-0.000380521
8.12315e-11	-0.00037982
8.12709e-11	-0.000379116
8.13102e-11	-0.00037841
8.13496e-11	-0.000377702
8.13889e-11	-0.000376991
8.14283e-11	-0.000376277
8.14676e-11	-0.000375561
8.1507e-11	-0.000374842
8.15463e-11	-0.000374121
8.15857e-11	-0.000373397
8.16251e-11	-0.00037267
8.16644e-11	-0.000371941
8.17038e-11	-0.000371209
8.17431e-11	-0.000370475
8.17825e-11	-0.000369738
8.18218e-11	-0.000368999
8.18612e-11	-0.000368257
8.19006e-11	-0.000367512
8.19399e-11	-0.000366765
8.19793e-11	-0.000366016
8.20186e-11	-0.000365263
8.2058e-11	-0.000364508
8.20973e-11	-0.000363751
8.21367e-11	-0.000362991
8.2176e-11	-0.000362228
8.22154e-11	-0.000361463
8.22548e-11	-0.000360695
8.22941e-11	-0.000359925
8.23335e-11	-0.000359152
8.23728e-11	-0.000358376
8.24122e-11	-0.000357598
8.24515e-11	-0.000356817
8.24909e-11	-0.000356034
8.25303e-11	-0.000355248
8.25696e-11	-0.000354459
8.2609e-11	-0.000353668
8.26483e-11	-0.000352874
8.26877e-11	-0.000352078
8.2727e-11	-0.000351279
8.27664e-11	-0.000350477
8.28057e-11	-0.000349673
8.28451e-11	-0.000348866
8.28845e-11	-0.000348057
8.29238e-11	-0.000347245
8.29632e-11	-0.00034643
8.30025e-11	-0.000345613
8.30419e-11	-0.000344793
8.30812e-11	-0.000343971
8.31206e-11	-0.000343146
8.316e-11	-0.000342318
8.31993e-11	-0.000341488
8.32387e-11	-0.000340655
8.3278e-11	-0.00033982
8.33174e-11	-0.000338982
8.33567e-11	-0.000338141
8.33961e-11	-0.000337298
8.34355e-11	-0.000336452
8.34748e-11	-0.000335603
8.35142e-11	-0.000334752
8.35535e-11	-0.000333898
8.35929e-11	-0.000333042
8.36322e-11	-0.000332183
8.36716e-11	-0.000331321
8.37109e-11	-0.000330457
8.37503e-11	-0.00032959
8.37897e-11	-0.000328721
8.3829e-11	-0.000327849
8.38684e-11	-0.000326974
8.39077e-11	-0.000326096
8.39471e-11	-0.000325216
8.39864e-11	-0.000324334
8.40258e-11	-0.000323449
8.40652e-11	-0.000322561
8.41045e-11	-0.00032167
8.41439e-11	-0.000320777
8.41832e-11	-0.000319881
8.42226e-11	-0.000318983
8.42619e-11	-0.000318082
8.43013e-11	-0.000317178
8.43406e-11	-0.000316272
8.438e-11	-0.000315363
8.44194e-11	-0.000314452
8.44587e-11	-0.000313538
8.44981e-11	-0.000312621
8.45374e-11	-0.000311702
8.45768e-11	-0.000310779
8.46161e-11	-0.000309855
8.46555e-11	-0.000308928
8.46949e-11	-0.000307998
8.47342e-11	-0.000307065
8.47736e-11	-0.00030613
8.48129e-11	-0.000305192
8.48523e-11	-0.000304252
8.48916e-11	-0.000303308
8.4931e-11	-0.000302363
8.49703e-11	-0.000301414
8.50097e-11	-0.000300463
8.50491e-11	-0.00029951
8.50884e-11	-0.000298553
8.51278e-11	-0.000297594
8.51671e-11	-0.000296633
8.52065e-11	-0.000295669
8.52458e-11	-0.000294702
8.52852e-11	-0.000293732
8.53246e-11	-0.00029276
8.53639e-11	-0.000291786
8.54033e-11	-0.000290808
8.54426e-11	-0.000289828
8.5482e-11	-0.000288846
8.55213e-11	-0.00028786
8.55607e-11	-0.000286872
8.56e-11	-0.000285882
8.56394e-11	-0.000284889
8.56788e-11	-0.000283893
8.57181e-11	-0.000282894
8.57575e-11	-0.000281893
8.57968e-11	-0.000280889
8.58362e-11	-0.000279883
8.58755e-11	-0.000278874
8.59149e-11	-0.000277862
8.59543e-11	-0.000276848
8.59936e-11	-0.000275831
8.6033e-11	-0.000274811
8.60723e-11	-0.000273789
8.61117e-11	-0.000272764
8.6151e-11	-0.000271736
8.61904e-11	-0.000270706
8.62298e-11	-0.000269673
8.62691e-11	-0.000268638
8.63085e-11	-0.0002676
8.63478e-11	-0.000266559
8.63872e-11	-0.000265516
8.64265e-11	-0.00026447
8.64659e-11	-0.000263421
8.65052e-11	-0.00026237
8.65446e-11	-0.000261316
8.6584e-11	-0.000260259
8.66233e-11	-0.0002592
8.66627e-11	-0.000258138
8.6702e-11	-0.000257073
8.67414e-11	-0.000256006
8.67807e-11	-0.000254936
8.68201e-11	-0.000253864
8.68595e-11	-0.000252789
8.68988e-11	-0.000251711
8.69382e-11	-0.000250631
8.69775e-11	-0.000249548
8.70169e-11	-0.000248462
8.70562e-11	-0.000247374
8.70956e-11	-0.000246283
8.71349e-11	-0.000245189
8.71743e-11	-0.000244093
8.72137e-11	-0.000242994
8.7253e-11	-0.000241893
8.72924e-11	-0.000240789
8.73317e-11	-0.000239682
8.73711e-11	-0.000238573
8.74104e-11	-0.000237461
8.74498e-11	-0.000236346
8.74892e-11	-0.000235229
8.75285e-11	-0.000234109
8.75679e-11	-0.000232986
8.76072e-11	-0.000231861
8.76466e-11	-0.000230733
8.76859e-11	-0.000229603
8.77253e-11	-0.00022847
8.77646e-11	-0.000227334
8.7804e-11	-0.000226196
8.78434e-11	-0.000225055
8.78827e-11	-0.000223911
8.79221e-11	-0.000222765
8.79614e-11	-0.000221616
8.80008e-11	-0.000220464
8.80401e-11	-0.00021931
8.80795e-11	-0.000218153
8.81189e-11	-0.000216994
8.81582e-11	-0.000215832
8.81976e-11	-0.000214667
8.82369e-11	-0.0002135
8.82763e-11	-0.00021233
8.83156e-11	-0.000211157
8.8355e-11	-0.000209982
8.83943e-11	-0.000208804
8.84337e-11	-0.000207624
8.84731e-11	-0.000206441
8.85124e-11	-0.000205255
8.85518e-11	-0.000204067
8.85911e-11	-0.000202876
8.86305e-11	-0.000201683
8.86698e-11	-0.000200486
8.87092e-11	-0.000199288
8.87486e-11	-0.000198086
8.87879e-11	-0.000196882
8.88273e-11	-0.000195675
8.88666e-11	-0.000194466
8.8906e-11	-0.000193254
8.89453e-11	-0.00019204
8.89847e-11	-0.000190823
8.90241e-11	-0.000189603
8.90634e-11	-0.000188381
8.91028e-11	-0.000187156
8.91421e-11	-0.000185928
8.91815e-11	-0.000184698
8.92208e-11	-0.000183465
8.92602e-11	-0.00018223
8.92995e-11	-0.000180992
8.93389e-11	-0.000179751
8.93783e-11	-0.000178508
8.94176e-11	-0.000177262
8.9457e-11	-0.000176014
8.94963e-11	-0.000174763
8.95357e-11	-0.000173509
8.9575e-11	-0.000172253
8.96144e-11	-0.000170994
8.96538e-11	-0.000169733
8.96931e-11	-0.000168468
8.97325e-11	-0.000167202
8.97718e-11	-0.000165933
8.98112e-11	-0.000164661
8.98505e-11	-0.000163386
8.98899e-11	-0.000162109
8.99292e-11	-0.00016083
8.99686e-11	-0.000159547
9.0008e-11	-0.000158263
9.00473e-11	-0.000156975
9.00867e-11	-0.000155685
9.0126e-11	-0.000154393
9.01654e-11	-0.000153098
9.02047e-11	-0.0001518
9.02441e-11	-0.000150499
9.02835e-11	-0.000149197
9.03228e-11	-0.000147891
9.03622e-11	-0.000146583
9.04015e-11	-0.000145272
9.04409e-11	-0.000143959
9.04802e-11	-0.000142643
9.05196e-11	-0.000141325
9.05589e-11	-0.000140004
9.05983e-11	-0.00013868
9.06377e-11	-0.000137354
9.0677e-11	-0.000136026
9.07164e-11	-0.000134694
9.07557e-11	-0.00013336
9.07951e-11	-0.000132024
9.08344e-11	-0.000130685
9.08738e-11	-0.000129344
9.09132e-11	-0.000127999
9.09525e-11	-0.000126653
9.09919e-11	-0.000125304
9.10312e-11	-0.000123952
9.10706e-11	-0.000122597
9.11099e-11	-0.000121241
9.11493e-11	-0.000119881
9.11886e-11	-0.000118519
9.1228e-11	-0.000117155
9.12674e-11	-0.000115787
9.13067e-11	-0.000114418
9.13461e-11	-0.000113046
9.13854e-11	-0.000111671
9.14248e-11	-0.000110294
9.14641e-11	-0.000108914
9.15035e-11	-0.000107531
9.15429e-11	-0.000106146
9.15822e-11	-0.000104759
9.16216e-11	-0.000103369
9.16609e-11	-0.000101976
9.17003e-11	-0.000100581
9.17396e-11	-9.91837e-05
9.1779e-11	-9.77835e-05
9.18184e-11	-9.63808e-05
9.18577e-11	-9.49757e-05
9.18971e-11	-9.35679e-05
9.19364e-11	-9.21577e-05
9.19758e-11	-9.07449e-05
9.20151e-11	-8.93296e-05
9.20545e-11	-8.79118e-05
9.20938e-11	-8.64915e-05
9.21332e-11	-8.50686e-05
9.21726e-11	-8.36433e-05
9.22119e-11	-8.22154e-05
9.22513e-11	-8.0785e-05
9.22906e-11	-7.93521e-05
9.233e-11	-7.79167e-05
9.23693e-11	-7.64788e-05
9.24087e-11	-7.50384e-05
9.24481e-11	-7.35954e-05
9.24874e-11	-7.215e-05
9.25268e-11	-7.07021e-05
9.25661e-11	-6.92517e-05
9.26055e-11	-6.77988e-05
9.26448e-11	-6.63434e-05
9.26842e-11	-6.48855e-05
9.27235e-11	-6.34251e-05
9.27629e-11	-6.19622e-05
9.28023e-11	-6.04969e-05
9.28416e-11	-5.9029e-05
9.2881e-11	-5.75587e-05
9.29203e-11	-5.60859e-05
9.29597e-11	-5.46106e-05
9.2999e-11	-5.31329e-05
9.30384e-11	-5.16527e-05
9.30778e-11	-5.017e-05
9.31171e-11	-4.86848e-05
9.31565e-11	-4.71972e-05
9.31958e-11	-4.57071e-05
9.32352e-11	-4.42145e-05
9.32745e-11	-4.27195e-05
9.33139e-11	-4.1222e-05
9.33532e-11	-3.97221e-05
9.33926e-11	-3.82197e-05
9.3432e-11	-3.67148e-05
9.34713e-11	-3.52075e-05
9.35107e-11	-3.36978e-05
9.355e-11	-3.21856e-05
9.35894e-11	-3.0671e-05
9.36287e-11	-2.91539e-05
9.36681e-11	-2.76344e-05
9.37075e-11	-2.61124e-05
9.37468e-11	-2.4588e-05
9.37862e-11	-2.30612e-05
9.38255e-11	-2.15319e-05
9.38649e-11	-2.00003e-05
9.39042e-11	-1.84662e-05
9.39436e-11	-1.69296e-05
9.3983e-11	-1.53907e-05
9.40223e-11	-1.38493e-05
9.40617e-11	-1.23055e-05
9.4101e-11	-1.07593e-05
9.41404e-11	-9.21069e-06
9.41797e-11	-7.65967e-06
9.42191e-11	-6.10624e-06
9.42584e-11	-4.5504e-06
9.42978e-11	-2.99217e-06
9.43372e-11	-1.43153e-06
9.43765e-11	1.31508e-07
9.44159e-11	1.69694e-06
9.44552e-11	3.26476e-06
9.44946e-11	4.83497e-06
9.45339e-11	6.40757e-06
9.45733e-11	7.98256e-06
9.46127e-11	9.55993e-06
9.4652e-11	1.11397e-05
9.46914e-11	1.27218e-05
9.47307e-11	1.43063e-05
9.47701e-11	1.58932e-05
9.48094e-11	1.74824e-05
9.48488e-11	1.9074e-05
9.48881e-11	2.0668e-05
9.49275e-11	2.22643e-05
9.49669e-11	2.3863e-05
9.50062e-11	2.54641e-05
9.50456e-11	2.70675e-05
9.50849e-11	2.86732e-05
9.51243e-11	3.02813e-05
9.51636e-11	3.18918e-05
9.5203e-11	3.35046e-05
9.52424e-11	3.51197e-05
9.52817e-11	3.67372e-05
9.53211e-11	3.8357e-05
9.53604e-11	3.99791e-05
9.53998e-11	4.16036e-05
9.54391e-11	4.32304e-05
9.54785e-11	4.48595e-05
9.55178e-11	4.64909e-05
9.55572e-11	4.81247e-05
9.55966e-11	4.97607e-05
9.56359e-11	5.13991e-05
9.56753e-11	5.30398e-05
9.57146e-11	5.46828e-05
9.5754e-11	5.63281e-05
9.57933e-11	5.79757e-05
9.58327e-11	5.96256e-05
9.58721e-11	6.12778e-05
9.59114e-11	6.29322e-05
9.59508e-11	6.4589e-05
9.59901e-11	6.62481e-05
9.60295e-11	6.79094e-05
9.60688e-11	6.9573e-05
9.61082e-11	7.12389e-05
9.61475e-11	7.29071e-05
9.61869e-11	7.45775e-05
9.62263e-11	7.62502e-05
9.62656e-11	7.79252e-05
9.6305e-11	7.96024e-05
9.63443e-11	8.12819e-05
9.63837e-11	8.29636e-05
9.6423e-11	8.46476e-05
9.64624e-11	8.63339e-05
9.65018e-11	8.80223e-05
9.65411e-11	8.97131e-05
9.65805e-11	9.1406e-05
9.66198e-11	9.31012e-05
9.66592e-11	9.47987e-05
9.66985e-11	9.64983e-05
9.67379e-11	9.82002e-05
9.67773e-11	9.99043e-05
9.68166e-11	0.000101611
9.6856e-11	0.000103319
9.68953e-11	0.00010503
9.69347e-11	0.000106743
9.6974e-11	0.000108458
9.70134e-11	0.000110175
9.70527e-11	0.000111895
9.70921e-11	0.000113617
9.71315e-11	0.000115341
9.71708e-11	0.000117067
9.72102e-11	0.000118795
9.72495e-11	0.000120526
9.72889e-11	0.000122259
9.73282e-11	0.000123993
9.73676e-11	0.00012573
9.7407e-11	0.00012747
9.74463e-11	0.000129211
9.74857e-11	0.000130955
9.7525e-11	0.0001327
9.75644e-11	0.000134448
9.76037e-11	0.000136198
9.76431e-11	0.00013795
9.76824e-11	0.000139705
9.77218e-11	0.000141461
9.77612e-11	0.00014322
9.78005e-11	0.00014498
9.78399e-11	0.000146743
9.78792e-11	0.000148508
9.79186e-11	0.000150275
9.79579e-11	0.000152044
9.79973e-11	0.000153816
9.80367e-11	0.000155589
9.8076e-11	0.000157365
9.81154e-11	0.000159142
9.81547e-11	0.000160922
9.81941e-11	0.000162704
9.82334e-11	0.000164488
9.82728e-11	0.000166274
9.83121e-11	0.000168062
9.83515e-11	0.000169852
9.83909e-11	0.000171644
9.84302e-11	0.000173439
9.84696e-11	0.000175235
9.85089e-11	0.000177033
9.85483e-11	0.000178834
9.85876e-11	0.000180637
9.8627e-11	0.000182441
9.86664e-11	0.000184248
9.87057e-11	0.000186057
9.87451e-11	0.000187867
9.87844e-11	0.00018968
9.88238e-11	0.000191495
9.88631e-11	0.000193312
9.89025e-11	0.000195131
9.89418e-11	0.000196952
9.89812e-11	0.000198774
9.90206e-11	0.000200599
9.90599e-11	0.000202426
9.90993e-11	0.000204255
9.91386e-11	0.000206086
9.9178e-11	0.000207919
9.92173e-11	0.000209754
9.92567e-11	0.000211591
9.92961e-11	0.00021343
9.93354e-11	0.000215271
9.93748e-11	0.000217114
9.94141e-11	0.000218959
9.94535e-11	0.000220805
9.94928e-11	0.000222654
9.95322e-11	0.000224505
9.95716e-11	0.000226358
9.96109e-11	0.000228212
9.96503e-11	0.000230069
9.96896e-11	0.000231927
9.9729e-11	0.000233788
9.97683e-11	0.00023565
9.98077e-11	0.000237515
9.9847e-11	0.000239381
9.98864e-11	0.000241249
9.99258e-11	0.000243119
9.99651e-11	0.000244991
1.00004e-10	0.000246865
1.00044e-10	0.000248741
1.00083e-10	0.000250619
1.00123e-10	0.000252498
1.00162e-10	0.00025438
1.00201e-10	0.000256263
1.00241e-10	0.000258148
1.0028e-10	0.000260035
1.00319e-10	0.000261924
1.00359e-10	0.000263815
1.00398e-10	0.000265708
1.00437e-10	0.000267603
1.00477e-10	0.000269499
1.00516e-10	0.000271397
1.00555e-10	0.000273297
1.00595e-10	0.000275199
1.00634e-10	0.000277103
1.00674e-10	0.000279009
1.00713e-10	0.000280916
1.00752e-10	0.000282826
1.00792e-10	0.000284737
1.00831e-10	0.00028665
1.0087e-10	0.000288564
1.0091e-10	0.000290481
1.00949e-10	0.000292399
1.00988e-10	0.000294319
1.01028e-10	0.000296241
1.01067e-10	0.000298165
1.01106e-10	0.00030009
1.01146e-10	0.000302017
1.01185e-10	0.000303946
1.01225e-10	0.000305877
1.01264e-10	0.00030781
1.01303e-10	0.000309744
1.01343e-10	0.00031168
1.01382e-10	0.000313618
1.01421e-10	0.000315557
1.01461e-10	0.000317499
1.015e-10	0.000319442
1.01539e-10	0.000321386
1.01579e-10	0.000323333
1.01618e-10	0.000325281
1.01657e-10	0.000327231
1.01697e-10	0.000329182
1.01736e-10	0.000331135
1.01776e-10	0.00033309
1.01815e-10	0.000335047
1.01854e-10	0.000337005
1.01894e-10	0.000338965
1.01933e-10	0.000340927
1.01972e-10	0.00034289
1.02012e-10	0.000344855
1.02051e-10	0.000346822
1.0209e-10	0.00034879
1.0213e-10	0.00035076
1.02169e-10	0.000352732
1.02208e-10	0.000354705
1.02248e-10	0.00035668
1.02287e-10	0.000358656
1.02326e-10	0.000360634
1.02366e-10	0.000362614
1.02405e-10	0.000364595
1.02445e-10	0.000366578
1.02484e-10	0.000368563
1.02523e-10	0.000370549
1.02563e-10	0.000372537
1.02602e-10	0.000374526
1.02641e-10	0.000376517
1.02681e-10	0.000378509
1.0272e-10	0.000380503
1.02759e-10	0.000382499
1.02799e-10	0.000384496
1.02838e-10	0.000386495
1.02877e-10	0.000388495
1.02917e-10	0.000390497
1.02956e-10	0.0003925
1.02996e-10	0.000394505
1.03035e-10	0.000396511
1.03074e-10	0.000398519
1.03114e-10	0.000400528
1.03153e-10	0.000402539
1.03192e-10	0.000404552
1.03232e-10	0.000406566
1.03271e-10	0.000408581
1.0331e-10	0.000410598
1.0335e-10	0.000412616
1.03389e-10	0.000414636
1.03428e-10	0.000416657
1.03468e-10	0.00041868
1.03507e-10	0.000420705
1.03547e-10	0.00042273
1.03586e-10	0.000424757
1.03625e-10	0.000426786
1.03665e-10	0.000428816
1.03704e-10	0.000430847
1.03743e-10	0.00043288
1.03783e-10	0.000434914
1.03822e-10	0.00043695
1.03861e-10	0.000438987
1.03901e-10	0.000441026
1.0394e-10	0.000443066
1.03979e-10	0.000445107
1.04019e-10	0.00044715
1.04058e-10	0.000449194
1.04098e-10	0.000451239
1.04137e-10	0.000453286
1.04176e-10	0.000455334
1.04216e-10	0.000457383
1.04255e-10	0.000459434
1.04294e-10	0.000461486
1.04334e-10	0.00046354
1.04373e-10	0.000465595
1.04412e-10	0.000467651
1.04452e-10	0.000469708
1.04491e-10	0.000471767
1.0453e-10	0.000473827
1.0457e-10	0.000475889
1.04609e-10	0.000477951
1.04649e-10	0.000480015
1.04688e-10	0.00048208
1.04727e-10	0.000484147
1.04767e-10	0.000486215
1.04806e-10	0.000488284
1.04845e-10	0.000490354
1.04885e-10	0.000492426
1.04924e-10	0.000494498
1.04963e-10	0.000496573
1.05003e-10	0.000498648
1.05042e-10	0.000500724
1.05081e-10	0.000502802
1.05121e-10	0.000504881
1.0516e-10	0.000506961
1.052e-10	0.000509042
1.05239e-10	0.000511125
1.05278e-10	0.000513209
1.05318e-10	0.000515294
1.05357e-10	0.00051738
1.05396e-10	0.000519467
1.05436e-10	0.000521555
1.05475e-10	0.000523645
1.05514e-10	0.000525735
1.05554e-10	0.000527827
1.05593e-10	0.00052992
1.05632e-10	0.000532014
1.05672e-10	0.00053411
1.05711e-10	0.000536206
1.0575e-10	0.000538303
1.0579e-10	0.000540402
1.05829e-10	0.000542502
1.05869e-10	0.000544602
1.05908e-10	0.000546704
1.05947e-10	0.000548807
1.05987e-10	0.000550911
1.06026e-10	0.000553016
1.06065e-10	0.000555122
1.06105e-10	0.00055723
1.06144e-10	0.000559338
1.06183e-10	0.000561447
1.06223e-10	0.000563557
1.06262e-10	0.000565669
1.06301e-10	0.000567781
1.06341e-10	0.000569894
1.0638e-10	0.000572009
1.0642e-10	0.000574124
1.06459e-10	0.00057624
1.06498e-10	0.000578358
1.06538e-10	0.000580476
1.06577e-10	0.000582595
1.06616e-10	0.000584715
1.06656e-10	0.000586837
1.06695e-10	0.000588959
1.06734e-10	0.000591082
1.06774e-10	0.000593206
1.06813e-10	0.000595331
1.06852e-10	0.000597457
1.06892e-10	0.000599583
1.06931e-10	0.000601711
1.06971e-10	0.00060384
1.0701e-10	0.000605969
1.07049e-10	0.0006081
1.07089e-10	0.000610231
1.07128e-10	0.000612363
1.07167e-10	0.000614496
1.07207e-10	0.00061663
1.07246e-10	0.000618765
1.07285e-10	0.0006209
1.07325e-10	0.000623037
1.07364e-10	0.000625174
1.07403e-10	0.000627312
1.07443e-10	0.000629451
1.07482e-10	0.00063159
1.07522e-10	0.000633731
1.07561e-10	0.000635872
1.076e-10	0.000638014
1.0764e-10	0.000640157
1.07679e-10	0.000642301
1.07718e-10	0.000644445
1.07758e-10	0.000646591
1.07797e-10	0.000648736
1.07836e-10	0.000650883
1.07876e-10	0.000653031
1.07915e-10	0.000655179
1.07954e-10	0.000657328
1.07994e-10	0.000659477
1.08033e-10	0.000661628
1.08073e-10	0.000663779
1.08112e-10	0.00066593
1.08151e-10	0.000668083
1.08191e-10	0.000670236
1.0823e-10	0.00067239
1.08269e-10	0.000674544
1.08309e-10	0.000676699
1.08348e-10	0.000678855
1.08387e-10	0.000681011
1.08427e-10	0.000683168
1.08466e-10	0.000685326
1.08505e-10	0.000687484
1.08545e-10	0.000689643
1.08584e-10	0.000691803
1.08624e-10	0.000693963
1.08663e-10	0.000696123
1.08702e-10	0.000698285
1.08742e-10	0.000700447
1.08781e-10	0.000702609
1.0882e-10	0.000704772
1.0886e-10	0.000706936
1.08899e-10	0.0007091
1.08938e-10	0.000711264
1.08978e-10	0.000713429
1.09017e-10	0.000715595
1.09056e-10	0.000717761
1.09096e-10	0.000719928
1.09135e-10	0.000722095
1.09174e-10	0.000724263
1.09214e-10	0.000726431
1.09253e-10	0.0007286
1.09293e-10	0.000730769
1.09332e-10	0.000732939
1.09371e-10	0.000735109
1.09411e-10	0.000737279
1.0945e-10	0.00073945
1.09489e-10	0.000741622
1.09529e-10	0.000743793
1.09568e-10	0.000745966
1.09607e-10	0.000748138
1.09647e-10	0.000750311
1.09686e-10	0.000752485
1.09725e-10	0.000754659
1.09765e-10	0.000756833
1.09804e-10	0.000759007
1.09844e-10	0.000761182
1.09883e-10	0.000763358
1.09922e-10	0.000765533
1.09962e-10	0.000767709
1.10001e-10	0.000769886
1.1004e-10	0.000772062
1.1008e-10	0.000774239
1.10119e-10	0.000776416
1.10158e-10	0.000778594
1.10198e-10	0.000780772
1.10237e-10	0.00078295
1.10276e-10	0.000785128
1.10316e-10	0.000787307
1.10355e-10	0.000789486
1.10395e-10	0.000791665
1.10434e-10	0.000793844
1.10473e-10	0.000796024
1.10513e-10	0.000798204
1.10552e-10	0.000800384
1.10591e-10	0.000802564
1.10631e-10	0.000804745
1.1067e-10	0.000806926
1.10709e-10	0.000809106
1.10749e-10	0.000811287
1.10788e-10	0.000813469
1.10827e-10	0.00081565
1.10867e-10	0.000817832
1.10906e-10	0.000820013
1.10946e-10	0.000822195
1.10985e-10	0.000824377
1.11024e-10	0.000826559
1.11064e-10	0.000828741
1.11103e-10	0.000830924
1.11142e-10	0.000833106
1.11182e-10	0.000835288
1.11221e-10	0.000837471
1.1126e-10	0.000839654
1.113e-10	0.000841836
1.11339e-10	0.000844019
1.11378e-10	0.000846202
1.11418e-10	0.000848385
1.11457e-10	0.000850567
1.11497e-10	0.00085275
1.11536e-10	0.000854933
1.11575e-10	0.000857116
1.11615e-10	0.000859299
1.11654e-10	0.000861482
1.11693e-10	0.000863664
1.11733e-10	0.000865847
1.11772e-10	0.00086803
1.11811e-10	0.000870213
1.11851e-10	0.000872395
1.1189e-10	0.000874578
1.11929e-10	0.00087676
1.11969e-10	0.000878943
1.12008e-10	0.000881125
1.12048e-10	0.000883307
1.12087e-10	0.00088549
1.12126e-10	0.000887672
1.12166e-10	0.000889853
1.12205e-10	0.000892035
1.12244e-10	0.000894217
1.12284e-10	0.000896398
1.12323e-10	0.00089858
1.12362e-10	0.000900761
1.12402e-10	0.000902942
1.12441e-10	0.000905122
1.1248e-10	0.000907303
1.1252e-10	0.000909483
1.12559e-10	0.000911663
1.12599e-10	0.000913843
1.12638e-10	0.000916023
1.12677e-10	0.000918203
1.12717e-10	0.000920382
1.12756e-10	0.000922561
1.12795e-10	0.000924739
1.12835e-10	0.000926918
1.12874e-10	0.000929096
1.12913e-10	0.000931274
1.12953e-10	0.000933451
1.12992e-10	0.000935628
1.13031e-10	0.000937805
1.13071e-10	0.000939982
1.1311e-10	0.000942158
1.13149e-10	0.000944334
1.13189e-10	0.00094651
1.13228e-10	0.000948685
1.13268e-10	0.00095086
1.13307e-10	0.000953034
1.13346e-10	0.000955208
1.13386e-10	0.000957382
1.13425e-10	0.000959555
1.13464e-10	0.000961728
1.13504e-10	0.0009639
1.13543e-10	0.000966072
1.13582e-10	0.000968244
1.13622e-10	0.000970415
1.13661e-10	0.000972585
1.137e-10	0.000974755
1.1374e-10	0.000976925
1.13779e-10	0.000979094
1.13819e-10	0.000981263
1.13858e-10	0.000983431
1.13897e-10	0.000985599
1.13937e-10	0.000987766
1.13976e-10	0.000989932
1.14015e-10	0.000992098
1.14055e-10	0.000994264
1.14094e-10	0.000996429
1.14133e-10	0.000998593
1.14173e-10	0.00100076
1.14212e-10	0.00100292
1.14251e-10	0.00100508
1.14291e-10	0.00100724
1.1433e-10	0.00100941
1.1437e-10	0.00101157
1.14409e-10	0.00101373
1.14448e-10	0.00101589
1.14488e-10	0.00101804
1.14527e-10	0.0010202
1.14566e-10	0.00102236
1.14606e-10	0.00102452
1.14645e-10	0.00102667
1.14684e-10	0.00102883
1.14724e-10	0.00103098
1.14763e-10	0.00103314
1.14802e-10	0.00103529
1.14842e-10	0.00103744
1.14881e-10	0.00103959
1.14921e-10	0.00104174
1.1496e-10	0.0010439
1.14999e-10	0.00104604
1.15039e-10	0.00104819
1.15078e-10	0.00105034
1.15117e-10	0.00105249
1.15157e-10	0.00105463
1.15196e-10	0.00105678
1.15235e-10	0.00105892
1.15275e-10	0.00106107
1.15314e-10	0.00106321
1.15353e-10	0.00106535
1.15393e-10	0.00106749
1.15432e-10	0.00106963
1.15472e-10	0.00107177
1.15511e-10	0.00107391
1.1555e-10	0.00107605
1.1559e-10	0.00107819
1.15629e-10	0.00108032
1.15668e-10	0.00108246
1.15708e-10	0.00108459
1.15747e-10	0.00108672
1.15786e-10	0.00108885
1.15826e-10	0.00109098
1.15865e-10	0.00109311
1.15904e-10	0.00109524
1.15944e-10	0.00109737
1.15983e-10	0.0010995
1.16023e-10	0.00110162
1.16062e-10	0.00110375
1.16101e-10	0.00110587
1.16141e-10	0.001108
1.1618e-10	0.00111012
1.16219e-10	0.00111224
1.16259e-10	0.00111436
1.16298e-10	0.00111648
1.16337e-10	0.00111859
1.16377e-10	0.00112071
1.16416e-10	0.00112282
1.16455e-10	0.00112494
1.16495e-10	0.00112705
1.16534e-10	0.00112916
1.16573e-10	0.00113127
1.16613e-10	0.00113338
1.16652e-10	0.00113549
1.16692e-10	0.0011376
1.16731e-10	0.0011397
1.1677e-10	0.00114181
1.1681e-10	0.00114391
1.16849e-10	0.00114601
1.16888e-10	0.00114811
1.16928e-10	0.00115021
1.16967e-10	0.00115231
1.17006e-10	0.00115441
1.17046e-10	0.0011565
1.17085e-10	0.0011586
1.17124e-10	0.00116069
1.17164e-10	0.00116278
1.17203e-10	0.00116487
1.17243e-10	0.00116696
1.17282e-10	0.00116905
1.17321e-10	0.00117113
1.17361e-10	0.00117322
1.174e-10	0.0011753
1.17439e-10	0.00117739
1.17479e-10	0.00117947
1.17518e-10	0.00118155
1.17557e-10	0.00118362
1.17597e-10	0.0011857
1.17636e-10	0.00118778
1.17675e-10	0.00118985
1.17715e-10	0.00119192
1.17754e-10	0.00119399
1.17794e-10	0.00119606
1.17833e-10	0.00119813
1.17872e-10	0.0012002
1.17912e-10	0.00120226
1.17951e-10	0.00120432
1.1799e-10	0.00120639
1.1803e-10	0.00120845
1.18069e-10	0.00121051
1.18108e-10	0.00121256
1.18148e-10	0.00121462
1.18187e-10	0.00121667
1.18226e-10	0.00121872
1.18266e-10	0.00122078
1.18305e-10	0.00122282
1.18345e-10	0.00122487
1.18384e-10	0.00122692
1.18423e-10	0.00122896
1.18463e-10	0.00123101
1.18502e-10	0.00123305
1.18541e-10	0.00123509
1.18581e-10	0.00123712
1.1862e-10	0.00123916
1.18659e-10	0.00124119
1.18699e-10	0.00124323
1.18738e-10	0.00124526
1.18777e-10	0.00124729
1.18817e-10	0.00124931
1.18856e-10	0.00125134
1.18896e-10	0.00125336
1.18935e-10	0.00125539
1.18974e-10	0.00125741
1.19014e-10	0.00125942
1.19053e-10	0.00126144
1.19092e-10	0.00126346
1.19132e-10	0.00126547
1.19171e-10	0.00126748
1.1921e-10	0.00126949
1.1925e-10	0.0012715
1.19289e-10	0.0012735
1.19328e-10	0.00127551
1.19368e-10	0.00127751
1.19407e-10	0.00127951
1.19447e-10	0.00128151
1.19486e-10	0.0012835
1.19525e-10	0.0012855
1.19565e-10	0.00128749
1.19604e-10	0.00128948
1.19643e-10	0.00129147
1.19683e-10	0.00129345
1.19722e-10	0.00129544
1.19761e-10	0.00129742
1.19801e-10	0.0012994
1.1984e-10	0.00130138
1.19879e-10	0.00130336
1.19919e-10	0.00130533
1.19958e-10	0.0013073
1.19997e-10	0.00130927
1.20037e-10	0.00131124
1.20076e-10	0.00131321
1.20116e-10	0.00131517
1.20155e-10	0.00131713
1.20194e-10	0.00131909
1.20234e-10	0.00132105
1.20273e-10	0.00132301
1.20312e-10	0.00132496
1.20352e-10	0.00132691
1.20391e-10	0.00132886
1.2043e-10	0.00133081
1.2047e-10	0.00133275
1.20509e-10	0.0013347
1.20548e-10	0.00133664
1.20588e-10	0.00133857
1.20627e-10	0.00134051
1.20667e-10	0.00134244
1.20706e-10	0.00134437
1.20745e-10	0.0013463
1.20785e-10	0.00134823
1.20824e-10	0.00135016
1.20863e-10	0.00135208
1.20903e-10	0.001354
1.20942e-10	0.00135592
1.20981e-10	0.00135783
1.21021e-10	0.00135974
1.2106e-10	0.00136165
1.21099e-10	0.00136356
1.21139e-10	0.00136547
1.21178e-10	0.00136737
1.21218e-10	0.00136927
1.21257e-10	0.00137117
1.21296e-10	0.00137307
1.21336e-10	0.00137496
1.21375e-10	0.00137685
1.21414e-10	0.00137874
1.21454e-10	0.00138063
1.21493e-10	0.00138251
1.21532e-10	0.0013844
1.21572e-10	0.00138627
1.21611e-10	0.00138815
1.2165e-10	0.00139003
1.2169e-10	0.0013919
1.21729e-10	0.00139377
1.21769e-10	0.00139563
1.21808e-10	0.0013975
1.21847e-10	0.00139936
1.21887e-10	0.00140122
1.21926e-10	0.00140307
1.21965e-10	0.00140493
1.22005e-10	0.00140678
1.22044e-10	0.00140863
1.22083e-10	0.00141047
1.22123e-10	0.00141232
1.22162e-10	0.00141416
1.22201e-10	0.00141599
1.22241e-10	0.00141783
1.2228e-10	0.00141966
1.2232e-10	0.00142149
1.22359e-10	0.00142332
1.22398e-10	0.00142514
1.22438e-10	0.00142697
1.22477e-10	0.00142878
1.22516e-10	0.0014306
1.22556e-10	0.00143241
1.22595e-10	0.00143422
1.22634e-10	0.00143603
1.22674e-10	0.00143784
1.22713e-10	0.00143964
1.22752e-10	0.00144144
1.22792e-10	0.00144324
1.22831e-10	0.00144503
1.22871e-10	0.00144682
1.2291e-10	0.00144861
1.22949e-10	0.00145039
1.22989e-10	0.00145218
1.23028e-10	0.00145396
1.23067e-10	0.00145573
1.23107e-10	0.00145751
1.23146e-10	0.00145928
1.23185e-10	0.00146104
1.23225e-10	0.00146281
1.23264e-10	0.00146457
1.23303e-10	0.00146633
1.23343e-10	0.00146809
1.23382e-10	0.00146984
1.23421e-10	0.00147159
1.23461e-10	0.00147334
1.235e-10	0.00147508
1.2354e-10	0.00147682
1.23579e-10	0.00147856
1.23618e-10	0.00148029
1.23658e-10	0.00148202
1.23697e-10	0.00148375
1.23736e-10	0.00148548
1.23776e-10	0.0014872
1.23815e-10	0.00148892
1.23854e-10	0.00149064
1.23894e-10	0.00149235
1.23933e-10	0.00149406
1.23972e-10	0.00149577
1.24012e-10	0.00149747
1.24051e-10	0.00149917
1.24091e-10	0.00150087
1.2413e-10	0.00150256
1.24169e-10	0.00150425
1.24209e-10	0.00150594
1.24248e-10	0.00150762
1.24287e-10	0.0015093
1.24327e-10	0.00151098
1.24366e-10	0.00151266
1.24405e-10	0.00151433
1.24445e-10	0.001516
1.24484e-10	0.00151766
1.24523e-10	0.00151932
1.24563e-10	0.00152098
1.24602e-10	0.00152263
1.24642e-10	0.00152428
1.24681e-10	0.00152593
1.2472e-10	0.00152758
1.2476e-10	0.00152922
1.24799e-10	0.00153086
1.24838e-10	0.00153249
1.24878e-10	0.00153412
1.24917e-10	0.00153575
1.24956e-10	0.00153737
1.24996e-10	0.00153899
1.25035e-10	0.00154061
1.25074e-10	0.00154222
1.25114e-10	0.00154383
1.25153e-10	0.00154544
1.25193e-10	0.00154704
1.25232e-10	0.00154864
1.25271e-10	0.00155024
1.25311e-10	0.00155183
1.2535e-10	0.00155342
1.25389e-10	0.00155501
1.25429e-10	0.00155659
1.25468e-10	0.00155817
1.25507e-10	0.00155974
1.25547e-10	0.00156131
1.25586e-10	0.00156288
1.25625e-10	0.00156444
1.25665e-10	0.001566
1.25704e-10	0.00156756
1.25744e-10	0.00156911
1.25783e-10	0.00157066
1.25822e-10	0.00157221
1.25862e-10	0.00157375
1.25901e-10	0.00157529
1.2594e-10	0.00157682
1.2598e-10	0.00157835
1.26019e-10	0.00157988
1.26058e-10	0.0015814
1.26098e-10	0.00158292
1.26137e-10	0.00158444
1.26176e-10	0.00158595
1.26216e-10	0.00158746
1.26255e-10	0.00158896
1.26295e-10	0.00159046
1.26334e-10	0.00159196
1.26373e-10	0.00159345
1.26413e-10	0.00159494
1.26452e-10	0.00159642
1.26491e-10	0.0015979
1.26531e-10	0.00159938
1.2657e-10	0.00160085
1.26609e-10	0.00160232
1.26649e-10	0.00160379
1.26688e-10	0.00160525
1.26727e-10	0.00160671
1.26767e-10	0.00160816
1.26806e-10	0.00160961
1.26845e-10	0.00161106
1.26885e-10	0.0016125
1.26924e-10	0.00161393
1.26964e-10	0.00161537
1.27003e-10	0.0016168
1.27042e-10	0.00161822
1.27082e-10	0.00161964
1.27121e-10	0.00162106
1.2716e-10	0.00162248
1.272e-10	0.00162388
1.27239e-10	0.00162529
1.27278e-10	0.00162669
1.27318e-10	0.00162809
1.27357e-10	0.00162948
1.27396e-10	0.00163087
1.27436e-10	0.00163225
1.27475e-10	0.00163363
1.27515e-10	0.00163501
1.27554e-10	0.00163638
1.27593e-10	0.00163775
1.27633e-10	0.00163911
1.27672e-10	0.00164047
1.27711e-10	0.00164183
1.27751e-10	0.00164318
1.2779e-10	0.00164452
1.27829e-10	0.00164587
1.27869e-10	0.0016472
1.27908e-10	0.00164854
1.27947e-10	0.00164987
1.27987e-10	0.00165119
1.28026e-10	0.00165251
1.28066e-10	0.00165383
1.28105e-10	0.00165514
1.28144e-10	0.00165645
1.28184e-10	0.00165775
1.28223e-10	0.00165905
1.28262e-10	0.00166035
1.28302e-10	0.00166164
1.28341e-10	0.00166292
1.2838e-10	0.0016642
1.2842e-10	0.00166548
1.28459e-10	0.00166675
1.28498e-10	0.00166802
1.28538e-10	0.00166928
1.28577e-10	0.00167054
1.28617e-10	0.0016718
1.28656e-10	0.00167305
1.28695e-10	0.00167429
1.28735e-10	0.00167553
1.28774e-10	0.00167677
1.28813e-10	0.001678
1.28853e-10	0.00167923
1.28892e-10	0.00168045
1.28931e-10	0.00168167
1.28971e-10	0.00168288
1.2901e-10	0.00168409
1.29049e-10	0.0016853
1.29089e-10	0.0016865
1.29128e-10	0.00168769
1.29168e-10	0.00168888
1.29207e-10	0.00169007
1.29246e-10	0.00169125
1.29286e-10	0.00169243
1.29325e-10	0.0016936
1.29364e-10	0.00169476
1.29404e-10	0.00169593
1.29443e-10	0.00169708
1.29482e-10	0.00169824
1.29522e-10	0.00169938
1.29561e-10	0.00170053
1.296e-10	0.00170167
1.2964e-10	0.0017028
1.29679e-10	0.00170393
1.29719e-10	0.00170505
1.29758e-10	0.00170617
1.29797e-10	0.00170729
1.29837e-10	0.0017084
1.29876e-10	0.0017095
1.29915e-10	0.0017106
1.29955e-10	0.0017117
1.29994e-10	0.00171279
1.30033e-10	0.00171387
1.30073e-10	0.00171495
1.30112e-10	0.00171603
1.30151e-10	0.0017171
1.30191e-10	0.00171816
1.3023e-10	0.00171922
1.30269e-10	0.00172028
1.30309e-10	0.00172133
1.30348e-10	0.00172237
1.30388e-10	0.00172341
1.30427e-10	0.00172445
1.30466e-10	0.00172548
1.30506e-10	0.00172651
1.30545e-10	0.00172753
1.30584e-10	0.00172854
1.30624e-10	0.00172955
1.30663e-10	0.00173056
1.30702e-10	0.00173156
1.30742e-10	0.00173255
1.30781e-10	0.00173354
1.3082e-10	0.00173453
1.3086e-10	0.00173551
1.30899e-10	0.00173648
1.30939e-10	0.00173745
1.30978e-10	0.00173842
1.31017e-10	0.00173937
1.31057e-10	0.00174033
1.31096e-10	0.00174128
1.31135e-10	0.00174222
1.31175e-10	0.00174316
1.31214e-10	0.00174409
1.31253e-10	0.00174502
1.31293e-10	0.00174594
1.31332e-10	0.00174686
1.31371e-10	0.00174777
1.31411e-10	0.00174868
1.3145e-10	0.00174958
1.3149e-10	0.00175048
1.31529e-10	0.00175137
1.31568e-10	0.00175225
1.31608e-10	0.00175313
1.31647e-10	0.00175401
1.31686e-10	0.00175487
1.31726e-10	0.00175574
1.31765e-10	0.0017566
1.31804e-10	0.00175745
1.31844e-10	0.0017583
1.31883e-10	0.00175914
1.31922e-10	0.00175998
1.31962e-10	0.00176081
1.32001e-10	0.00176163
1.32041e-10	0.00176245
1.3208e-10	0.00176327
1.32119e-10	0.00176408
1.32159e-10	0.00176488
1.32198e-10	0.00176568
1.32237e-10	0.00176647
1.32277e-10	0.00176726
1.32316e-10	0.00176804
1.32355e-10	0.00176882
1.32395e-10	0.00176959
1.32434e-10	0.00177036
1.32473e-10	0.00177112
1.32513e-10	0.00177187
1.32552e-10	0.00177262
1.32592e-10	0.00177336
1.32631e-10	0.0017741
1.3267e-10	0.00177483
1.3271e-10	0.00177555
1.32749e-10	0.00177628
1.32788e-10	0.00177699
1.32828e-10	0.0017777
1.32867e-10	0.0017784
1.32906e-10	0.0017791
1.32946e-10	0.00177979
1.32985e-10	0.00178048
1.33024e-10	0.00178116
1.33064e-10	0.00178183
1.33103e-10	0.0017825
1.33143e-10	0.00178316
1.33182e-10	0.00178382
1.33221e-10	0.00178447
1.33261e-10	0.00178512
1.333e-10	0.00178576
1.33339e-10	0.00178639
1.33379e-10	0.00178702
1.33418e-10	0.00178764
1.33457e-10	0.00178826
1.33497e-10	0.00178887
1.33536e-10	0.00178947
1.33575e-10	0.00179007
1.33615e-10	0.00179066
1.33654e-10	0.00179125
1.33694e-10	0.00179183
1.33733e-10	0.00179241
1.33772e-10	0.00179297
1.33812e-10	0.00179354
1.33851e-10	0.00179409
1.3389e-10	0.00179465
1.3393e-10	0.00179519
1.33969e-10	0.00179573
1.34008e-10	0.00179626
1.34048e-10	0.00179679
1.34087e-10	0.00179731
1.34126e-10	0.00179783
1.34166e-10	0.00179833
1.34205e-10	0.00179884
1.34244e-10	0.00179933
1.34284e-10	0.00179982
1.34323e-10	0.00180031
1.34363e-10	0.00180079
1.34402e-10	0.00180126
1.34441e-10	0.00180173
1.34481e-10	0.00180219
1.3452e-10	0.00180264
1.34559e-10	0.00180309
1.34599e-10	0.00180353
1.34638e-10	0.00180397
1.34677e-10	0.0018044
1.34717e-10	0.00180482
1.34756e-10	0.00180524
1.34795e-10	0.00180565
1.34835e-10	0.00180605
1.34874e-10	0.00180645
1.34914e-10	0.00180684
1.34953e-10	0.00180723
1.34992e-10	0.00180761
1.35032e-10	0.00180798
1.35071e-10	0.00180835
1.3511e-10	0.00180871
1.3515e-10	0.00180906
1.35189e-10	0.00180941
1.35228e-10	0.00180975
1.35268e-10	0.00181008
1.35307e-10	0.00181041
1.35346e-10	0.00181074
1.35386e-10	0.00181105
1.35425e-10	0.00181136
1.35465e-10	0.00181166
1.35504e-10	0.00181196
1.35543e-10	0.00181225
1.35583e-10	0.00181254
1.35622e-10	0.00181281
1.35661e-10	0.00181308
1.35701e-10	0.00181335
1.3574e-10	0.00181361
1.35779e-10	0.00181386
1.35819e-10	0.0018141
1.35858e-10	0.00181434
1.35897e-10	0.00181458
1.35937e-10	0.0018148
1.35976e-10	0.00181502
1.36016e-10	0.00181523
1.36055e-10	0.00181544
1.36094e-10	0.00181564
1.36134e-10	0.00181583
1.36173e-10	0.00181602
1.36212e-10	0.0018162
1.36252e-10	0.00181637
1.36291e-10	0.00181654
1.3633e-10	0.0018167
1.3637e-10	0.00181685
1.36409e-10	0.001817
1.36448e-10	0.00181714
1.36488e-10	0.00181727
1.36527e-10	0.0018174
1.36567e-10	0.00181752
1.36606e-10	0.00181763
1.36645e-10	0.00181774
1.36685e-10	0.00181784
1.36724e-10	0.00181793
1.36763e-10	0.00181802
1.36803e-10	0.00181809
1.36842e-10	0.00181817
1.36881e-10	0.00181823
1.36921e-10	0.00181829
1.3696e-10	0.00181835
1.36999e-10	0.00181839
1.37039e-10	0.00181843
1.37078e-10	0.00181846
1.37118e-10	0.00181849
1.37157e-10	0.00181851
1.37196e-10	0.00181852
1.37236e-10	0.00181852
1.37275e-10	0.00181852
1.37314e-10	0.00181851
1.37354e-10	0.0018185
1.37393e-10	0.00181847
1.37432e-10	0.00181844
1.37472e-10	0.00181841
1.37511e-10	0.00181836
1.3755e-10	0.00181831
1.3759e-10	0.00181826
1.37629e-10	0.00181819
1.37668e-10	0.00181812
1.37708e-10	0.00181804
1.37747e-10	0.00181796
1.37787e-10	0.00181786
1.37826e-10	0.00181777
1.37865e-10	0.00181766
1.37905e-10	0.00181755
1.37944e-10	0.00181743
1.37983e-10	0.0018173
1.38023e-10	0.00181716
1.38062e-10	0.00181702
1.38101e-10	0.00181687
1.38141e-10	0.00181672
1.3818e-10	0.00181656
1.38219e-10	0.00181639
1.38259e-10	0.00181621
1.38298e-10	0.00181603
1.38338e-10	0.00181583
1.38377e-10	0.00181564
1.38416e-10	0.00181543
1.38456e-10	0.00181522
1.38495e-10	0.001815
1.38534e-10	0.00181477
1.38574e-10	0.00181454
1.38613e-10	0.0018143
1.38652e-10	0.00181405
1.38692e-10	0.00181379
1.38731e-10	0.00181353
1.3877e-10	0.00181326
1.3881e-10	0.00181298
1.38849e-10	0.0018127
1.38889e-10	0.00181241
1.38928e-10	0.00181211
1.38967e-10	0.0018118
1.39007e-10	0.00181149
1.39046e-10	0.00181117
1.39085e-10	0.00181084
1.39125e-10	0.0018105
1.39164e-10	0.00181016
1.39203e-10	0.00180981
1.39243e-10	0.00180945
1.39282e-10	0.00180909
1.39321e-10	0.00180872
1.39361e-10	0.00180834
1.394e-10	0.00180795
1.3944e-10	0.00180756
1.39479e-10	0.00180716
1.39518e-10	0.00180675
1.39558e-10	0.00180633
1.39597e-10	0.00180591
1.39636e-10	0.00180547
1.39676e-10	0.00180504
1.39715e-10	0.00180459
1.39754e-10	0.00180414
1.39794e-10	0.00180368
1.39833e-10	0.00180321
1.39872e-10	0.00180273
1.39912e-10	0.00180225
1.39951e-10	0.00180176
1.39991e-10	0.00180126
1.4003e-10	0.00180075
1.40069e-10	0.00180024
1.40109e-10	0.00179972
1.40148e-10	0.00179919
1.40187e-10	0.00179865
1.40227e-10	0.00179811
1.40266e-10	0.00179756
1.40305e-10	0.001797
1.40345e-10	0.00179643
1.40384e-10	0.00179586
1.40423e-10	0.00179528
1.40463e-10	0.00179469
1.40502e-10	0.00179409
1.40542e-10	0.00179349
1.40581e-10	0.00179288
1.4062e-10	0.00179226
1.4066e-10	0.00179163
1.40699e-10	0.00179099
1.40738e-10	0.00179035
1.40778e-10	0.0017897
1.40817e-10	0.00178904
1.40856e-10	0.00178838
1.40896e-10	0.0017877
1.40935e-10	0.00178702
1.40974e-10	0.00178633
1.41014e-10	0.00178564
1.41053e-10	0.00178493
1.41092e-10	0.00178422
1.41132e-10	0.0017835
1.41171e-10	0.00178277
1.41211e-10	0.00178204
1.4125e-10	0.00178129
1.41289e-10	0.00178054
1.41329e-10	0.00177978
1.41368e-10	0.00177902
1.41407e-10	0.00177824
1.41447e-10	0.00177746
1.41486e-10	0.00177667
1.41525e-10	0.00177587
1.41565e-10	0.00177507
1.41604e-10	0.00177426
1.41643e-10	0.00177343
1.41683e-10	0.0017726
1.41722e-10	0.00177177
1.41762e-10	0.00177092
1.41801e-10	0.00177007
1.4184e-10	0.00176921
1.4188e-10	0.00176834
1.41919e-10	0.00176746
1.41958e-10	0.00176658
1.41998e-10	0.00176569
1.42037e-10	0.00176479
1.42076e-10	0.00176388
1.42116e-10	0.00176296
1.42155e-10	0.00176204
1.42194e-10	0.00176111
1.42234e-10	0.00176017
1.42273e-10	0.00175922
1.42313e-10	0.00175826
1.42352e-10	0.0017573
1.42391e-10	0.00175633
1.42431e-10	0.00175535
1.4247e-10	0.00175436
1.42509e-10	0.00175336
1.42549e-10	0.00175236
1.42588e-10	0.00175135
1.42627e-10	0.00175033
1.42667e-10	0.0017493
1.42706e-10	0.00174826
1.42745e-10	0.00174722
1.42785e-10	0.00174616
1.42824e-10	0.0017451
1.42864e-10	0.00174404
1.42903e-10	0.00174296
1.42942e-10	0.00174187
1.42982e-10	0.00174078
1.43021e-10	0.00173968
1.4306e-10	0.00173857
1.431e-10	0.00173745
1.43139e-10	0.00173633
1.43178e-10	0.00173519
1.43218e-10	0.00173405
1.43257e-10	0.0017329
1.43296e-10	0.00173174
1.43336e-10	0.00173058
1.43375e-10	0.0017294
1.43415e-10	0.00172822
1.43454e-10	0.00172703
1.43493e-10	0.00172583
1.43533e-10	0.00172462
1.43572e-10	0.00172341
1.43611e-10	0.00172218
1.43651e-10	0.00172095
1.4369e-10	0.00171971
1.43729e-10	0.00171846
1.43769e-10	0.00171721
1.43808e-10	0.00171594
1.43847e-10	0.00171467
1.43887e-10	0.00171339
1.43926e-10	0.0017121
1.43966e-10	0.0017108
1.44005e-10	0.00170949
1.44044e-10	0.00170818
1.44084e-10	0.00170685
1.44123e-10	0.00170552
1.44162e-10	0.00170418
1.44202e-10	0.00170283
1.44241e-10	0.00170148
1.4428e-10	0.00170011
1.4432e-10	0.00169874
1.44359e-10	0.00169736
1.44398e-10	0.00169597
1.44438e-10	0.00169457
1.44477e-10	0.00169316
1.44516e-10	0.00169175
1.44556e-10	0.00169033
1.44595e-10	0.00168889
1.44635e-10	0.00168745
1.44674e-10	0.001686
1.44713e-10	0.00168455
1.44753e-10	0.00168308
1.44792e-10	0.00168161
1.44831e-10	0.00168013
1.44871e-10	0.00167864
1.4491e-10	0.00167714
1.44949e-10	0.00167563
1.44989e-10	0.00167411
1.45028e-10	0.00167259
1.45067e-10	0.00167106
1.45107e-10	0.00166951
1.45146e-10	0.00166796
1.45186e-10	0.00166641
1.45225e-10	0.00166484
1.45264e-10	0.00166326
1.45304e-10	0.00166168
1.45343e-10	0.00166009
1.45382e-10	0.00165849
1.45422e-10	0.00165688
1.45461e-10	0.00165526
1.455e-10	0.00165363
1.4554e-10	0.001652
1.45579e-10	0.00165035
1.45618e-10	0.0016487
1.45658e-10	0.00164704
1.45697e-10	0.00164537
1.45737e-10	0.00164369
1.45776e-10	0.00164201
1.45815e-10	0.00164031
1.45855e-10	0.00163861
1.45894e-10	0.0016369
1.45933e-10	0.00163517
1.45973e-10	0.00163344
1.46012e-10	0.00163171
1.46051e-10	0.00162996
1.46091e-10	0.0016282
1.4613e-10	0.00162644
1.46169e-10	0.00162467
1.46209e-10	0.00162289
1.46248e-10	0.0016211
1.46288e-10	0.0016193
1.46327e-10	0.00161749
1.46366e-10	0.00161568
1.46406e-10	0.00161385
1.46445e-10	0.00161202
1.46484e-10	0.00161018
1.46524e-10	0.00160833
1.46563e-10	0.00160647
1.46602e-10	0.0016046
1.46642e-10	0.00160272
1.46681e-10	0.00160084
1.4672e-10	0.00159894
1.4676e-10	0.00159704
1.46799e-10	0.00159513
1.46839e-10	0.00159321
1.46878e-10	0.00159128
1.46917e-10	0.00158934
1.46957e-10	0.0015874
1.46996e-10	0.00158544
1.47035e-10	0.00158348
1.47075e-10	0.0015815
1.47114e-10	0.00157952
1.47153e-10	0.00157753
1.47193e-10	0.00157553
1.47232e-10	0.00157353
1.47271e-10	0.00157151
1.47311e-10	0.00156949
1.4735e-10	0.00156745
1.4739e-10	0.00156541
1.47429e-10	0.00156336
1.47468e-10	0.0015613
1.47508e-10	0.00155923
1.47547e-10	0.00155715
1.47586e-10	0.00155506
1.47626e-10	0.00155297
1.47665e-10	0.00155086
1.47704e-10	0.00154875
1.47744e-10	0.00154663
1.47783e-10	0.0015445
1.47822e-10	0.00154236
1.47862e-10	0.00154021
1.47901e-10	0.00153805
1.4794e-10	0.00153589
1.4798e-10	0.00153371
1.48019e-10	0.00153153
1.48059e-10	0.00152934
1.48098e-10	0.00152713
1.48137e-10	0.00152492
1.48177e-10	0.0015227
1.48216e-10	0.00152048
1.48255e-10	0.00151824
1.48295e-10	0.00151599
1.48334e-10	0.00151374
1.48373e-10	0.00151147
1.48413e-10	0.0015092
1.48452e-10	0.00150692
1.48491e-10	0.00150463
1.48531e-10	0.00150233
1.4857e-10	0.00150002
1.4861e-10	0.0014977
1.48649e-10	0.00149538
1.48688e-10	0.00149304
1.48728e-10	0.0014907
1.48767e-10	0.00148835
1.48806e-10	0.00148599
1.48846e-10	0.00148361
1.48885e-10	0.00148123
1.48924e-10	0.00147885
1.48964e-10	0.00147645
1.49003e-10	0.00147404
1.49042e-10	0.00147163
1.49082e-10	0.0014692
1.49121e-10	0.00146677
1.49161e-10	0.00146433
1.492e-10	0.00146188
1.49239e-10	0.00145942
1.49279e-10	0.00145695
1.49318e-10	0.00145447
1.49357e-10	0.00145198
1.49397e-10	0.00144948
1.49436e-10	0.00144698
1.49475e-10	0.00144447
1.49515e-10	0.00144194
1.49554e-10	0.00143941
1.49593e-10	0.00143687
1.49633e-10	0.00143432
1.49672e-10	0.00143176
1.49712e-10	0.00142919
1.49751e-10	0.00142661
1.4979e-10	0.00142403
1.4983e-10	0.00142143
1.49869e-10	0.00141883
1.49908e-10	0.00141622
1.49948e-10	0.00141359
1.49987e-10	0.00141096
1.50026e-10	0.00140832
1.50066e-10	0.00140567
1.50105e-10	0.00140302
1.50144e-10	0.00140035
1.50184e-10	0.00139767
1.50223e-10	0.00139499
1.50263e-10	0.00139229
1.50302e-10	0.00138959
1.50341e-10	0.00138688
1.50381e-10	0.00138415
1.5042e-10	0.00138142
1.50459e-10	0.00137868
1.50499e-10	0.00137594
1.50538e-10	0.00137318
1.50577e-10	0.00137041
1.50617e-10	0.00136763
1.50656e-10	0.00136485
1.50695e-10	0.00136206
1.50735e-10	0.00135925
1.50774e-10	0.00135644
1.50814e-10	0.00135362
1.50853e-10	0.00135079
1.50892e-10	0.00134795
1.50932e-10	0.0013451
1.50971e-10	0.00134224
1.5101e-10	0.00133938
1.5105e-10	0.0013365
1.51089e-10	0.00133362
1.51128e-10	0.00133072
1.51168e-10	0.00132782
1.51207e-10	0.00132491
1.51246e-10	0.00132199
1.51286e-10	0.00131906
1.51325e-10	0.00131612
1.51365e-10	0.00131317
1.51404e-10	0.00131021
1.51443e-10	0.00130725
1.51483e-10	0.00130427
1.51522e-10	0.00130128
1.51561e-10	0.00129829
1.51601e-10	0.00129529
1.5164e-10	0.00129228
1.51679e-10	0.00128925
1.51719e-10	0.00128622
1.51758e-10	0.00128319
1.51797e-10	0.00128014
1.51837e-10	0.00127708
1.51876e-10	0.00127401
1.51915e-10	0.00127094
1.51955e-10	0.00126785
1.51994e-10	0.00126476
1.52034e-10	0.00126165
1.52073e-10	0.00125854
1.52112e-10	0.00125542
1.52152e-10	0.00125229
1.52191e-10	0.00124915
1.5223e-10	0.001246
1.5227e-10	0.00124284
1.52309e-10	0.00123968
1.52348e-10	0.0012365
1.52388e-10	0.00123332
1.52427e-10	0.00123012
1.52466e-10	0.00122692
1.52506e-10	0.00122371
1.52545e-10	0.00122048
1.52585e-10	0.00121725
1.52624e-10	0.00121401
1.52663e-10	0.00121076
1.52703e-10	0.00120751
1.52742e-10	0.00120424
1.52781e-10	0.00120096
1.52821e-10	0.00119768
1.5286e-10	0.00119438
1.52899e-10	0.00119108
1.52939e-10	0.00118777
1.52978e-10	0.00118444
1.53017e-10	0.00118111
1.53057e-10	0.00117777
1.53096e-10	0.00117442
1.53136e-10	0.00117106
1.53175e-10	0.0011677
1.53214e-10	0.00116432
1.53254e-10	0.00116093
1.53293e-10	0.00115754
1.53332e-10	0.00115413
1.53372e-10	0.00115072
1.53411e-10	0.0011473
1.5345e-10	0.00114387
1.5349e-10	0.00114043
1.53529e-10	0.00113698
1.53568e-10	0.00113352
1.53608e-10	0.00113005
1.53647e-10	0.00112657
1.53687e-10	0.00112309
1.53726e-10	0.00111959
1.53765e-10	0.00111609
1.53805e-10	0.00111257
1.53844e-10	0.00110905
1.53883e-10	0.00110552
1.53923e-10	0.00110198
1.53962e-10	0.00109843
1.54001e-10	0.00109487
1.54041e-10	0.0010913
1.5408e-10	0.00108772
1.54119e-10	0.00108413
1.54159e-10	0.00108054
1.54198e-10	0.00107693
1.54238e-10	0.00107332
1.54277e-10	0.0010697
1.54316e-10	0.00106607
1.54356e-10	0.00106242
1.54395e-10	0.00105877
1.54434e-10	0.00105511
1.54474e-10	0.00105145
1.54513e-10	0.00104777
1.54552e-10	0.00104408
1.54592e-10	0.00104039
1.54631e-10	0.00103668
1.5467e-10	0.00103297
1.5471e-10	0.00102924
1.54749e-10	0.00102551
1.54789e-10	0.00102177
1.54828e-10	0.00101802
1.54867e-10	0.00101426
1.54907e-10	0.00101049
1.54946e-10	0.00100671
1.54985e-10	0.00100293
1.55025e-10	0.000999132
1.55064e-10	0.000995327
1.55103e-10	0.000991513
1.55143e-10	0.000987691
1.55182e-10	0.000983858
1.55221e-10	0.000980017
1.55261e-10	0.000976167
1.553e-10	0.000972308
1.55339e-10	0.00096844
1.55379e-10	0.000964562
1.55418e-10	0.000960676
1.55458e-10	0.00095678
1.55497e-10	0.000952876
1.55536e-10	0.000948962
1.55576e-10	0.000945039
1.55615e-10	0.000941108
1.55654e-10	0.000937167
1.55694e-10	0.000933217
1.55733e-10	0.000929258
1.55772e-10	0.00092529
1.55812e-10	0.000921314
1.55851e-10	0.000917328
1.5589e-10	0.000913333
1.5593e-10	0.000909329
1.55969e-10	0.000905316
1.56009e-10	0.000901294
1.56048e-10	0.000897263
1.56087e-10	0.000893222
1.56127e-10	0.000889173
1.56166e-10	0.000885115
1.56205e-10	0.000881048
1.56245e-10	0.000876972
1.56284e-10	0.000872887
1.56323e-10	0.000868793
1.56363e-10	0.00086469
1.56402e-10	0.000860578
1.56441e-10	0.000856457
1.56481e-10	0.000852327
1.5652e-10	0.000848188
1.5656e-10	0.00084404
1.56599e-10	0.000839883
1.56638e-10	0.000835717
1.56678e-10	0.000831542
1.56717e-10	0.000827358
1.56756e-10	0.000823165
1.56796e-10	0.000818963
1.56835e-10	0.000814752
1.56874e-10	0.000810533
1.56914e-10	0.000806304
1.56953e-10	0.000802066
1.56992e-10	0.00079782
1.57032e-10	0.000793564
1.57071e-10	0.0007893
1.57111e-10	0.000785027
1.5715e-10	0.000780744
1.57189e-10	0.000776453
1.57229e-10	0.000772153
1.57268e-10	0.000767844
1.57307e-10	0.000763526
1.57347e-10	0.000759199
1.57386e-10	0.000754864
1.57425e-10	0.000750519
1.57465e-10	0.000746166
1.57504e-10	0.000741803
1.57543e-10	0.000737432
1.57583e-10	0.000733052
1.57622e-10	0.000728663
1.57662e-10	0.000724265
1.57701e-10	0.000719858
1.5774e-10	0.000715443
1.5778e-10	0.000711018
1.57819e-10	0.000706585
1.57858e-10	0.000702143
1.57898e-10	0.000697692
1.57937e-10	0.000693232
1.57976e-10	0.000688763
1.58016e-10	0.000684286
1.58055e-10	0.000679799
1.58094e-10	0.000675304
1.58134e-10	0.0006708
1.58173e-10	0.000666288
1.58213e-10	0.000661766
1.58252e-10	0.000657236
1.58291e-10	0.000652697
1.58331e-10	0.000648149
1.5837e-10	0.000643592
1.58409e-10	0.000639026
1.58449e-10	0.000634452
1.58488e-10	0.000629869
1.58527e-10	0.000625277
1.58567e-10	0.000620677
1.58606e-10	0.000616067
1.58645e-10	0.000611449
1.58685e-10	0.000606823
1.58724e-10	0.000602187
1.58763e-10	0.000597543
1.58803e-10	0.00059289
1.58842e-10	0.000588228
1.58882e-10	0.000583558
1.58921e-10	0.000578879
1.5896e-10	0.000574191
1.59e-10	0.000569494
1.59039e-10	0.000564789
1.59078e-10	0.000560076
1.59118e-10	0.000555353
1.59157e-10	0.000550622
1.59196e-10	0.000545882
1.59236e-10	0.000541133
1.59275e-10	0.000536376
1.59314e-10	0.00053161
1.59354e-10	0.000526836
1.59393e-10	0.000522053
1.59433e-10	0.000517261
1.59472e-10	0.000512461
1.59511e-10	0.000507652
1.59551e-10	0.000502834
1.5959e-10	0.000498008
1.59629e-10	0.000493173
1.59669e-10	0.00048833
1.59708e-10	0.000483478
1.59747e-10	0.000478618
1.59787e-10	0.000473749
1.59826e-10	0.000468871
1.59865e-10	0.000463985
1.59905e-10	0.00045909
1.59944e-10	0.000454187
1.59984e-10	0.000449275
1.60023e-10	0.000444355
1.60062e-10	0.000439426
1.60102e-10	0.000434488
1.60141e-10	0.000429543
1.6018e-10	0.000424588
1.6022e-10	0.000419625
1.60259e-10	0.000414654
1.60298e-10	0.000409674
1.60338e-10	0.000404686
1.60377e-10	0.000399689
1.60416e-10	0.000394684
1.60456e-10	0.00038967
1.60495e-10	0.000384648
1.60535e-10	0.000379618
1.60574e-10	0.000374579
1.60613e-10	0.000369531
1.60653e-10	0.000364476
1.60692e-10	0.000359411
1.60731e-10	0.000354339
1.60771e-10	0.000349258
1.6081e-10	0.000344169
1.60849e-10	0.000339071
1.60889e-10	0.000333965
1.60928e-10	0.00032885
1.60967e-10	0.000323728
1.61007e-10	0.000318596
1.61046e-10	0.000313457
1.61086e-10	0.000308309
1.61125e-10	0.000303153
1.61164e-10	0.000297989
1.61204e-10	0.000292816
1.61243e-10	0.000287635
1.61282e-10	0.000282446
1.61322e-10	0.000277248
1.61361e-10	0.000272042
1.614e-10	0.000266828
1.6144e-10	0.000261606
1.61479e-10	0.000256375
1.61518e-10	0.000251137
1.61558e-10	0.00024589
1.61597e-10	0.000240634
1.61637e-10	0.000235371
1.61676e-10	0.000230099
1.61715e-10	0.00022482
1.61755e-10	0.000219532
1.61794e-10	0.000214235
1.61833e-10	0.000208931
1.61873e-10	0.000203619
1.61912e-10	0.000198298
1.61951e-10	0.000192969
1.61991e-10	0.000187632
1.6203e-10	0.000182287
1.62069e-10	0.000176934
1.62109e-10	0.000171573
1.62148e-10	0.000166204
1.62187e-10	0.000160826
1.62227e-10	0.000155441
1.62266e-10	0.000150047
1.62306e-10	0.000144646
1.62345e-10	0.000139236
1.62384e-10	0.000133818
1.62424e-10	0.000128393
1.62463e-10	0.000122959
1.62502e-10	0.000117517
1.62542e-10	0.000112068
1.62581e-10	0.00010661
1.6262e-10	0.000101144
1.6266e-10	9.56708e-05
1.62699e-10	9.01893e-05
1.62738e-10	8.46998e-05
1.62778e-10	7.92023e-05
1.62817e-10	7.3697e-05
1.62857e-10	6.81837e-05
1.62896e-10	6.26625e-05
1.62935e-10	5.71334e-05
1.62975e-10	5.15965e-05
1.63014e-10	4.60516e-05
1.63053e-10	4.0499e-05
1.63093e-10	3.49384e-05
1.63132e-10	2.937e-05
1.63171e-10	2.37938e-05
1.63211e-10	1.82097e-05
1.6325e-10	1.26179e-05
1.63289e-10	7.01821e-06
1.63329e-10	1.41076e-06
1.63368e-10	-4.20448e-06
1.63408e-10	-9.82748e-06
1.63447e-10	-1.54582e-05
1.63486e-10	-2.10968e-05
1.63526e-10	-2.6743e-05
1.63565e-10	-3.2397e-05
1.63604e-10	-3.80587e-05
1.63644e-10	-4.37281e-05
1.63683e-10	-4.94051e-05
1.63722e-10	-5.50899e-05
1.63762e-10	-6.07823e-05
1.63801e-10	-6.64825e-05
1.6384e-10	-7.21902e-05
1.6388e-10	-7.79056e-05
1.63919e-10	-8.36286e-05
1.63959e-10	-8.93592e-05
1.63998e-10	-9.50975e-05
1.64037e-10	-0.000100843
1.64077e-10	-0.000106597
1.64116e-10	-0.000112358
1.64155e-10	-0.000118126
1.64195e-10	-0.000123902
1.64234e-10	-0.000129686
1.64273e-10	-0.000135477
1.64313e-10	-0.000141276
1.64352e-10	-0.000147082
1.64391e-10	-0.000152896
1.64431e-10	-0.000158717
1.6447e-10	-0.000164545
1.6451e-10	-0.000170381
1.64549e-10	-0.000176225
1.64588e-10	-0.000182076
1.64628e-10	-0.000187934
1.64667e-10	-0.0001938
1.64706e-10	-0.000199673
1.64746e-10	-0.000205553
1.64785e-10	-0.000211441
1.64824e-10	-0.000217336
1.64864e-10	-0.000223239
1.64903e-10	-0.000229149
1.64942e-10	-0.000235066
1.64982e-10	-0.000240991
1.65021e-10	-0.000246922
1.65061e-10	-0.000252862
1.651e-10	-0.000258808
1.65139e-10	-0.000264761
1.65179e-10	-0.000270722
1.65218e-10	-0.00027669
1.65257e-10	-0.000282666
1.65297e-10	-0.000288648
1.65336e-10	-0.000294638
1.65375e-10	-0.000300635
1.65415e-10	-0.000306639
1.65454e-10	-0.00031265
1.65493e-10	-0.000318668
1.65533e-10	-0.000324694
1.65572e-10	-0.000330727
1.65611e-10	-0.000336766
1.65651e-10	-0.000342813
1.6569e-10	-0.000348867
1.6573e-10	-0.000354928
1.65769e-10	-0.000360996
1.65808e-10	-0.000367071
1.65848e-10	-0.000373153
1.65887e-10	-0.000379242
1.65926e-10	-0.000385338
1.65966e-10	-0.000391441
1.66005e-10	-0.000397551
1.66044e-10	-0.000403668
1.66084e-10	-0.000409791
1.66123e-10	-0.000415922
1.66162e-10	-0.00042206
1.66202e-10	-0.000428204
1.66241e-10	-0.000434356
1.66281e-10	-0.000440514
1.6632e-10	-0.000446679
1.66359e-10	-0.000452851
1.66399e-10	-0.00045903
1.66438e-10	-0.000465216
1.66477e-10	-0.000471408
1.66517e-10	-0.000477608
1.66556e-10	-0.000483814
1.66595e-10	-0.000490026
1.66635e-10	-0.000496246
1.66674e-10	-0.000502472
1.66713e-10	-0.000508705
1.66753e-10	-0.000514945
1.66792e-10	-0.000521191
1.66832e-10	-0.000527444
1.66871e-10	-0.000533704
1.6691e-10	-0.00053997
1.6695e-10	-0.000546243
1.66989e-10	-0.000552523
1.67028e-10	-0.000558809
1.67068e-10	-0.000565102
1.67107e-10	-0.000571401
1.67146e-10	-0.000577707
1.67186e-10	-0.000584019
1.67225e-10	-0.000590338
1.67264e-10	-0.000596663
1.67304e-10	-0.000602995
1.67343e-10	-0.000609334
1.67383e-10	-0.000615678
1.67422e-10	-0.00062203
1.67461e-10	-0.000628387
1.67501e-10	-0.000634752
1.6754e-10	-0.000641122
1.67579e-10	-0.000647499
1.67619e-10	-0.000653882
1.67658e-10	-0.000660272
1.67697e-10	-0.000666668
1.67737e-10	-0.00067307
1.67776e-10	-0.000679479
1.67815e-10	-0.000685893
1.67855e-10	-0.000692315
1.67894e-10	-0.000698742
1.67934e-10	-0.000705176
1.67973e-10	-0.000711616
1.68012e-10	-0.000718062
1.68052e-10	-0.000724514
1.68091e-10	-0.000730972
1.6813e-10	-0.000737437
1.6817e-10	-0.000743908
1.68209e-10	-0.000750385
1.68248e-10	-0.000756868
1.68288e-10	-0.000763357
1.68327e-10	-0.000769852
1.68366e-10	-0.000776353
1.68406e-10	-0.00078286
1.68445e-10	-0.000789374
1.68485e-10	-0.000795893
1.68524e-10	-0.000802418
1.68563e-10	-0.00080895
1.68603e-10	-0.000815487
1.68642e-10	-0.00082203
1.68681e-10	-0.000828579
1.68721e-10	-0.000835135
1.6876e-10	-0.000841696
1.68799e-10	-0.000848262
1.68839e-10	-0.000854835
1.68878e-10	-0.000861414
1.68917e-10	-0.000867998
1.68957e-10	-0.000874588
1.68996e-10	-0.000881184
1.69035e-10	-0.000887786
1.69075e-10	-0.000894394
1.69114e-10	-0.000901007
1.69154e-10	-0.000907626
1.69193e-10	-0.000914251
1.69232e-10	-0.000920881
1.69272e-10	-0.000927517
1.69311e-10	-0.000934159
1.6935e-10	-0.000940807
1.6939e-10	-0.00094746
1.69429e-10	-0.000954118
1.69468e-10	-0.000960783
1.69508e-10	-0.000967452
1.69547e-10	-0.000974128
1.69586e-10	-0.000980809
1.69626e-10	-0.000987495
1.69665e-10	-0.000994187
1.69705e-10	-0.00100088
1.69744e-10	-0.00100759
1.69783e-10	-0.0010143
1.69823e-10	-0.00102101
1.69862e-10	-0.00102773
1.69901e-10	-0.00103445
1.69941e-10	-0.00104118
1.6998e-10	-0.00104792
1.70019e-10	-0.00105466
1.70059e-10	-0.0010614
1.70098e-10	-0.00106816
1.70137e-10	-0.00107491
1.70177e-10	-0.00108167
1.70216e-10	-0.00108844
1.70256e-10	-0.00109521
1.70295e-10	-0.00110199
1.70334e-10	-0.00110877
1.70374e-10	-0.00111556
1.70413e-10	-0.00112235
1.70452e-10	-0.00112915
1.70492e-10	-0.00113596
1.70531e-10	-0.00114276
1.7057e-10	-0.00114958
1.7061e-10	-0.0011564
1.70649e-10	-0.00116322
1.70688e-10	-0.00117005
1.70728e-10	-0.00117688
1.70767e-10	-0.00118372
1.70807e-10	-0.00119056
1.70846e-10	-0.00119741
1.70885e-10	-0.00120426
1.70925e-10	-0.00121112
1.70964e-10	-0.00121799
1.71003e-10	-0.00122485
1.71043e-10	-0.00123173
1.71082e-10	-0.0012386
1.71121e-10	-0.00124549
1.71161e-10	-0.00125237
1.712e-10	-0.00125927
1.71239e-10	-0.00126616
1.71279e-10	-0.00127306
1.71318e-10	-0.00127997
1.71358e-10	-0.00128688
1.71397e-10	-0.0012938
1.71436e-10	-0.00130072
1.71476e-10	-0.00130764
1.71515e-10	-0.00131457
1.71554e-10	-0.0013215
1.71594e-10	-0.00132844
1.71633e-10	-0.00133539
1.71672e-10	-0.00134233
1.71712e-10	-0.00134929
1.71751e-10	-0.00135624
1.7179e-10	-0.0013632
1.7183e-10	-0.00137017
1.71869e-10	-0.00137714
1.71909e-10	-0.00138411
1.71948e-10	-0.00139109
1.71987e-10	-0.00139808
1.72027e-10	-0.00140506
1.72066e-10	-0.00141205
1.72105e-10	-0.00141905
1.72145e-10	-0.00142605
1.72184e-10	-0.00143306
1.72223e-10	-0.00144006
1.72263e-10	-0.00144708
1.72302e-10	-0.0014541
1.72341e-10	-0.00146112
1.72381e-10	-0.00146814
1.7242e-10	-0.00147517
1.7246e-10	-0.00148221
1.72499e-10	-0.00148924
1.72538e-10	-0.00149629
1.72578e-10	-0.00150333
1.72617e-10	-0.00151038
1.72656e-10	-0.00151744
1.72696e-10	-0.00152449
1.72735e-10	-0.00153156
1.72774e-10	-0.00153862
1.72814e-10	-0.00154569
1.72853e-10	-0.00155277
1.72892e-10	-0.00155984
1.72932e-10	-0.00156693
1.72971e-10	-0.00157401
1.7301e-10	-0.0015811
1.7305e-10	-0.00158819
1.73089e-10	-0.00159529
1.73129e-10	-0.00160239
1.73168e-10	-0.0016095
1.73207e-10	-0.0016166
1.73247e-10	-0.00162372
1.73286e-10	-0.00163083
1.73325e-10	-0.00163795
1.73365e-10	-0.00164507
1.73404e-10	-0.0016522
1.73443e-10	-0.00165933
1.73483e-10	-0.00166646
1.73522e-10	-0.0016736
1.73561e-10	-0.00168074
1.73601e-10	-0.00168788
1.7364e-10	-0.00169503
1.7368e-10	-0.00170218
1.73719e-10	-0.00170934
1.73758e-10	-0.00171649
1.73798e-10	-0.00172366
1.73837e-10	-0.00173082
1.73876e-10	-0.00173799
1.73916e-10	-0.00174516
1.73955e-10	-0.00175233
1.73994e-10	-0.00175951
1.74034e-10	-0.00176669
1.74073e-10	-0.00177388
1.74112e-10	-0.00178106
1.74152e-10	-0.00178825
1.74191e-10	-0.00179545
1.74231e-10	-0.00180264
1.7427e-10	-0.00180984
1.74309e-10	-0.00181705
1.74349e-10	-0.00182425
1.74388e-10	-0.00183146
1.74427e-10	-0.00183867
1.74467e-10	-0.00184589
1.74506e-10	-0.00185311
1.74545e-10	-0.00186033
1.74585e-10	-0.00186755
1.74624e-10	-0.00187478
1.74663e-10	-0.00188201
1.74703e-10	-0.00188924
1.74742e-10	-0.00189647
1.74782e-10	-0.00190371
1.74821e-10	-0.00191095
1.7486e-10	-0.0019182
1.749e-10	-0.00192544
1.74939e-10	-0.00193269
1.74978e-10	-0.00193994
1.75018e-10	-0.0019472
1.75057e-10	-0.00195445
1.75096e-10	-0.00196171
1.75136e-10	-0.00196898
1.75175e-10	-0.00197624
1.75214e-10	-0.00198351
1.75254e-10	-0.00199078
1.75293e-10	-0.00199805
1.75333e-10	-0.00200533
1.75372e-10	-0.0020126
1.75411e-10	-0.00201988
1.75451e-10	-0.00202716
1.7549e-10	-0.00203445
1.75529e-10	-0.00204173
1.75569e-10	-0.00204902
1.75608e-10	-0.00205632
1.75647e-10	-0.00206361
1.75687e-10	-0.0020709
1.75726e-10	-0.0020782
1.75765e-10	-0.0020855
1.75805e-10	-0.0020928
1.75844e-10	-0.00210011
1.75884e-10	-0.00210742
1.75923e-10	-0.00211472
1.75962e-10	-0.00212204
1.76002e-10	-0.00212935
1.76041e-10	-0.00213666
1.7608e-10	-0.00214398
1.7612e-10	-0.0021513
1.76159e-10	-0.00215862
1.76198e-10	-0.00216594
1.76238e-10	-0.00217327
1.76277e-10	-0.00218059
1.76316e-10	-0.00218792
1.76356e-10	-0.00219525
1.76395e-10	-0.00220258
1.76434e-10	-0.00220992
1.76474e-10	-0.00221725
1.76513e-10	-0.00222459
1.76553e-10	-0.00223193
1.76592e-10	-0.00223927
1.76631e-10	-0.00224661
1.76671e-10	-0.00225396
1.7671e-10	-0.0022613
1.76749e-10	-0.00226865
1.76789e-10	-0.002276
1.76828e-10	-0.00228335
1.76867e-10	-0.0022907
1.76907e-10	-0.00229805
1.76946e-10	-0.00230541
1.76985e-10	-0.00231276
1.77025e-10	-0.00232012
1.77064e-10	-0.00232748
1.77104e-10	-0.00233484
1.77143e-10	-0.0023422
1.77182e-10	-0.00234956
1.77222e-10	-0.00235692
1.77261e-10	-0.00236429
1.773e-10	-0.00237166
1.7734e-10	-0.00237902
1.77379e-10	-0.00238639
1.77418e-10	-0.00239376
1.77458e-10	-0.00240113
1.77497e-10	-0.0024085
1.77536e-10	-0.00241588
1.77576e-10	-0.00242325
1.77615e-10	-0.00243063
1.77655e-10	-0.002438
1.77694e-10	-0.00244538
1.77733e-10	-0.00245276
1.77773e-10	-0.00246013
1.77812e-10	-0.00246751
1.77851e-10	-0.00247489
1.77891e-10	-0.00248228
1.7793e-10	-0.00248966
1.77969e-10	-0.00249704
1.78009e-10	-0.00250442
1.78048e-10	-0.00251181
1.78087e-10	-0.00251919
1.78127e-10	-0.00252658
1.78166e-10	-0.00253396
1.78206e-10	-0.00254135
1.78245e-10	-0.00254874
1.78284e-10	-0.00255612
1.78324e-10	-0.00256351
1.78363e-10	-0.0025709
1.78402e-10	-0.00257829
1.78442e-10	-0.00258568
1.78481e-10	-0.00259307
1.7852e-10	-0.00260046
1.7856e-10	-0.00260785
1.78599e-10	-0.00261524
1.78638e-10	-0.00262263
1.78678e-10	-0.00263002
1.78717e-10	-0.00263742
1.78757e-10	-0.00264481
1.78796e-10	-0.0026522
1.78835e-10	-0.00265959
1.78875e-10	-0.00266699
1.78914e-10	-0.00267438
1.78953e-10	-0.00268177
1.78993e-10	-0.00268916
1.79032e-10	-0.00269656
1.79071e-10	-0.00270395
1.79111e-10	-0.00271134
1.7915e-10	-0.00271873
1.79189e-10	-0.00272613
1.79229e-10	-0.00273352
1.79268e-10	-0.00274091
1.79308e-10	-0.0027483
1.79347e-10	-0.00275569
1.79386e-10	-0.00276309
1.79426e-10	-0.00277048
1.79465e-10	-0.00277787
1.79504e-10	-0.00278526
1.79544e-10	-0.00279265
1.79583e-10	-0.00280004
1.79622e-10	-0.00280743
1.79662e-10	-0.00281482
1.79701e-10	-0.00282221
1.7974e-10	-0.00282959
1.7978e-10	-0.00283698
1.79819e-10	-0.00284437
1.79858e-10	-0.00285175
1.79898e-10	-0.00285914
1.79937e-10	-0.00286653
1.79977e-10	-0.00287391
1.80016e-10	-0.00288129
1.80055e-10	-0.00288868
1.80095e-10	-0.00289606
1.80134e-10	-0.00290344
1.80173e-10	-0.00291082
1.80213e-10	-0.0029182
1.80252e-10	-0.00292558
1.80291e-10	-0.00293296
1.80331e-10	-0.00294034
1.8037e-10	-0.00294771
1.80409e-10	-0.00295509
1.80449e-10	-0.00296246
1.80488e-10	-0.00296984
1.80528e-10	-0.00297721
1.80567e-10	-0.00298458
1.80606e-10	-0.00299195
1.80646e-10	-0.00299932
1.80685e-10	-0.00300668
1.80724e-10	-0.00301405
1.80764e-10	-0.00302142
1.80803e-10	-0.00302878
1.80842e-10	-0.00303614
1.80882e-10	-0.0030435
1.80921e-10	-0.00305086
1.8096e-10	-0.00305822
1.81e-10	-0.00306558
1.81039e-10	-0.00307293
1.81079e-10	-0.00308029
1.81118e-10	-0.00308764
1.81157e-10	-0.00309499
1.81197e-10	-0.00310234
1.81236e-10	-0.00310969
1.81275e-10	-0.00311704
1.81315e-10	-0.00312438
1.81354e-10	-0.00313172
1.81393e-10	-0.00313906
1.81433e-10	-0.0031464
1.81472e-10	-0.00315374
1.81511e-10	-0.00316108
1.81551e-10	-0.00316841
1.8159e-10	-0.00317574
1.8163e-10	-0.00318307
1.81669e-10	-0.0031904
1.81708e-10	-0.00319773
1.81748e-10	-0.00320505
1.81787e-10	-0.00321237
1.81826e-10	-0.00321969
1.81866e-10	-0.00322701
1.81905e-10	-0.00323433
1.81944e-10	-0.00324164
1.81984e-10	-0.00324895
1.82023e-10	-0.00325626
1.82062e-10	-0.00326357
1.82102e-10	-0.00327087
1.82141e-10	-0.00327818
1.82181e-10	-0.00328548
1.8222e-10	-0.00329277
1.82259e-10	-0.00330007
1.82299e-10	-0.00330736
1.82338e-10	-0.00331465
1.82377e-10	-0.00332194
1.82417e-10	-0.00332923
1.82456e-10	-0.00333651
1.82495e-10	-0.00334379
1.82535e-10	-0.00335107
1.82574e-10	-0.00335834
1.82613e-10	-0.00336562
1.82653e-10	-0.00337289
1.82692e-10	-0.00338015
1.82732e-10	-0.00338742
1.82771e-10	-0.00339468
1.8281e-10	-0.00340194
1.8285e-10	-0.00340919
1.82889e-10	-0.00341645
1.82928e-10	-0.0034237
1.82968e-10	-0.00343094
1.83007e-10	-0.00343819
1.83046e-10	-0.00344543
1.83086e-10	-0.00345267
1.83125e-10	-0.0034599
1.83164e-10	-0.00346713
1.83204e-10	-0.00347436
1.83243e-10	-0.00348159
1.83282e-10	-0.00348881
1.83322e-10	-0.00349603
1.83361e-10	-0.00350325
1.83401e-10	-0.00351046
1.8344e-10	-0.00351767
1.83479e-10	-0.00352487
1.83519e-10	-0.00353208
1.83558e-10	-0.00353928
1.83597e-10	-0.00354647
1.83637e-10	-0.00355366
1.83676e-10	-0.00356085
1.83715e-10	-0.00356804
1.83755e-10	-0.00357522
1.83794e-10	-0.0035824
1.83833e-10	-0.00358957
1.83873e-10	-0.00359674
1.83912e-10	-0.00360391
1.83952e-10	-0.00361107
1.83991e-10	-0.00361823
1.8403e-10	-0.00362539
1.8407e-10	-0.00363254
1.84109e-10	-0.00363969
1.84148e-10	-0.00364683
1.84188e-10	-0.00365397
1.84227e-10	-0.00366111
1.84266e-10	-0.00366824
1.84306e-10	-0.00367537
1.84345e-10	-0.00368249
1.84384e-10	-0.00368961
1.84424e-10	-0.00369673
1.84463e-10	-0.00370384
1.84503e-10	-0.00371094
1.84542e-10	-0.00371805
1.84581e-10	-0.00372515
1.84621e-10	-0.00373224
1.8466e-10	-0.00373933
1.84699e-10	-0.00374642
1.84739e-10	-0.0037535
1.84778e-10	-0.00376058
1.84817e-10	-0.00376765
1.84857e-10	-0.00377472
1.84896e-10	-0.00378178
1.84935e-10	-0.00378884
1.84975e-10	-0.00379589
1.85014e-10	-0.00380294
1.85054e-10	-0.00380999
1.85093e-10	-0.00381703
1.85132e-10	-0.00382407
1.85172e-10	-0.0038311
1.85211e-10	-0.00383812
1.8525e-10	-0.00384515
1.8529e-10	-0.00385216
1.85329e-10	-0.00385917
1.85368e-10	-0.00386618
1.85408e-10	-0.00387318
1.85447e-10	-0.00388018
1.85486e-10	-0.00388717
1.85526e-10	-0.00389416
1.85565e-10	-0.00390114
1.85605e-10	-0.00390812
1.85644e-10	-0.00391509
1.85683e-10	-0.00392206
1.85723e-10	-0.00392902
1.85762e-10	-0.00393597
1.85801e-10	-0.00394292
1.85841e-10	-0.00394987
1.8588e-10	-0.00395681
1.85919e-10	-0.00396375
1.85959e-10	-0.00397067
1.85998e-10	-0.0039776
1.86037e-10	-0.00398452
1.86077e-10	-0.00399143
1.86116e-10	-0.00399834
1.86156e-10	-0.00400524
1.86195e-10	-0.00401214
1.86234e-10	-0.00401903
1.86274e-10	-0.00402591
1.86313e-10	-0.00403279
1.86352e-10	-0.00403966
1.86392e-10	-0.00404653
1.86431e-10	-0.00405339
1.8647e-10	-0.00406025
1.8651e-10	-0.0040671
1.86549e-10	-0.00407394
1.86588e-10	-0.00408078
1.86628e-10	-0.00408761
1.86667e-10	-0.00409444
1.86706e-10	-0.00410126
1.86746e-10	-0.00410808
1.86785e-10	-0.00411488
1.86825e-10	-0.00412169
1.86864e-10	-0.00412848
1.86903e-10	-0.00413527
1.86943e-10	-0.00414205
1.86982e-10	-0.00414883
1.87021e-10	-0.0041556
1.87061e-10	-0.00416237
1.871e-10	-0.00416913
1.87139e-10	-0.00417588
1.87179e-10	-0.00418262
1.87218e-10	-0.00418936
1.87257e-10	-0.00419609
1.87297e-10	-0.00420282
1.87336e-10	-0.00420954
1.87376e-10	-0.00421625
1.87415e-10	-0.00422296
1.87454e-10	-0.00422966
1.87494e-10	-0.00423635
1.87533e-10	-0.00424303
1.87572e-10	-0.00424971
1.87612e-10	-0.00425638
1.87651e-10	-0.00426305
1.8769e-10	-0.00426971
1.8773e-10	-0.00427636
1.87769e-10	-0.004283
1.87808e-10	-0.00428964
1.87848e-10	-0.00429627
1.87887e-10	-0.0043029
1.87927e-10	-0.00430951
1.87966e-10	-0.00431612
1.88005e-10	-0.00432272
1.88045e-10	-0.00432932
1.88084e-10	-0.0043359
1.88123e-10	-0.00434249
1.88163e-10	-0.00434906
1.88202e-10	-0.00435562
1.88241e-10	-0.00436218
1.88281e-10	-0.00436873
1.8832e-10	-0.00437528
1.88359e-10	-0.00438181
1.88399e-10	-0.00438834
1.88438e-10	-0.00439486
1.88478e-10	-0.00440138
1.88517e-10	-0.00440788
1.88556e-10	-0.00441438
1.88596e-10	-0.00442087
1.88635e-10	-0.00442735
1.88674e-10	-0.00443383
1.88714e-10	-0.00444029
1.88753e-10	-0.00444675
1.88792e-10	-0.00445321
1.88832e-10	-0.00445965
1.88871e-10	-0.00446608
1.8891e-10	-0.00447251
1.8895e-10	-0.00447893
1.88989e-10	-0.00448534
1.89029e-10	-0.00449175
1.89068e-10	-0.00449814
1.89107e-10	-0.00450453
1.89147e-10	-0.00451091
1.89186e-10	-0.00451728
1.89225e-10	-0.00452364
1.89265e-10	-0.00453
1.89304e-10	-0.00453634
1.89343e-10	-0.00454268
1.89383e-10	-0.00454901
1.89422e-10	-0.00455533
1.89461e-10	-0.00456165
1.89501e-10	-0.00456795
1.8954e-10	-0.00457425
1.8958e-10	-0.00458053
1.89619e-10	-0.00458681
1.89658e-10	-0.00459308
1.89698e-10	-0.00459934
1.89737e-10	-0.0046056
1.89776e-10	-0.00461184
1.89816e-10	-0.00461808
1.89855e-10	-0.0046243
1.89894e-10	-0.00463052
1.89934e-10	-0.00463673
1.89973e-10	-0.00464293
1.90012e-10	-0.00464912
1.90052e-10	-0.0046553
1.90091e-10	-0.00466147
1.9013e-10	-0.00466764
1.9017e-10	-0.00467379
1.90209e-10	-0.00467994
1.90249e-10	-0.00468607
1.90288e-10	-0.0046922
1.90327e-10	-0.00469832
1.90367e-10	-0.00470443
1.90406e-10	-0.00471053
1.90445e-10	-0.00471662
1.90485e-10	-0.0047227
1.90524e-10	-0.00472877
1.90563e-10	-0.00473483
1.90603e-10	-0.00474089
1.90642e-10	-0.00474693
1.90681e-10	-0.00475296
1.90721e-10	-0.00475899
1.9076e-10	-0.004765
1.908e-10	-0.00477101
1.90839e-10	-0.004777
1.90878e-10	-0.00478299
1.90918e-10	-0.00478896
1.90957e-10	-0.00479493
1.90996e-10	-0.00480088
1.91036e-10	-0.00480683
1.91075e-10	-0.00481277
1.91114e-10	-0.00481869
1.91154e-10	-0.00482461
1.91193e-10	-0.00483052
1.91232e-10	-0.00483641
1.91272e-10	-0.0048423
1.91311e-10	-0.00484818
1.91351e-10	-0.00485404
1.9139e-10	-0.0048599
1.91429e-10	-0.00486574
1.91469e-10	-0.00487158
1.91508e-10	-0.0048774
1.91547e-10	-0.00488322
1.91587e-10	-0.00488902
1.91626e-10	-0.00489482
1.91665e-10	-0.0049006
1.91705e-10	-0.00490638
1.91744e-10	-0.00491214
1.91783e-10	-0.00491789
1.91823e-10	-0.00492363
1.91862e-10	-0.00492937
1.91902e-10	-0.00493509
1.91941e-10	-0.0049408
1.9198e-10	-0.0049465
1.9202e-10	-0.00495218
1.92059e-10	-0.00495786
1.92098e-10	-0.00496353
1.92138e-10	-0.00496919
1.92177e-10	-0.00497483
1.92216e-10	-0.00498046
1.92256e-10	-0.00498609
1.92295e-10	-0.0049917
1.92334e-10	-0.0049973
1.92374e-10	-0.00500289
1.92413e-10	-0.00500847
1.92453e-10	-0.00501404
1.92492e-10	-0.0050196
1.92531e-10	-0.00502514
1.92571e-10	-0.00503068
1.9261e-10	-0.0050362
1.92649e-10	-0.00504171
1.92689e-10	-0.00504721
1.92728e-10	-0.0050527
1.92767e-10	-0.00505818
1.92807e-10	-0.00506365
1.92846e-10	-0.0050691
1.92885e-10	-0.00507455
1.92925e-10	-0.00507998
1.92964e-10	-0.0050854
1.93004e-10	-0.00509081
1.93043e-10	-0.00509621
1.93082e-10	-0.00510159
1.93122e-10	-0.00510696
1.93161e-10	-0.00511233
1.932e-10	-0.00511768
1.9324e-10	-0.00512302
1.93279e-10	-0.00512834
1.93318e-10	-0.00513366
1.93358e-10	-0.00513896
1.93397e-10	-0.00514425
1.93436e-10	-0.00514953
1.93476e-10	-0.0051548
1.93515e-10	-0.00516005
1.93555e-10	-0.00516529
1.93594e-10	-0.00517052
1.93633e-10	-0.00517574
1.93673e-10	-0.00518095
1.93712e-10	-0.00518614
1.93751e-10	-0.00519132
1.93791e-10	-0.00519649
1.9383e-10	-0.00520165
1.93869e-10	-0.00520679
1.93909e-10	-0.00521192
1.93948e-10	-0.00521704
1.93987e-10	-0.00522215
1.94027e-10	-0.00522724
1.94066e-10	-0.00523232
1.94105e-10	-0.00523739
1.94145e-10	-0.00524245
1.94184e-10	-0.00524749
1.94224e-10	-0.00525252
1.94263e-10	-0.00525754
1.94302e-10	-0.00526255
1.94342e-10	-0.00526754
1.94381e-10	-0.00527252
1.9442e-10	-0.00527749
1.9446e-10	-0.00528244
1.94499e-10	-0.00528738
1.94538e-10	-0.00529231
1.94578e-10	-0.00529723
1.94617e-10	-0.00530213
1.94656e-10	-0.00530702
1.94696e-10	-0.00531189
1.94735e-10	-0.00531675
1.94775e-10	-0.0053216
1.94814e-10	-0.00532644
1.94853e-10	-0.00533126
1.94893e-10	-0.00533607
1.94932e-10	-0.00534087
1.94971e-10	-0.00534565
1.95011e-10	-0.00535042
1.9505e-10	-0.00535517
1.95089e-10	-0.00535992
1.95129e-10	-0.00536465
1.95168e-10	-0.00536936
1.95207e-10	-0.00537406
1.95247e-10	-0.00537875
1.95286e-10	-0.00538342
1.95326e-10	-0.00538808
1.95365e-10	-0.00539273
1.95404e-10	-0.00539736
1.95444e-10	-0.00540198
1.95483e-10	-0.00540659
1.95522e-10	-0.00541118
1.95562e-10	-0.00541576
1.95601e-10	-0.00542032
1.9564e-10	-0.00542487
1.9568e-10	-0.00542941
1.95719e-10	-0.00543393
1.95758e-10	-0.00543843
1.95798e-10	-0.00544293
1.95837e-10	-0.00544741
1.95877e-10	-0.00545187
1.95916e-10	-0.00545632
1.95955e-10	-0.00546076
1.95995e-10	-0.00546518
1.96034e-10	-0.00546959
1.96073e-10	-0.00547398
1.96113e-10	-0.00547836
1.96152e-10	-0.00548272
1.96191e-10	-0.00548707
1.96231e-10	-0.00549141
1.9627e-10	-0.00549573
1.96309e-10	-0.00550003
1.96349e-10	-0.00550433
1.96388e-10	-0.0055086
1.96428e-10	-0.00551287
1.96467e-10	-0.00551711
1.96506e-10	-0.00552135
1.96546e-10	-0.00552556
1.96585e-10	-0.00552977
1.96624e-10	-0.00553395
1.96664e-10	-0.00553813
1.96703e-10	-0.00554229
1.96742e-10	-0.00554643
1.96782e-10	-0.00555056
1.96821e-10	-0.00555467
1.9686e-10	-0.00555877
1.969e-10	-0.00556285
1.96939e-10	-0.00556692
1.96979e-10	-0.00557097
1.97018e-10	-0.00557501
1.97057e-10	-0.00557903
1.97097e-10	-0.00558304
1.97136e-10	-0.00558703
1.97175e-10	-0.00559101
1.97215e-10	-0.00559497
1.97254e-10	-0.00559891
1.97293e-10	-0.00560284
1.97333e-10	-0.00560676
1.97372e-10	-0.00561065
1.97411e-10	-0.00561454
1.97451e-10	-0.00561841
1.9749e-10	-0.00562226
1.97529e-10	-0.00562609
1.97569e-10	-0.00562991
1.97608e-10	-0.00563372
1.97648e-10	-0.00563751
1.97687e-10	-0.00564128
1.97726e-10	-0.00564504
1.97766e-10	-0.00564878
1.97805e-10	-0.0056525
1.97844e-10	-0.00565621
1.97884e-10	-0.00565991
1.97923e-10	-0.00566359
1.97962e-10	-0.00566725
1.98002e-10	-0.00567089
1.98041e-10	-0.00567452
1.9808e-10	-0.00567813
1.9812e-10	-0.00568173
1.98159e-10	-0.00568531
1.98199e-10	-0.00568888
1.98238e-10	-0.00569242
1.98277e-10	-0.00569596
1.98317e-10	-0.00569947
1.98356e-10	-0.00570297
1.98395e-10	-0.00570645
1.98435e-10	-0.00570992
1.98474e-10	-0.00571337
1.98513e-10	-0.0057168
1.98553e-10	-0.00572022
1.98592e-10	-0.00572362
1.98631e-10	-0.005727
1.98671e-10	-0.00573037
1.9871e-10	-0.00573372
1.9875e-10	-0.00573705
1.98789e-10	-0.00574037
1.98828e-10	-0.00574367
1.98868e-10	-0.00574695
1.98907e-10	-0.00575021
1.98946e-10	-0.00575346
1.98986e-10	-0.00575669
1.99025e-10	-0.00575991
1.99064e-10	-0.00576311
1.99104e-10	-0.00576629
1.99143e-10	-0.00576945
1.99182e-10	-0.0057726
1.99222e-10	-0.00577573
1.99261e-10	-0.00577884
1.99301e-10	-0.00578193
1.9934e-10	-0.00578501
1.99379e-10	-0.00578807
1.99419e-10	-0.00579112
1.99458e-10	-0.00579414
1.99497e-10	-0.00579715
1.99537e-10	-0.00580014
1.99576e-10	-0.00580311
1.99615e-10	-0.00580607
1.99655e-10	-0.00580901
1.99694e-10	-0.00581193
1.99733e-10	-0.00581483
1.99773e-10	-0.00581772
1.99812e-10	-0.00582058
1.99852e-10	-0.00582343
1.99891e-10	-0.00582627
1.9993e-10	-0.00582908
1.9997e-10	-0.00583188
2.00009e-10	-0.00583466
2.00048e-10	-0.00583742
2.00088e-10	-0.00584016
2.00127e-10	-0.00584289
2.00166e-10	-0.00584559
2.00206e-10	-0.00584828
2.00245e-10	-0.00585096
2.00284e-10	-0.00585361
2.00324e-10	-0.00585624
2.00363e-10	-0.00585886
2.00403e-10	-0.00586146
2.00442e-10	-0.00586404
2.00481e-10	-0.0058666
2.00521e-10	-0.00586915
2.0056e-10	-0.00587167
2.00599e-10	-0.00587418
2.00639e-10	-0.00587667
2.00678e-10	-0.00587914
2.00717e-10	-0.00588159
2.00757e-10	-0.00588403
2.00796e-10	-0.00588644
2.00835e-10	-0.00588884
2.00875e-10	-0.00589122
2.00914e-10	-0.00589358
2.00953e-10	-0.00589592
2.00993e-10	-0.00589824
2.01032e-10	-0.00590054
2.01072e-10	-0.00590283
2.01111e-10	-0.00590509
2.0115e-10	-0.00590734
2.0119e-10	-0.00590957
2.01229e-10	-0.00591178
2.01268e-10	-0.00591397
2.01308e-10	-0.00591614
2.01347e-10	-0.00591829
2.01386e-10	-0.00592043
2.01426e-10	-0.00592254
2.01465e-10	-0.00592464
2.01504e-10	-0.00592672
2.01544e-10	-0.00592877
2.01583e-10	-0.00593081
2.01623e-10	-0.00593283
2.01662e-10	-0.00593483
2.01701e-10	-0.00593681
2.01741e-10	-0.00593877
2.0178e-10	-0.00594072
2.01819e-10	-0.00594264
2.01859e-10	-0.00594454
2.01898e-10	-0.00594643
2.01937e-10	-0.00594829
2.01977e-10	-0.00595014
2.02016e-10	-0.00595196
2.02055e-10	-0.00595377
2.02095e-10	-0.00595555
2.02134e-10	-0.00595732
2.02174e-10	-0.00595907
2.02213e-10	-0.0059608
2.02252e-10	-0.0059625
2.02292e-10	-0.00596419
2.02331e-10	-0.00596586
2.0237e-10	-0.00596751
2.0241e-10	-0.00596914
2.02449e-10	-0.00597075
2.02488e-10	-0.00597234
2.02528e-10	-0.0059739
2.02567e-10	-0.00597545
2.02606e-10	-0.00597698
2.02646e-10	-0.00597849
2.02685e-10	-0.00597998
2.02725e-10	-0.00598145
2.02764e-10	-0.0059829
2.02803e-10	-0.00598433
2.02843e-10	-0.00598574
2.02882e-10	-0.00598712
2.02921e-10	-0.00598849
2.02961e-10	-0.00598984
2.03e-10	-0.00599117
2.03039e-10	-0.00599248
2.03079e-10	-0.00599376
2.03118e-10	-0.00599503
2.03157e-10	-0.00599627
2.03197e-10	-0.0059975
2.03236e-10	-0.00599871
2.03276e-10	-0.00599989
2.03315e-10	-0.00600105
2.03354e-10	-0.0060022
2.03394e-10	-0.00600332
2.03433e-10	-0.00600442
2.03472e-10	-0.0060055
2.03512e-10	-0.00600657
2.03551e-10	-0.00600761
2.0359e-10	-0.00600863
2.0363e-10	-0.00600962
2.03669e-10	-0.0060106
2.03708e-10	-0.00601156
2.03748e-10	-0.00601249
2.03787e-10	-0.00601341
2.03827e-10	-0.0060143
2.03866e-10	-0.00601518
2.03905e-10	-0.00601603
2.03945e-10	-0.00601686
2.03984e-10	-0.00601767
2.04023e-10	-0.00601846
2.04063e-10	-0.00601923
2.04102e-10	-0.00601997
2.04141e-10	-0.0060207
2.04181e-10	-0.0060214
2.0422e-10	-0.00602209
2.04259e-10	-0.00602275
2.04299e-10	-0.00602339
2.04338e-10	-0.00602401
2.04377e-10	-0.00602461
2.04417e-10	-0.00602518
2.04456e-10	-0.00602574
2.04496e-10	-0.00602627
2.04535e-10	-0.00602678
2.04574e-10	-0.00602728
2.04614e-10	-0.00602774
2.04653e-10	-0.00602819
2.04692e-10	-0.00602862
2.04732e-10	-0.00602902
2.04771e-10	-0.0060294
2.0481e-10	-0.00602977
2.0485e-10	-0.0060301
2.04889e-10	-0.00603042
2.04928e-10	-0.00603072
2.04968e-10	-0.00603099
2.05007e-10	-0.00603124
2.05047e-10	-0.00603147
2.05086e-10	-0.00603168
2.05125e-10	-0.00603187
2.05165e-10	-0.00603203
2.05204e-10	-0.00603218
2.05243e-10	-0.0060323
2.05283e-10	-0.00603239
2.05322e-10	-0.00603247
2.05361e-10	-0.00603252
2.05401e-10	-0.00603256
2.0544e-10	-0.00603257
2.05479e-10	-0.00603255
2.05519e-10	-0.00603252
2.05558e-10	-0.00603246
2.05598e-10	-0.00603238
2.05637e-10	-0.00603228
2.05676e-10	-0.00603216
2.05716e-10	-0.00603201
2.05755e-10	-0.00603185
2.05794e-10	-0.00603166
2.05834e-10	-0.00603144
2.05873e-10	-0.00603121
2.05912e-10	-0.00603095
2.05952e-10	-0.00603067
2.05991e-10	-0.00603036
2.0603e-10	-0.00603004
2.0607e-10	-0.00602969
2.06109e-10	-0.00602932
2.06149e-10	-0.00602893
2.06188e-10	-0.00602851
2.06227e-10	-0.00602807
2.06267e-10	-0.00602761
2.06306e-10	-0.00602713
2.06345e-10	-0.00602662
2.06385e-10	-0.00602609
2.06424e-10	-0.00602554
2.06463e-10	-0.00602496
2.06503e-10	-0.00602436
2.06542e-10	-0.00602374
2.06581e-10	-0.00602309
2.06621e-10	-0.00602243
2.0666e-10	-0.00602174
2.067e-10	-0.00602102
2.06739e-10	-0.00602029
2.06778e-10	-0.00601953
2.06818e-10	-0.00601874
2.06857e-10	-0.00601794
2.06896e-10	-0.00601711
2.06936e-10	-0.00601626
2.06975e-10	-0.00601538
2.07014e-10	-0.00601448
2.07054e-10	-0.00601356
2.07093e-10	-0.00601262
2.07132e-10	-0.00601165
2.07172e-10	-0.00601065
2.07211e-10	-0.00600964
2.07251e-10	-0.0060086
2.0729e-10	-0.00600754
2.07329e-10	-0.00600645
2.07369e-10	-0.00600534
2.07408e-10	-0.00600421
2.07447e-10	-0.00600305
2.07487e-10	-0.00600188
2.07526e-10	-0.00600067
2.07565e-10	-0.00599944
2.07605e-10	-0.00599819
2.07644e-10	-0.00599692
2.07683e-10	-0.00599562
2.07723e-10	-0.0059943
2.07762e-10	-0.00599296
2.07801e-10	-0.00599159
2.07841e-10	-0.00599019
2.0788e-10	-0.00598878
2.0792e-10	-0.00598734
2.07959e-10	-0.00598587
2.07998e-10	-0.00598438
2.08038e-10	-0.00598287
2.08077e-10	-0.00598133
2.08116e-10	-0.00597977
2.08156e-10	-0.00597819
2.08195e-10	-0.00597658
2.08234e-10	-0.00597495
2.08274e-10	-0.00597329
2.08313e-10	-0.00597161
2.08352e-10	-0.00596991
2.08392e-10	-0.00596818
2.08431e-10	-0.00596643
2.08471e-10	-0.00596465
2.0851e-10	-0.00596285
2.08549e-10	-0.00596102
2.08589e-10	-0.00595917
2.08628e-10	-0.0059573
2.08667e-10	-0.0059554
2.08707e-10	-0.00595348
2.08746e-10	-0.00595153
2.08785e-10	-0.00594956
2.08825e-10	-0.00594756
2.08864e-10	-0.00594554
2.08903e-10	-0.0059435
2.08943e-10	-0.00594143
2.08982e-10	-0.00593934
2.09022e-10	-0.00593722
2.09061e-10	-0.00593508
2.091e-10	-0.00593291
2.0914e-10	-0.00593072
2.09179e-10	-0.0059285
2.09218e-10	-0.00592626
2.09258e-10	-0.00592399
2.09297e-10	-0.0059217
2.09336e-10	-0.00591939
2.09376e-10	-0.00591705
2.09415e-10	-0.00591468
2.09454e-10	-0.0059123
2.09494e-10	-0.00590988
2.09533e-10	-0.00590744
2.09573e-10	-0.00590498
2.09612e-10	-0.00590249
2.09651e-10	-0.00589998
2.09691e-10	-0.00589744
2.0973e-10	-0.00589487
2.09769e-10	-0.00589229
2.09809e-10	-0.00588967
2.09848e-10	-0.00588703
2.09887e-10	-0.00588437
2.09927e-10	-0.00588168
2.09966e-10	-0.00587897
2.10005e-10	-0.00587623
2.10045e-10	-0.00587347
2.10084e-10	-0.00587068
2.10124e-10	-0.00586787
2.10163e-10	-0.00586503
2.10202e-10	-0.00586216
2.10242e-10	-0.00585927
2.10281e-10	-0.00585636
2.1032e-10	-0.00585342
2.1036e-10	-0.00585045
2.10399e-10	-0.00584746
2.10438e-10	-0.00584445
2.10478e-10	-0.00584141
2.10517e-10	-0.00583834
2.10556e-10	-0.00583525
2.10596e-10	-0.00583213
2.10635e-10	-0.00582899
2.10675e-10	-0.00582582
2.10714e-10	-0.00582263
2.10753e-10	-0.00581941
2.10793e-10	-0.00581616
2.10832e-10	-0.00581289
2.10871e-10	-0.0058096
2.10911e-10	-0.00580627
2.1095e-10	-0.00580293
2.10989e-10	-0.00579956
2.11029e-10	-0.00579616
2.11068e-10	-0.00579273
2.11107e-10	-0.00578928
2.11147e-10	-0.00578581
2.11186e-10	-0.00578231
2.11226e-10	-0.00577878
2.11265e-10	-0.00577523
2.11304e-10	-0.00577165
2.11344e-10	-0.00576805
2.11383e-10	-0.00576442
2.11422e-10	-0.00576076
2.11462e-10	-0.00575708
2.11501e-10	-0.00575338
2.1154e-10	-0.00574964
2.1158e-10	-0.00574588
2.11619e-10	-0.0057421
2.11658e-10	-0.00573829
2.11698e-10	-0.00573445
2.11737e-10	-0.00573059
2.11776e-10	-0.0057267
2.11816e-10	-0.00572279
2.11855e-10	-0.00571884
2.11895e-10	-0.00571488
2.11934e-10	-0.00571089
2.11973e-10	-0.00570687
2.12013e-10	-0.00570282
2.12052e-10	-0.00569875
2.12091e-10	-0.00569465
2.12131e-10	-0.00569053
2.1217e-10	-0.00568638
2.12209e-10	-0.0056822
2.12249e-10	-0.005678
2.12288e-10	-0.00567377
2.12327e-10	-0.00566952
2.12367e-10	-0.00566524
2.12406e-10	-0.00566093
2.12446e-10	-0.0056566
2.12485e-10	-0.00565224
2.12524e-10	-0.00564785
2.12564e-10	-0.00564344
2.12603e-10	-0.005639
2.12642e-10	-0.00563454
2.12682e-10	-0.00563005
2.12721e-10	-0.00562553
2.1276e-10	-0.00562099
2.128e-10	-0.00561642
2.12839e-10	-0.00561182
2.12878e-10	-0.00560719
2.12918e-10	-0.00560254
2.12957e-10	-0.00559787
2.12997e-10	-0.00559316
2.13036e-10	-0.00558844
2.13075e-10	-0.00558368
2.13115e-10	-0.0055789
2.13154e-10	-0.00557409
2.13193e-10	-0.00556925
2.13233e-10	-0.00556439
2.13272e-10	-0.0055595
2.13311e-10	-0.00555458
2.13351e-10	-0.00554964
2.1339e-10	-0.00554467
2.13429e-10	-0.00553968
2.13469e-10	-0.00553465
2.13508e-10	-0.0055296
2.13548e-10	-0.00552453
2.13587e-10	-0.00551943
2.13626e-10	-0.0055143
2.13666e-10	-0.00550914
2.13705e-10	-0.00550396
2.13744e-10	-0.00549875
2.13784e-10	-0.00549351
2.13823e-10	-0.00548825
2.13862e-10	-0.00548295
2.13902e-10	-0.00547764
2.13941e-10	-0.00547229
2.1398e-10	-0.00546692
2.1402e-10	-0.00546152
2.14059e-10	-0.0054561
2.14099e-10	-0.00545065
2.14138e-10	-0.00544517
2.14177e-10	-0.00543966
2.14217e-10	-0.00543413
2.14256e-10	-0.00542857
2.14295e-10	-0.00542298
2.14335e-10	-0.00541737
2.14374e-10	-0.00541173
2.14413e-10	-0.00540606
2.14453e-10	-0.00540036
2.14492e-10	-0.00539464
2.14531e-10	-0.00538889
2.14571e-10	-0.00538312
2.1461e-10	-0.00537731
2.1465e-10	-0.00537148
2.14689e-10	-0.00536562
2.14728e-10	-0.00535974
2.14768e-10	-0.00535383
2.14807e-10	-0.00534789
2.14846e-10	-0.00534192
2.14886e-10	-0.00533593
2.14925e-10	-0.00532991
2.14964e-10	-0.00532386
2.15004e-10	-0.00531778
2.15043e-10	-0.00531168
2.15082e-10	-0.00530555
2.15122e-10	-0.00529939
2.15161e-10	-0.00529321
2.152e-10	-0.005287
2.1524e-10	-0.00528076
2.15279e-10	-0.00527449
2.15319e-10	-0.0052682
2.15358e-10	-0.00526188
2.15397e-10	-0.00525553
2.15437e-10	-0.00524915
2.15476e-10	-0.00524275
2.15515e-10	-0.00523632
2.15555e-10	-0.00522986
2.15594e-10	-0.00522338
2.15633e-10	-0.00521686
2.15673e-10	-0.00521032
2.15712e-10	-0.00520376
2.15751e-10	-0.00519716
2.15791e-10	-0.00519054
2.1583e-10	-0.00518389
2.1587e-10	-0.00517721
2.15909e-10	-0.00517051
2.15948e-10	-0.00516377
2.15988e-10	-0.00515701
2.16027e-10	-0.00515023
2.16066e-10	-0.00514341
2.16106e-10	-0.00513657
2.16145e-10	-0.0051297
2.16184e-10	-0.0051228
2.16224e-10	-0.00511588
2.16263e-10	-0.00510892
2.16302e-10	-0.00510194
2.16342e-10	-0.00509494
2.16381e-10	-0.0050879
2.16421e-10	-0.00508084
2.1646e-10	-0.00507375
2.16499e-10	-0.00506663
2.16539e-10	-0.00505948
2.16578e-10	-0.00505231
2.16617e-10	-0.00504511
2.16657e-10	-0.00503788
2.16696e-10	-0.00503062
2.16735e-10	-0.00502334
2.16775e-10	-0.00501603
2.16814e-10	-0.00500869
2.16853e-10	-0.00500132
2.16893e-10	-0.00499392
2.16932e-10	-0.0049865
2.16972e-10	-0.00497905
2.17011e-10	-0.00497157
2.1705e-10	-0.00496407
2.1709e-10	-0.00495653
2.17129e-10	-0.00494897
2.17168e-10	-0.00494138
2.17208e-10	-0.00493377
2.17247e-10	-0.00492612
2.17286e-10	-0.00491845
2.17326e-10	-0.00491075
2.17365e-10	-0.00490302
2.17404e-10	-0.00489527
2.17444e-10	-0.00488748
2.17483e-10	-0.00487967
2.17523e-10	-0.00487183
2.17562e-10	-0.00486397
2.17601e-10	-0.00485607
2.17641e-10	-0.00484815
2.1768e-10	-0.0048402
2.17719e-10	-0.00483222
2.17759e-10	-0.00482422
2.17798e-10	-0.00481618
2.17837e-10	-0.00480812
2.17877e-10	-0.00480003
2.17916e-10	-0.00479191
2.17955e-10	-0.00478377
2.17995e-10	-0.00477559
2.18034e-10	-0.00476739
2.18074e-10	-0.00475916
2.18113e-10	-0.00475091
2.18152e-10	-0.00474262
2.18192e-10	-0.00473431
2.18231e-10	-0.00472597
2.1827e-10	-0.0047176
2.1831e-10	-0.00470921
2.18349e-10	-0.00470078
2.18388e-10	-0.00469233
2.18428e-10	-0.00468385
2.18467e-10	-0.00467534
2.18506e-10	-0.00466681
2.18546e-10	-0.00465824
2.18585e-10	-0.00464965
2.18624e-10	-0.00464103
2.18664e-10	-0.00463238
2.18703e-10	-0.00462371
2.18743e-10	-0.00461501
2.18782e-10	-0.00460627
2.18821e-10	-0.00459751
2.18861e-10	-0.00458873
2.189e-10	-0.00457991
2.18939e-10	-0.00457107
2.18979e-10	-0.0045622
2.19018e-10	-0.0045533
2.19057e-10	-0.00454437
2.19097e-10	-0.00453542
2.19136e-10	-0.00452643
2.19175e-10	-0.00451742
2.19215e-10	-0.00450839
2.19254e-10	-0.00449932
2.19294e-10	-0.00449022
2.19333e-10	-0.0044811
2.19372e-10	-0.00447195
2.19412e-10	-0.00446277
2.19451e-10	-0.00445357
2.1949e-10	-0.00444433
2.1953e-10	-0.00443507
2.19569e-10	-0.00442578
2.19608e-10	-0.00441646
2.19648e-10	-0.00440711
2.19687e-10	-0.00439774
2.19726e-10	-0.00438834
2.19766e-10	-0.00437891
2.19805e-10	-0.00436945
2.19845e-10	-0.00435996
2.19884e-10	-0.00435045
2.19923e-10	-0.00434091
2.19963e-10	-0.00433134
2.20002e-10	-0.00432174
2.20041e-10	-0.00431211
2.20081e-10	-0.00430246
2.2012e-10	-0.00429278
2.20159e-10	-0.00428307
2.20199e-10	-0.00427333
2.20238e-10	-0.00426356
2.20277e-10	-0.00425377
2.20317e-10	-0.00424395
2.20356e-10	-0.0042341
2.20396e-10	-0.00422422
2.20435e-10	-0.00421431
2.20474e-10	-0.00420438
2.20514e-10	-0.00419442
2.20553e-10	-0.00418443
2.20592e-10	-0.00417441
2.20632e-10	-0.00416437
2.20671e-10	-0.00415429
2.2071e-10	-0.00414419
2.2075e-10	-0.00413406
2.20789e-10	-0.0041239
2.20828e-10	-0.00411372
2.20868e-10	-0.00410351
2.20907e-10	-0.00409327
2.20947e-10	-0.004083
2.20986e-10	-0.0040727
2.21025e-10	-0.00406238
2.21065e-10	-0.00405202
2.21104e-10	-0.00404164
2.21143e-10	-0.00403123
2.21183e-10	-0.0040208
2.21222e-10	-0.00401033
2.21261e-10	-0.00399984
2.21301e-10	-0.00398932
2.2134e-10	-0.00397877
2.21379e-10	-0.0039682
2.21419e-10	-0.00395759
2.21458e-10	-0.00394696
2.21498e-10	-0.0039363
2.21537e-10	-0.00392562
2.21576e-10	-0.0039149
2.21616e-10	-0.00390416
2.21655e-10	-0.00389339
2.21694e-10	-0.00388259
2.21734e-10	-0.00387176
2.21773e-10	-0.00386091
2.21812e-10	-0.00385003
2.21852e-10	-0.00383912
2.21891e-10	-0.00382818
2.2193e-10	-0.00381721
2.2197e-10	-0.00380622
2.22009e-10	-0.0037952
2.22048e-10	-0.00378415
2.22088e-10	-0.00377307
2.22127e-10	-0.00376197
2.22167e-10	-0.00375084
2.22206e-10	-0.00373968
2.22245e-10	-0.00372849
2.22285e-10	-0.00371727
2.22324e-10	-0.00370603
2.22363e-10	-0.00369476
2.22403e-10	-0.00368346
2.22442e-10	-0.00367213
2.22481e-10	-0.00366078
2.22521e-10	-0.0036494
2.2256e-10	-0.00363799
2.22599e-10	-0.00362655
2.22639e-10	-0.00361509
2.22678e-10	-0.00360359
2.22718e-10	-0.00359207
2.22757e-10	-0.00358053
2.22796e-10	-0.00356895
2.22836e-10	-0.00355735
2.22875e-10	-0.00354572
2.22914e-10	-0.00353406
2.22954e-10	-0.00352237
2.22993e-10	-0.00351066
2.23032e-10	-0.00349892
2.23072e-10	-0.00348715
2.23111e-10	-0.00347535
2.2315e-10	-0.00346353
2.2319e-10	-0.00345168
2.23229e-10	-0.0034398
2.23269e-10	-0.00342789
2.23308e-10	-0.00341596
2.23347e-10	-0.00340399
2.23387e-10	-0.00339201
2.23426e-10	-0.00337999
2.23465e-10	-0.00336795
2.23505e-10	-0.00335587
2.23544e-10	-0.00334377
2.23583e-10	-0.00333165
2.23623e-10	-0.00331949
2.23662e-10	-0.00330731
2.23701e-10	-0.0032951
2.23741e-10	-0.00328287
2.2378e-10	-0.0032706
2.2382e-10	-0.00325831
2.23859e-10	-0.003246
2.23898e-10	-0.00323365
2.23938e-10	-0.00322128
2.23977e-10	-0.00320888
2.24016e-10	-0.00319645
2.24056e-10	-0.00318399
2.24095e-10	-0.00317151
2.24134e-10	-0.003159
2.24174e-10	-0.00314647
2.24213e-10	-0.0031339
2.24252e-10	-0.00312131
2.24292e-10	-0.00310869
2.24331e-10	-0.00309605
2.24371e-10	-0.00308337
2.2441e-10	-0.00307067
2.24449e-10	-0.00305795
2.24489e-10	-0.00304519
2.24528e-10	-0.00303241
2.24567e-10	-0.0030196
2.24607e-10	-0.00300676
2.24646e-10	-0.0029939
2.24685e-10	-0.00298101
2.24725e-10	-0.00296809
2.24764e-10	-0.00295515
2.24803e-10	-0.00294218
2.24843e-10	-0.00292918
2.24882e-10	-0.00291615
2.24922e-10	-0.0029031
2.24961e-10	-0.00289002
2.25e-10	-0.00287692
2.2504e-10	-0.00286378
2.25079e-10	-0.00285062
2.25118e-10	-0.00283743
2.25158e-10	-0.00282422
2.25197e-10	-0.00281098
2.25236e-10	-0.00279771
2.25276e-10	-0.00278442
2.25315e-10	-0.00277109
2.25354e-10	-0.00275775
2.25394e-10	-0.00274437
2.25433e-10	-0.00273097
2.25472e-10	-0.00271754
2.25512e-10	-0.00270408
2.25551e-10	-0.0026906
2.25591e-10	-0.00267709
2.2563e-10	-0.00266356
2.25669e-10	-0.00264999
2.25709e-10	-0.0026364
2.25748e-10	-0.00262279
2.25787e-10	-0.00260914
2.25827e-10	-0.00259547
2.25866e-10	-0.00258178
2.25905e-10	-0.00256806
2.25945e-10	-0.00255431
2.25984e-10	-0.00254053
2.26023e-10	-0.00252673
2.26063e-10	-0.0025129
2.26102e-10	-0.00249904
2.26142e-10	-0.00248516
2.26181e-10	-0.00247125
2.2622e-10	-0.00245732
2.2626e-10	-0.00244336
2.26299e-10	-0.00242937
2.26338e-10	-0.00241536
2.26378e-10	-0.00240132
2.26417e-10	-0.00238725
2.26456e-10	-0.00237316
2.26496e-10	-0.00235904
2.26535e-10	-0.00234489
2.26574e-10	-0.00233072
2.26614e-10	-0.00231652
2.26653e-10	-0.0023023
2.26693e-10	-0.00228805
2.26732e-10	-0.00227377
2.26771e-10	-0.00225947
2.26811e-10	-0.00224514
2.2685e-10	-0.00223078
2.26889e-10	-0.0022164
2.26929e-10	-0.00220199
2.26968e-10	-0.00218756
2.27007e-10	-0.0021731
2.27047e-10	-0.00215861
2.27086e-10	-0.0021441
2.27125e-10	-0.00212956
2.27165e-10	-0.002115
2.27204e-10	-0.00210041
2.27244e-10	-0.0020858
2.27283e-10	-0.00207115
2.27322e-10	-0.00205649
2.27362e-10	-0.00204179
2.27401e-10	-0.00202707
2.2744e-10	-0.00201233
2.2748e-10	-0.00199756
2.27519e-10	-0.00198276
2.27558e-10	-0.00196794
2.27598e-10	-0.00195309
2.27637e-10	-0.00193822
2.27676e-10	-0.00192332
2.27716e-10	-0.0019084
2.27755e-10	-0.00189345
2.27795e-10	-0.00187847
2.27834e-10	-0.00186347
2.27873e-10	-0.00184844
2.27913e-10	-0.00183339
2.27952e-10	-0.00181831
2.27991e-10	-0.00180321
2.28031e-10	-0.00178808
2.2807e-10	-0.00177292
2.28109e-10	-0.00175774
2.28149e-10	-0.00174254
2.28188e-10	-0.00172731
2.28227e-10	-0.00171205
2.28267e-10	-0.00169677
2.28306e-10	-0.00168146
2.28346e-10	-0.00166613
2.28385e-10	-0.00165077
2.28424e-10	-0.00163539
2.28464e-10	-0.00161998
2.28503e-10	-0.00160455
2.28542e-10	-0.00158909
2.28582e-10	-0.00157361
2.28621e-10	-0.0015581
2.2866e-10	-0.00154257
2.287e-10	-0.00152701
2.28739e-10	-0.00151143
2.28778e-10	-0.00149582
2.28818e-10	-0.00148019
2.28857e-10	-0.00146453
2.28896e-10	-0.00144885
2.28936e-10	-0.00143314
2.28975e-10	-0.00141741
2.29015e-10	-0.00140165
2.29054e-10	-0.00138587
2.29093e-10	-0.00137006
2.29133e-10	-0.00135423
2.29172e-10	-0.00133838
2.29211e-10	-0.0013225
2.29251e-10	-0.00130659
2.2929e-10	-0.00129066
2.29329e-10	-0.00127471
2.29369e-10	-0.00125873
2.29408e-10	-0.00124272
2.29447e-10	-0.0012267
2.29487e-10	-0.00121064
2.29526e-10	-0.00119457
2.29566e-10	-0.00117847
2.29605e-10	-0.00116234
2.29644e-10	-0.00114619
2.29684e-10	-0.00113002
2.29723e-10	-0.00111382
2.29762e-10	-0.0010976
2.29802e-10	-0.00108135
2.29841e-10	-0.00106508
2.2988e-10	-0.00104878
2.2992e-10	-0.00103246
2.29959e-10	-0.00101612
2.29998e-10	-0.000999752
2.30038e-10	-0.00098336
2.30077e-10	-0.000966945
2.30117e-10	-0.000950505
2.30156e-10	-0.000934042
2.30195e-10	-0.000917555
2.30235e-10	-0.000901043
2.30274e-10	-0.000884508
2.30313e-10	-0.00086795
2.30353e-10	-0.000851367
2.30392e-10	-0.000834761
2.30431e-10	-0.000818131
2.30471e-10	-0.000801477
2.3051e-10	-0.000784799
2.30549e-10	-0.000768098
2.30589e-10	-0.000751374
2.30628e-10	-0.000734626
2.30668e-10	-0.000717854
2.30707e-10	-0.000701059
2.30746e-10	-0.00068424
2.30786e-10	-0.000667398
2.30825e-10	-0.000650533
2.30864e-10	-0.000633644
2.30904e-10	-0.000616732
2.30943e-10	-0.000599797
2.30982e-10	-0.000582839
2.31022e-10	-0.000565857
2.31061e-10	-0.000548852
2.311e-10	-0.000531824
2.3114e-10	-0.000514773
2.31179e-10	-0.000497699
2.31219e-10	-0.000480601
2.31258e-10	-0.000463481
2.31297e-10	-0.000446338
2.31337e-10	-0.000429172
2.31376e-10	-0.000411983
2.31415e-10	-0.000394771
2.31455e-10	-0.000377536
2.31494e-10	-0.000360279
2.31533e-10	-0.000342998
2.31573e-10	-0.000325695
2.31612e-10	-0.00030837
2.31651e-10	-0.000291021
2.31691e-10	-0.000273651
2.3173e-10	-0.000256257
2.3177e-10	-0.000238841
2.31809e-10	-0.000221403
2.31848e-10	-0.000203942
2.31888e-10	-0.000186458
2.31927e-10	-0.000168953
2.31966e-10	-0.000151425
2.32006e-10	-0.000133874
2.32045e-10	-0.000116302
2.32084e-10	-9.87066e-05
2.32124e-10	-8.10896e-05
2.32163e-10	-6.34503e-05
2.32202e-10	-4.5789e-05
2.32242e-10	-2.81055e-05
2.32281e-10	-1.04e-05
2.32321e-10	7.32743e-06
2.3236e-10	2.50769e-05
2.32399e-10	4.28482e-05
2.32439e-10	6.06415e-05
2.32478e-10	7.84566e-05
2.32517e-10	9.62935e-05
2.32557e-10	0.000114152
2.32596e-10	0.000132033
2.32635e-10	0.000149935
2.32675e-10	0.000167858
2.32714e-10	0.000185804
2.32753e-10	0.000203771
2.32793e-10	0.000221759
2.32832e-10	0.000239769
2.32871e-10	0.0002578
2.32911e-10	0.000275853
2.3295e-10	0.000293927
2.3299e-10	0.000312023
2.33029e-10	0.00033014
2.33068e-10	0.000348278
2.33108e-10	0.000366437
2.33147e-10	0.000384617
2.33186e-10	0.000402819
2.33226e-10	0.000421041
2.33265e-10	0.000439285
2.33304e-10	0.000457549
2.33344e-10	0.000475835
2.33383e-10	0.000494141
2.33422e-10	0.000512469
2.33462e-10	0.000530817
2.33501e-10	0.000549186
2.33541e-10	0.000567575
2.3358e-10	0.000585986
2.33619e-10	0.000604417
2.33659e-10	0.000622868
2.33698e-10	0.000641341
2.33737e-10	0.000659833
2.33777e-10	0.000678347
2.33816e-10	0.00069688
2.33855e-10	0.000715434
2.33895e-10	0.000734009
2.33934e-10	0.000752603
2.33973e-10	0.000771218
2.34013e-10	0.000789854
2.34052e-10	0.000808509
2.34092e-10	0.000827184
2.34131e-10	0.00084588
2.3417e-10	0.000864596
2.3421e-10	0.000883331
2.34249e-10	0.000902087
2.34288e-10	0.000920862
2.34328e-10	0.000939658
2.34367e-10	0.000958473
2.34406e-10	0.000977308
2.34446e-10	0.000996162
2.34485e-10	0.00101504
2.34524e-10	0.00103393
2.34564e-10	0.00105284
2.34603e-10	0.00107178
2.34643e-10	0.00109073
2.34682e-10	0.0011097
2.34721e-10	0.00112869
2.34761e-10	0.0011477
2.348e-10	0.00116673
2.34839e-10	0.00118578
2.34879e-10	0.00120485
2.34918e-10	0.00122394
2.34957e-10	0.00124305
2.34997e-10	0.00126217
2.35036e-10	0.00128132
2.35075e-10	0.00130048
2.35115e-10	0.00131966
2.35154e-10	0.00133887
2.35194e-10	0.00135809
2.35233e-10	0.00137733
2.35272e-10	0.00139658
2.35312e-10	0.00141586
2.35351e-10	0.00143516
2.3539e-10	0.00145447
2.3543e-10	0.0014738
2.35469e-10	0.00149315
2.35508e-10	0.00151252
2.35548e-10	0.00153191
2.35587e-10	0.00155132
2.35626e-10	0.00157074
2.35666e-10	0.00159018
2.35705e-10	0.00160964
2.35745e-10	0.00162912
2.35784e-10	0.00164862
2.35823e-10	0.00166814
2.35863e-10	0.00168767
2.35902e-10	0.00170722
2.35941e-10	0.00172679
2.35981e-10	0.00174638
2.3602e-10	0.00176598
2.36059e-10	0.0017856
2.36099e-10	0.00180524
2.36138e-10	0.0018249
2.36177e-10	0.00184458
2.36217e-10	0.00186427
2.36256e-10	0.00188398
2.36295e-10	0.00190371
2.36335e-10	0.00192345
2.36374e-10	0.00194322
2.36414e-10	0.00196299
2.36453e-10	0.00198279
2.36492e-10	0.00200261
2.36532e-10	0.00202244
2.36571e-10	0.00204229
2.3661e-10	0.00206215
2.3665e-10	0.00208203
2.36689e-10	0.00210193
2.36728e-10	0.00212185
2.36768e-10	0.00214178
2.36807e-10	0.00216173
2.36846e-10	0.0021817
2.36886e-10	0.00220168
2.36925e-10	0.00222168
2.36965e-10	0.0022417
2.37004e-10	0.00226173
2.37043e-10	0.00228178
2.37083e-10	0.00230184
2.37122e-10	0.00232193
2.37161e-10	0.00234202
2.37201e-10	0.00236214
2.3724e-10	0.00238227
2.37279e-10	0.00240241
2.37319e-10	0.00242258
2.37358e-10	0.00244275
2.37397e-10	0.00246295
2.37437e-10	0.00248316
2.37476e-10	0.00250339
2.37516e-10	0.00252363
2.37555e-10	0.00254389
2.37594e-10	0.00256416
2.37634e-10	0.00258445
2.37673e-10	0.00260475
2.37712e-10	0.00262507
2.37752e-10	0.00264541
2.37791e-10	0.00266576
2.3783e-10	0.00268612
2.3787e-10	0.0027065
2.37909e-10	0.0027269
2.37948e-10	0.00274731
2.37988e-10	0.00276774
2.38027e-10	0.00278818
2.38067e-10	0.00280864
2.38106e-10	0.00282911
2.38145e-10	0.0028496
2.38185e-10	0.0028701
2.38224e-10	0.00289061
2.38263e-10	0.00291114
2.38303e-10	0.00293169
2.38342e-10	0.00295225
2.38381e-10	0.00297282
2.38421e-10	0.00299341
2.3846e-10	0.00301402
2.38499e-10	0.00303463
2.38539e-10	0.00305527
2.38578e-10	0.00307591
2.38618e-10	0.00309657
2.38657e-10	0.00311725
2.38696e-10	0.00313793
2.38736e-10	0.00315864
2.38775e-10	0.00317935
2.38814e-10	0.00320008
2.38854e-10	0.00322083
2.38893e-10	0.00324159
2.38932e-10	0.00326236
2.38972e-10	0.00328314
2.39011e-10	0.00330394
2.3905e-10	0.00332475
2.3909e-10	0.00334558
2.39129e-10	0.00336642
2.39169e-10	0.00338727
2.39208e-10	0.00340813
2.39247e-10	0.00342901
2.39287e-10	0.0034499
2.39326e-10	0.00347081
2.39365e-10	0.00349173
2.39405e-10	0.00351266
2.39444e-10	0.0035336
2.39483e-10	0.00355456
2.39523e-10	0.00357553
2.39562e-10	0.00359651
2.39601e-10	0.0036175
2.39641e-10	0.00363851
2.3968e-10	0.00365953
2.39719e-10	0.00368056
2.39759e-10	0.00370161
2.39798e-10	0.00372267
2.39838e-10	0.00374373
2.39877e-10	0.00376482
2.39916e-10	0.00378591
2.39956e-10	0.00380701
2.39995e-10	0.00382813
2.40034e-10	0.00384926
2.40074e-10	0.0038704
2.40113e-10	0.00389156
2.40152e-10	0.00391272
2.40192e-10	0.0039339
2.40231e-10	0.00395509
2.4027e-10	0.00397629
2.4031e-10	0.0039975
2.40349e-10	0.00401872
2.40389e-10	0.00403995
2.40428e-10	0.0040612
2.40467e-10	0.00408246
2.40507e-10	0.00410373
2.40546e-10	0.004125
2.40585e-10	0.00414629
2.40625e-10	0.0041676
2.40664e-10	0.00418891
2.40703e-10	0.00421023
2.40743e-10	0.00423156
2.40782e-10	0.00425291
2.40821e-10	0.00427426
2.40861e-10	0.00429563
2.409e-10	0.004317
2.4094e-10	0.00433839
2.40979e-10	0.00435979
2.41018e-10	0.0043812
2.41058e-10	0.00440261
2.41097e-10	0.00442404
2.41136e-10	0.00444548
2.41176e-10	0.00446693
2.41215e-10	0.00448838
2.41254e-10	0.00450985
2.41294e-10	0.00453133
2.41333e-10	0.00455282
2.41372e-10	0.00457431
2.41412e-10	0.00459582
2.41451e-10	0.00461734
2.41491e-10	0.00463886
2.4153e-10	0.0046604
2.41569e-10	0.00468194
2.41609e-10	0.0047035
2.41648e-10	0.00472506
2.41687e-10	0.00474663
2.41727e-10	0.00476821
2.41766e-10	0.0047898
2.41805e-10	0.0048114
2.41845e-10	0.00483301
2.41884e-10	0.00485463
2.41923e-10	0.00487625
2.41963e-10	0.00489789
2.42002e-10	0.00491953
2.42042e-10	0.00494118
2.42081e-10	0.00496284
2.4212e-10	0.00498451
2.4216e-10	0.00500619
2.42199e-10	0.00502788
2.42238e-10	0.00504957
2.42278e-10	0.00507127
2.42317e-10	0.00509298
2.42356e-10	0.0051147
2.42396e-10	0.00513642
2.42435e-10	0.00515816
2.42474e-10	0.0051799
2.42514e-10	0.00520165
2.42553e-10	0.0052234
2.42593e-10	0.00524517
2.42632e-10	0.00526694
2.42671e-10	0.00528872
2.42711e-10	0.0053105
2.4275e-10	0.0053323
2.42789e-10	0.0053541
2.42829e-10	0.00537591
2.42868e-10	0.00539772
2.42907e-10	0.00541954
2.42947e-10	0.00544137
2.42986e-10	0.00546321
2.43025e-10	0.00548505
2.43065e-10	0.0055069
2.43104e-10	0.00552876
2.43143e-10	0.00555062
2.43183e-10	0.00557249
2.43222e-10	0.00559436
2.43262e-10	0.00561624
2.43301e-10	0.00563813
2.4334e-10	0.00566003
2.4338e-10	0.00568193
2.43419e-10	0.00570383
2.43458e-10	0.00572574
2.43498e-10	0.00574766
2.43537e-10	0.00576959
2.43576e-10	0.00579152
2.43616e-10	0.00581345
2.43655e-10	0.00583539
2.43694e-10	0.00585734
2.43734e-10	0.00587929
2.43773e-10	0.00590125
2.43813e-10	0.00592321
2.43852e-10	0.00594518
2.43891e-10	0.00596715
2.43931e-10	0.00598913
2.4397e-10	0.00601111
2.44009e-10	0.0060331
2.44049e-10	0.00605509
2.44088e-10	0.00607709
2.44127e-10	0.00609909
2.44167e-10	0.0061211
2.44206e-10	0.00614311
2.44245e-10	0.00616513
2.44285e-10	0.00618715
2.44324e-10	0.00620917
2.44364e-10	0.0062312
2.44403e-10	0.00625323
2.44442e-10	0.00627527
2.44482e-10	0.00629731
2.44521e-10	0.00631936
2.4456e-10	0.00634141
2.446e-10	0.00636346
2.44639e-10	0.00638551
2.44678e-10	0.00640758
2.44718e-10	0.00642964
2.44757e-10	0.00645171
2.44796e-10	0.00647378
2.44836e-10	0.00649585
2.44875e-10	0.00651793
2.44915e-10	0.00654001
2.44954e-10	0.00656209
2.44993e-10	0.00658418
2.45033e-10	0.00660627
2.45072e-10	0.00662836
2.45111e-10	0.00665045
2.45151e-10	0.00667255
2.4519e-10	0.00669465
2.45229e-10	0.00671675
2.45269e-10	0.00673886
2.45308e-10	0.00676097
2.45347e-10	0.00678308
2.45387e-10	0.00680519
2.45426e-10	0.0068273
2.45466e-10	0.00684942
2.45505e-10	0.00687154
2.45544e-10	0.00689366
2.45584e-10	0.00691578
2.45623e-10	0.0069379
2.45662e-10	0.00696003
2.45702e-10	0.00698215
2.45741e-10	0.00700428
2.4578e-10	0.00702641
2.4582e-10	0.00704854
2.45859e-10	0.00707068
2.45898e-10	0.00709281
2.45938e-10	0.00711495
2.45977e-10	0.00713708
2.46017e-10	0.00715922
2.46056e-10	0.00718136
2.46095e-10	0.00720349
2.46135e-10	0.00722563
2.46174e-10	0.00724777
2.46213e-10	0.00726991
2.46253e-10	0.00729206
2.46292e-10	0.0073142
2.46331e-10	0.00733634
2.46371e-10	0.00735848
2.4641e-10	0.00738062
2.46449e-10	0.00740276
2.46489e-10	0.00742491
2.46528e-10	0.00744705
2.46567e-10	0.00746919
2.46607e-10	0.00749133
2.46646e-10	0.00751347
2.46686e-10	0.00753561
2.46725e-10	0.00755775
2.46764e-10	0.00757989
2.46804e-10	0.00760203
2.46843e-10	0.00762417
2.46882e-10	0.00764631
2.46922e-10	0.00766844
2.46961e-10	0.00769058
2.47e-10	0.00771271
2.4704e-10	0.00773484
2.47079e-10	0.00775698
2.47118e-10	0.00777911
2.47158e-10	0.00780124
2.47197e-10	0.00782336
2.47237e-10	0.00784549
2.47276e-10	0.00786761
2.47315e-10	0.00788974
2.47355e-10	0.00791186
2.47394e-10	0.00793398
2.47433e-10	0.00795609
2.47473e-10	0.00797821
2.47512e-10	0.00800032
2.47551e-10	0.00802243
2.47591e-10	0.00804454
2.4763e-10	0.00806664
2.47669e-10	0.00808875
2.47709e-10	0.00811085
2.47748e-10	0.00813294
2.47788e-10	0.00815504
2.47827e-10	0.00817713
2.47866e-10	0.00819922
2.47906e-10	0.0082213
2.47945e-10	0.00824339
2.47984e-10	0.00826547
2.48024e-10	0.00828754
2.48063e-10	0.00830962
2.48102e-10	0.00833169
2.48142e-10	0.00835375
2.48181e-10	0.00837581
2.4822e-10	0.00839787
2.4826e-10	0.00841993
2.48299e-10	0.00844198
2.48339e-10	0.00846403
2.48378e-10	0.00848607
2.48417e-10	0.00850811
2.48457e-10	0.00853014
2.48496e-10	0.00855217
2.48535e-10	0.0085742
2.48575e-10	0.00859622
2.48614e-10	0.00861824
2.48653e-10	0.00864025
2.48693e-10	0.00866226
2.48732e-10	0.00868426
2.48771e-10	0.00870626
2.48811e-10	0.00872825
2.4885e-10	0.00875024
2.4889e-10	0.00877222
2.48929e-10	0.0087942
2.48968e-10	0.00881617
2.49008e-10	0.00883813
2.49047e-10	0.0088601
2.49086e-10	0.00888205
2.49126e-10	0.008904
2.49165e-10	0.00892594
2.49204e-10	0.00894788
2.49244e-10	0.00896981
2.49283e-10	0.00899174
2.49322e-10	0.00901366
2.49362e-10	0.00903557
2.49401e-10	0.00905748
2.49441e-10	0.00907938
2.4948e-10	0.00910128
2.49519e-10	0.00912316
2.49559e-10	0.00914504
2.49598e-10	0.00916692
2.49637e-10	0.00918879
2.49677e-10	0.00921065
2.49716e-10	0.0092325
2.49755e-10	0.00925435
2.49795e-10	0.00927619
2.49834e-10	0.00929802
2.49873e-10	0.00931984
2.49913e-10	0.00934166
2.49952e-10	0.00936347
2.49991e-10	0.00938527
2.50031e-10	0.00940706
2.5007e-10	0.00942885
2.5011e-10	0.00945063
2.50149e-10	0.0094724
2.50188e-10	0.00949416
2.50228e-10	0.00951592
2.50267e-10	0.00953766
2.50306e-10	0.0095594
2.50346e-10	0.00958113
2.50385e-10	0.00960285
2.50424e-10	0.00962456
2.50464e-10	0.00964626
2.50503e-10	0.00966796
2.50542e-10	0.00968964
2.50582e-10	0.00971132
2.50621e-10	0.00973298
2.50661e-10	0.00975464
2.507e-10	0.00977629
2.50739e-10	0.00979793
2.50779e-10	0.00981956
2.50818e-10	0.00984118
2.50857e-10	0.00986279
2.50897e-10	0.00988439
2.50936e-10	0.00990598
2.50975e-10	0.00992756
2.51015e-10	0.00994914
2.51054e-10	0.0099707
2.51093e-10	0.00999225
2.51133e-10	0.0100138
2.51172e-10	0.0100353
2.51212e-10	0.0100568
2.51251e-10	0.0100783
2.5129e-10	0.0100998
2.5133e-10	0.0101213
2.51369e-10	0.0101428
2.51408e-10	0.0101643
2.51448e-10	0.0101857
2.51487e-10	0.0102072
2.51526e-10	0.0102286
2.51566e-10	0.01025
2.51605e-10	0.0102714
2.51644e-10	0.0102928
2.51684e-10	0.0103142
2.51723e-10	0.0103356
2.51763e-10	0.010357
2.51802e-10	0.0103783
2.51841e-10	0.0103997
2.51881e-10	0.010421
2.5192e-10	0.0104423
2.51959e-10	0.0104636
2.51999e-10	0.0104849
2.52038e-10	0.0105062
2.52077e-10	0.0105274
2.52117e-10	0.0105487
2.52156e-10	0.0105699
2.52195e-10	0.0105912
2.52235e-10	0.0106124
2.52274e-10	0.0106336
2.52314e-10	0.0106548
2.52353e-10	0.010676
2.52392e-10	0.0106971
2.52432e-10	0.0107183
2.52471e-10	0.0107394
2.5251e-10	0.0107605
2.5255e-10	0.0107816
2.52589e-10	0.0108027
2.52628e-10	0.0108238
2.52668e-10	0.0108449
2.52707e-10	0.0108659
2.52746e-10	0.010887
2.52786e-10	0.010908
2.52825e-10	0.010929
2.52865e-10	0.01095
2.52904e-10	0.010971
2.52943e-10	0.010992
2.52983e-10	0.0110129
2.53022e-10	0.0110338
2.53061e-10	0.0110548
2.53101e-10	0.0110757
2.5314e-10	0.0110966
2.53179e-10	0.0111175
2.53219e-10	0.0111383
2.53258e-10	0.0111592
2.53297e-10	0.01118
2.53337e-10	0.0112008
2.53376e-10	0.0112216
2.53416e-10	0.0112424
2.53455e-10	0.0112632
2.53494e-10	0.0112839
2.53534e-10	0.0113047
2.53573e-10	0.0113254
2.53612e-10	0.0113461
2.53652e-10	0.0113668
2.53691e-10	0.0113875
2.5373e-10	0.0114081
2.5377e-10	0.0114288
2.53809e-10	0.0114494
2.53848e-10	0.01147
2.53888e-10	0.0114906
2.53927e-10	0.0115111
2.53966e-10	0.0115317
2.54006e-10	0.0115522
2.54045e-10	0.0115728
2.54085e-10	0.0115933
2.54124e-10	0.0116138
2.54163e-10	0.0116342
2.54203e-10	0.0116547
2.54242e-10	0.0116751
2.54281e-10	0.0116955
2.54321e-10	0.0117159
2.5436e-10	0.0117363
2.54399e-10	0.0117567
2.54439e-10	0.011777
2.54478e-10	0.0117973
2.54517e-10	0.0118177
2.54557e-10	0.0118379
2.54596e-10	0.0118582
2.54636e-10	0.0118785
2.54675e-10	0.0118987
2.54714e-10	0.0119189
2.54754e-10	0.0119391
2.54793e-10	0.0119593
2.54832e-10	0.0119794
2.54872e-10	0.0119996
2.54911e-10	0.0120197
2.5495e-10	0.0120398
2.5499e-10	0.0120599
2.55029e-10	0.0120799
2.55068e-10	0.0121
2.55108e-10	0.01212
2.55147e-10	0.01214
2.55187e-10	0.01216
2.55226e-10	0.0121799
2.55265e-10	0.0121999
2.55305e-10	0.0122198
2.55344e-10	0.0122397
2.55383e-10	0.0122596
2.55423e-10	0.0122794
2.55462e-10	0.0122993
2.55501e-10	0.0123191
2.55541e-10	0.0123389
2.5558e-10	0.0123587
2.55619e-10	0.0123784
2.55659e-10	0.0123982
2.55698e-10	0.0124179
2.55738e-10	0.0124376
2.55777e-10	0.0124572
2.55816e-10	0.0124769
2.55856e-10	0.0124965
2.55895e-10	0.0125161
2.55934e-10	0.0125357
2.55974e-10	0.0125552
2.56013e-10	0.0125748
2.56052e-10	0.0125943
2.56092e-10	0.0126138
2.56131e-10	0.0126333
2.5617e-10	0.0126527
2.5621e-10	0.0126721
2.56249e-10	0.0126915
2.56289e-10	0.0127109
2.56328e-10	0.0127303
2.56367e-10	0.0127496
2.56407e-10	0.0127689
2.56446e-10	0.0127882
2.56485e-10	0.0128075
2.56525e-10	0.0128267
2.56564e-10	0.0128459
2.56603e-10	0.0128651
2.56643e-10	0.0128843
2.56682e-10	0.0129035
2.56721e-10	0.0129226
2.56761e-10	0.0129417
2.568e-10	0.0129608
2.5684e-10	0.0129798
2.56879e-10	0.0129988
2.56918e-10	0.0130178
2.56958e-10	0.0130368
2.56997e-10	0.0130558
2.57036e-10	0.0130747
2.57076e-10	0.0130936
2.57115e-10	0.0131125
2.57154e-10	0.0131313
2.57194e-10	0.0131502
2.57233e-10	0.013169
2.57272e-10	0.0131878
2.57312e-10	0.0132065
2.57351e-10	0.0132252
2.5739e-10	0.0132439
2.5743e-10	0.0132626
2.57469e-10	0.0132813
2.57509e-10	0.0132999
2.57548e-10	0.0133185
2.57587e-10	0.0133371
2.57627e-10	0.0133556
2.57666e-10	0.0133742
2.57705e-10	0.0133926
2.57745e-10	0.0134111
2.57784e-10	0.0134296
2.57823e-10	0.013448
2.57863e-10	0.0134664
2.57902e-10	0.0134847
2.57941e-10	0.0135031
2.57981e-10	0.0135214
2.5802e-10	0.0135397
2.5806e-10	0.0135579
2.58099e-10	0.0135761
2.58138e-10	0.0135943
2.58178e-10	0.0136125
2.58217e-10	0.0136307
2.58256e-10	0.0136488
2.58296e-10	0.0136669
2.58335e-10	0.0136849
2.58374e-10	0.013703
2.58414e-10	0.013721
2.58453e-10	0.0137389
2.58492e-10	0.0137569
2.58532e-10	0.0137748
2.58571e-10	0.0137927
2.58611e-10	0.0138106
2.5865e-10	0.0138284
2.58689e-10	0.0138462
2.58729e-10	0.013864
2.58768e-10	0.0138817
2.58807e-10	0.0138995
2.58847e-10	0.0139172
2.58886e-10	0.0139348
2.58925e-10	0.0139525
2.58965e-10	0.0139701
2.59004e-10	0.0139876
2.59043e-10	0.0140052
2.59083e-10	0.0140227
2.59122e-10	0.0140402
2.59162e-10	0.0140576
2.59201e-10	0.014075
2.5924e-10	0.0140924
2.5928e-10	0.0141098
2.59319e-10	0.0141271
2.59358e-10	0.0141444
2.59398e-10	0.0141617
2.59437e-10	0.014179
2.59476e-10	0.0141962
2.59516e-10	0.0142133
2.59555e-10	0.0142305
2.59594e-10	0.0142476
2.59634e-10	0.0142647
2.59673e-10	0.0142818
2.59713e-10	0.0142988
2.59752e-10	0.0143158
2.59791e-10	0.0143327
2.59831e-10	0.0143497
2.5987e-10	0.0143666
2.59909e-10	0.0143834
2.59949e-10	0.0144003
2.59988e-10	0.0144171
2.60027e-10	0.0144338
2.60067e-10	0.0144506
2.60106e-10	0.0144673
2.60145e-10	0.0144839
2.60185e-10	0.0145006
2.60224e-10	0.0145172
2.60264e-10	0.0145338
2.60303e-10	0.0145503
2.60342e-10	0.0145668
2.60382e-10	0.0145833
2.60421e-10	0.0145997
2.6046e-10	0.0146161
2.605e-10	0.0146325
2.60539e-10	0.0146489
2.60578e-10	0.0146652
2.60618e-10	0.0146814
2.60657e-10	0.0146977
2.60696e-10	0.0147139
2.60736e-10	0.0147301
2.60775e-10	0.0147462
2.60814e-10	0.0147623
2.60854e-10	0.0147784
2.60893e-10	0.0147944
2.60933e-10	0.0148104
2.60972e-10	0.0148264
2.61011e-10	0.0148423
2.61051e-10	0.0148582
2.6109e-10	0.0148741
2.61129e-10	0.0148899
2.61169e-10	0.0149057
2.61208e-10	0.0149215
2.61247e-10	0.0149372
2.61287e-10	0.0149529
2.61326e-10	0.0149685
2.61365e-10	0.0149842
2.61405e-10	0.0149998
2.61444e-10	0.0150153
2.61484e-10	0.0150308
2.61523e-10	0.0150463
2.61562e-10	0.0150617
2.61602e-10	0.0150771
2.61641e-10	0.0150925
2.6168e-10	0.0151078
2.6172e-10	0.0151231
2.61759e-10	0.0151384
2.61798e-10	0.0151536
2.61838e-10	0.0151688
2.61877e-10	0.0151839
2.61916e-10	0.015199
2.61956e-10	0.0152141
2.61995e-10	0.0152291
2.62035e-10	0.0152441
2.62074e-10	0.0152591
2.62113e-10	0.015274
2.62153e-10	0.0152889
2.62192e-10	0.0153038
2.62231e-10	0.0153186
2.62271e-10	0.0153334
2.6231e-10	0.0153481
2.62349e-10	0.0153628
2.62389e-10	0.0153774
2.62428e-10	0.0153921
2.62467e-10	0.0154067
2.62507e-10	0.0154212
2.62546e-10	0.0154357
2.62586e-10	0.0154502
2.62625e-10	0.0154646
2.62664e-10	0.015479
2.62704e-10	0.0154934
2.62743e-10	0.0155077
2.62782e-10	0.0155219
2.62822e-10	0.0155362
2.62861e-10	0.0155504
2.629e-10	0.0155645
2.6294e-10	0.0155786
2.62979e-10	0.0155927
2.63018e-10	0.0156068
2.63058e-10	0.0156208
2.63097e-10	0.0156347
2.63137e-10	0.0156486
2.63176e-10	0.0156625
2.63215e-10	0.0156763
2.63255e-10	0.0156901
2.63294e-10	0.0157039
2.63333e-10	0.0157176
2.63373e-10	0.0157313
2.63412e-10	0.0157449
2.63451e-10	0.0157585
2.63491e-10	0.0157721
2.6353e-10	0.0157856
2.63569e-10	0.0157991
2.63609e-10	0.0158125
2.63648e-10	0.0158259
2.63688e-10	0.0158392
2.63727e-10	0.0158526
2.63766e-10	0.0158658
2.63806e-10	0.015879
2.63845e-10	0.0158922
2.63884e-10	0.0159054
2.63924e-10	0.0159185
2.63963e-10	0.0159315
2.64002e-10	0.0159445
2.64042e-10	0.0159575
2.64081e-10	0.0159704
2.6412e-10	0.0159833
2.6416e-10	0.0159962
2.64199e-10	0.016009
2.64238e-10	0.0160217
2.64278e-10	0.0160345
2.64317e-10	0.0160471
2.64357e-10	0.0160598
2.64396e-10	0.0160724
2.64435e-10	0.0160849
2.64475e-10	0.0160974
2.64514e-10	0.0161099
2.64553e-10	0.0161223
2.64593e-10	0.0161347
2.64632e-10	0.016147
2.64671e-10	0.0161593
2.64711e-10	0.0161715
2.6475e-10	0.0161837
2.64789e-10	0.0161959
2.64829e-10	0.016208
2.64868e-10	0.01622
2.64908e-10	0.0162321
2.64947e-10	0.016244
2.64986e-10	0.016256
2.65026e-10	0.0162679
2.65065e-10	0.0162797
2.65104e-10	0.0162915
2.65144e-10	0.0163033
2.65183e-10	0.016315
2.65222e-10	0.0163266
2.65262e-10	0.0163383
2.65301e-10	0.0163498
2.6534e-10	0.0163614
2.6538e-10	0.0163728
2.65419e-10	0.0163843
2.65459e-10	0.0163957
2.65498e-10	0.016407
2.65537e-10	0.0164183
2.65577e-10	0.0164296
2.65616e-10	0.0164408
2.65655e-10	0.0164519
2.65695e-10	0.0164631
2.65734e-10	0.0164741
2.65773e-10	0.0164852
2.65813e-10	0.0164961
2.65852e-10	0.0165071
2.65891e-10	0.0165179
2.65931e-10	0.0165288
2.6597e-10	0.0165396
2.6601e-10	0.0165503
2.66049e-10	0.016561
2.66088e-10	0.0165717
2.66128e-10	0.0165823
2.66167e-10	0.0165928
2.66206e-10	0.0166033
2.66246e-10	0.0166138
2.66285e-10	0.0166242
2.66324e-10	0.0166346
2.66364e-10	0.0166449
2.66403e-10	0.0166552
2.66442e-10	0.0166654
2.66482e-10	0.0166755
2.66521e-10	0.0166857
2.66561e-10	0.0166957
2.666e-10	0.0167058
2.66639e-10	0.0167158
2.66679e-10	0.0167257
2.66718e-10	0.0167356
2.66757e-10	0.0167454
2.66797e-10	0.0167552
2.66836e-10	0.0167649
2.66875e-10	0.0167746
2.66915e-10	0.0167843
2.66954e-10	0.0167938
2.66993e-10	0.0168034
2.67033e-10	0.0168129
2.67072e-10	0.0168223
2.67112e-10	0.0168317
2.67151e-10	0.0168411
2.6719e-10	0.0168504
2.6723e-10	0.0168596
2.67269e-10	0.0168688
2.67308e-10	0.0168779
2.67348e-10	0.016887
2.67387e-10	0.0168961
2.67426e-10	0.0169051
2.67466e-10	0.016914
2.67505e-10	0.0169229
2.67544e-10	0.0169317
2.67584e-10	0.0169405
2.67623e-10	0.0169493
2.67662e-10	0.016958
2.67702e-10	0.0169666
2.67741e-10	0.0169752
2.67781e-10	0.0169837
2.6782e-10	0.0169922
2.67859e-10	0.0170006
2.67899e-10	0.017009
2.67938e-10	0.0170174
2.67977e-10	0.0170256
2.68017e-10	0.0170339
2.68056e-10	0.017042
2.68095e-10	0.0170502
2.68135e-10	0.0170582
2.68174e-10	0.0170663
2.68213e-10	0.0170742
2.68253e-10	0.0170821
2.68292e-10	0.01709
2.68332e-10	0.0170978
2.68371e-10	0.0171056
2.6841e-10	0.0171133
2.6845e-10	0.0171209
2.68489e-10	0.0171286
2.68528e-10	0.0171361
2.68568e-10	0.0171436
2.68607e-10	0.017151
2.68646e-10	0.0171584
2.68686e-10	0.0171658
2.68725e-10	0.0171731
2.68764e-10	0.0171803
2.68804e-10	0.0171875
2.68843e-10	0.0171946
2.68883e-10	0.0172017
2.68922e-10	0.0172087
2.68961e-10	0.0172156
2.69001e-10	0.0172226
2.6904e-10	0.0172294
2.69079e-10	0.0172362
2.69119e-10	0.017243
2.69158e-10	0.0172497
2.69197e-10	0.0172563
2.69237e-10	0.0172629
2.69276e-10	0.0172694
2.69315e-10	0.0172759
2.69355e-10	0.0172823
2.69394e-10	0.0172887
2.69434e-10	0.017295
2.69473e-10	0.0173012
2.69512e-10	0.0173074
2.69552e-10	0.0173136
2.69591e-10	0.0173197
2.6963e-10	0.0173257
2.6967e-10	0.0173317
2.69709e-10	0.0173376
2.69748e-10	0.0173435
2.69788e-10	0.0173493
2.69827e-10	0.0173551
2.69866e-10	0.0173608
2.69906e-10	0.0173664
2.69945e-10	0.017372
2.69985e-10	0.0173776
2.70024e-10	0.017383
2.70063e-10	0.0173885
2.70103e-10	0.0173938
2.70142e-10	0.0173992
2.70181e-10	0.0174044
2.70221e-10	0.0174096
2.7026e-10	0.0174148
2.70299e-10	0.0174198
2.70339e-10	0.0174249
2.70378e-10	0.0174298
2.70417e-10	0.0174348
2.70457e-10	0.0174396
2.70496e-10	0.0174444
2.70536e-10	0.0174492
2.70575e-10	0.0174538
2.70614e-10	0.0174585
2.70654e-10	0.0174631
2.70693e-10	0.0174676
2.70732e-10	0.017472
2.70772e-10	0.0174764
2.70811e-10	0.0174808
2.7085e-10	0.0174851
2.7089e-10	0.0174893
2.70929e-10	0.0174934
2.70968e-10	0.0174976
2.71008e-10	0.0175016
2.71047e-10	0.0175056
2.71087e-10	0.0175095
2.71126e-10	0.0175134
2.71165e-10	0.0175172
2.71205e-10	0.017521
2.71244e-10	0.0175247
2.71283e-10	0.0175284
2.71323e-10	0.0175319
2.71362e-10	0.0175355
2.71401e-10	0.0175389
2.71441e-10	0.0175423
2.7148e-10	0.0175457
2.71519e-10	0.017549
2.71559e-10	0.0175522
2.71598e-10	0.0175554
2.71637e-10	0.0175585
2.71677e-10	0.0175615
2.71716e-10	0.0175645
2.71756e-10	0.0175675
2.71795e-10	0.0175703
2.71834e-10	0.0175732
2.71874e-10	0.0175759
2.71913e-10	0.0175786
2.71952e-10	0.0175812
2.71992e-10	0.0175838
2.72031e-10	0.0175863
2.7207e-10	0.0175888
2.7211e-10	0.0175912
2.72149e-10	0.0175935
2.72188e-10	0.0175958
2.72228e-10	0.017598
2.72267e-10	0.0176001
2.72307e-10	0.0176022
2.72346e-10	0.0176043
2.72385e-10	0.0176062
2.72425e-10	0.0176081
2.72464e-10	0.01761
2.72503e-10	0.0176118
2.72543e-10	0.0176135
2.72582e-10	0.0176152
2.72621e-10	0.0176168
2.72661e-10	0.0176183
2.727e-10	0.0176198
2.72739e-10	0.0176212
2.72779e-10	0.0176226
2.72818e-10	0.0176239
2.72858e-10	0.0176251
2.72897e-10	0.0176263
2.72936e-10	0.0176274
2.72976e-10	0.0176284
2.73015e-10	0.0176294
2.73054e-10	0.0176303
2.73094e-10	0.0176312
2.73133e-10	0.017632
2.73172e-10	0.0176327
2.73212e-10	0.0176334
2.73251e-10	0.017634
2.7329e-10	0.0176345
2.7333e-10	0.017635
2.73369e-10	0.0176355
2.73409e-10	0.0176358
2.73448e-10	0.0176361
2.73487e-10	0.0176363
2.73527e-10	0.0176365
2.73566e-10	0.0176366
2.73605e-10	0.0176367
2.73645e-10	0.0176366
2.73684e-10	0.0176366
2.73723e-10	0.0176364
2.73763e-10	0.0176362
2.73802e-10	0.0176359
2.73841e-10	0.0176356
2.73881e-10	0.0176352
2.7392e-10	0.0176347
2.7396e-10	0.0176342
2.73999e-10	0.0176336
2.74038e-10	0.017633
2.74078e-10	0.0176322
2.74117e-10	0.0176315
2.74156e-10	0.0176306
2.74196e-10	0.0176297
2.74235e-10	0.0176287
2.74274e-10	0.0176277
2.74314e-10	0.0176266
2.74353e-10	0.0176254
2.74392e-10	0.0176242
2.74432e-10	0.0176229
2.74471e-10	0.0176215
2.74511e-10	0.0176201
2.7455e-10	0.0176186
2.74589e-10	0.017617
2.74629e-10	0.0176154
2.74668e-10	0.0176137
2.74707e-10	0.017612
2.74747e-10	0.0176101
2.74786e-10	0.0176083
2.74825e-10	0.0176063
2.74865e-10	0.0176043
2.74904e-10	0.0176022
2.74943e-10	0.0176001
2.74983e-10	0.0175979
2.75022e-10	0.0175956
2.75061e-10	0.0175932
2.75101e-10	0.0175908
2.7514e-10	0.0175884
2.7518e-10	0.0175858
2.75219e-10	0.0175832
2.75258e-10	0.0175805
2.75298e-10	0.0175778
2.75337e-10	0.017575
2.75376e-10	0.0175721
2.75416e-10	0.0175692
2.75455e-10	0.0175662
2.75494e-10	0.0175631
2.75534e-10	0.01756
2.75573e-10	0.0175568
2.75612e-10	0.0175535
2.75652e-10	0.0175502
2.75691e-10	0.0175468
2.75731e-10	0.0175433
2.7577e-10	0.0175397
2.75809e-10	0.0175361
2.75849e-10	0.0175325
2.75888e-10	0.0175287
2.75927e-10	0.0175249
2.75967e-10	0.017521
2.76006e-10	0.0175171
2.76045e-10	0.0175131
2.76085e-10	0.017509
2.76124e-10	0.0175049
2.76163e-10	0.0175007
2.76203e-10	0.0174964
2.76242e-10	0.017492
2.76282e-10	0.0174876
2.76321e-10	0.0174832
2.7636e-10	0.0174786
2.764e-10	0.017474
2.76439e-10	0.0174693
2.76478e-10	0.0174645
2.76518e-10	0.0174597
2.76557e-10	0.0174548
2.76596e-10	0.0174499
2.76636e-10	0.0174449
2.76675e-10	0.0174398
2.76714e-10	0.0174346
2.76754e-10	0.0174294
2.76793e-10	0.0174241
2.76833e-10	0.0174187
2.76872e-10	0.0174133
2.76911e-10	0.0174078
2.76951e-10	0.0174022
2.7699e-10	0.0173965
2.77029e-10	0.0173908
2.77069e-10	0.0173851
2.77108e-10	0.0173792
2.77147e-10	0.0173733
2.77187e-10	0.0173673
2.77226e-10	0.0173612
2.77265e-10	0.0173551
2.77305e-10	0.0173489
2.77344e-10	0.0173427
2.77384e-10	0.0173363
2.77423e-10	0.0173299
2.77462e-10	0.0173234
2.77502e-10	0.0173169
2.77541e-10	0.0173103
2.7758e-10	0.0173036
2.7762e-10	0.0172969
2.77659e-10	0.01729
2.77698e-10	0.0172832
2.77738e-10	0.0172762
2.77777e-10	0.0172692
2.77816e-10	0.0172621
2.77856e-10	0.0172549
2.77895e-10	0.0172477
2.77935e-10	0.0172403
2.77974e-10	0.017233
2.78013e-10	0.0172255
2.78053e-10	0.017218
2.78092e-10	0.0172104
2.78131e-10	0.0172027
2.78171e-10	0.017195
2.7821e-10	0.0171872
2.78249e-10	0.0171793
2.78289e-10	0.0171714
2.78328e-10	0.0171634
2.78367e-10	0.0171553
2.78407e-10	0.0171471
2.78446e-10	0.0171389
2.78485e-10	0.0171306
2.78525e-10	0.0171222
2.78564e-10	0.0171138
2.78604e-10	0.0171053
2.78643e-10	0.0170967
2.78682e-10	0.0170881
2.78722e-10	0.0170793
2.78761e-10	0.0170705
2.788e-10	0.0170617
2.7884e-10	0.0170527
2.78879e-10	0.0170437
2.78918e-10	0.0170346
2.78958e-10	0.0170255
2.78997e-10	0.0170163
2.79036e-10	0.017007
2.79076e-10	0.0169976
2.79115e-10	0.0169882
2.79155e-10	0.0169787
2.79194e-10	0.0169691
2.79233e-10	0.0169594
2.79273e-10	0.0169497
2.79312e-10	0.0169399
2.79351e-10	0.0169301
2.79391e-10	0.0169201
2.7943e-10	0.0169101
2.79469e-10	0.0169
2.79509e-10	0.0168899
2.79548e-10	0.0168796
2.79587e-10	0.0168693
2.79627e-10	0.016859
2.79666e-10	0.0168485
2.79706e-10	0.016838
2.79745e-10	0.0168274
2.79784e-10	0.0168168
2.79824e-10	0.016806
2.79863e-10	0.0167952
2.79902e-10	0.0167843
2.79942e-10	0.0167734
2.79981e-10	0.0167624
2.8002e-10	0.0167513
2.8006e-10	0.0167401
2.80099e-10	0.0167289
2.80138e-10	0.0167175
2.80178e-10	0.0167062
2.80217e-10	0.0166947
2.80257e-10	0.0166832
2.80296e-10	0.0166716
2.80335e-10	0.0166599
2.80375e-10	0.0166481
2.80414e-10	0.0166363
2.80453e-10	0.0166244
2.80493e-10	0.0166124
2.80532e-10	0.0166004
2.80571e-10	0.0165883
2.80611e-10	0.0165761
2.8065e-10	0.0165638
2.80689e-10	0.0165515
2.80729e-10	0.0165391
2.80768e-10	0.0165266
2.80808e-10	0.016514
2.80847e-10	0.0165014
2.80886e-10	0.0164887
2.80926e-10	0.0164759
2.80965e-10	0.0164631
2.81004e-10	0.0164502
2.81044e-10	0.0164372
2.81083e-10	0.0164241
2.81122e-10	0.0164109
2.81162e-10	0.0163977
2.81201e-10	0.0163844
2.8124e-10	0.0163711
2.8128e-10	0.0163576
2.81319e-10	0.0163441
2.81359e-10	0.0163305
2.81398e-10	0.0163169
2.81437e-10	0.0163031
2.81477e-10	0.0162893
2.81516e-10	0.0162754
2.81555e-10	0.0162615
2.81595e-10	0.0162474
2.81634e-10	0.0162333
2.81673e-10	0.0162192
2.81713e-10	0.0162049
2.81752e-10	0.0161906
2.81791e-10	0.0161762
2.81831e-10	0.0161617
2.8187e-10	0.0161471
2.81909e-10	0.0161325
2.81949e-10	0.0161178
2.81988e-10	0.016103
2.82028e-10	0.0160882
2.82067e-10	0.0160733
2.82106e-10	0.0160583
2.82146e-10	0.0160432
2.82185e-10	0.0160281
2.82224e-10	0.0160128
2.82264e-10	0.0159975
2.82303e-10	0.0159822
2.82342e-10	0.0159667
2.82382e-10	0.0159512
2.82421e-10	0.0159356
2.8246e-10	0.0159199
2.825e-10	0.0159042
2.82539e-10	0.0158884
2.82579e-10	0.0158725
2.82618e-10	0.0158565
2.82657e-10	0.0158405
2.82697e-10	0.0158244
2.82736e-10	0.0158082
2.82775e-10	0.0157919
2.82815e-10	0.0157756
2.82854e-10	0.0157591
2.82893e-10	0.0157426
2.82933e-10	0.0157261
2.82972e-10	0.0157094
2.83011e-10	0.0156927
2.83051e-10	0.0156759
2.8309e-10	0.0156591
2.8313e-10	0.0156421
2.83169e-10	0.0156251
2.83208e-10	0.015608
2.83248e-10	0.0155908
2.83287e-10	0.0155736
2.83326e-10	0.0155563
2.83366e-10	0.0155389
2.83405e-10	0.0155214
2.83444e-10	0.0155039
2.83484e-10	0.0154862
2.83523e-10	0.0154685
2.83562e-10	0.0154508
2.83602e-10	0.0154329
2.83641e-10	0.015415
2.83681e-10	0.015397
2.8372e-10	0.0153789
2.83759e-10	0.0153608
2.83799e-10	0.0153426
2.83838e-10	0.0153243
2.83877e-10	0.0153059
2.83917e-10	0.0152874
2.83956e-10	0.0152689
2.83995e-10	0.0152503
2.84035e-10	0.0152316
2.84074e-10	0.0152129
2.84113e-10	0.015194
2.84153e-10	0.0151751
2.84192e-10	0.0151562
2.84232e-10	0.0151371
2.84271e-10	0.015118
2.8431e-10	0.0150988
2.8435e-10	0.0150795
2.84389e-10	0.0150601
2.84428e-10	0.0150407
2.84468e-10	0.0150212
2.84507e-10	0.0150016
2.84546e-10	0.0149819
2.84586e-10	0.0149622
2.84625e-10	0.0149424
2.84664e-10	0.0149225
2.84704e-10	0.0149025
2.84743e-10	0.0148825
2.84783e-10	0.0148624
2.84822e-10	0.0148422
2.84861e-10	0.0148219
2.84901e-10	0.0148016
2.8494e-10	0.0147812
2.84979e-10	0.0147607
2.85019e-10	0.0147401
2.85058e-10	0.0147194
2.85097e-10	0.0146987
2.85137e-10	0.0146779
2.85176e-10	0.014657
2.85215e-10	0.0146361
2.85255e-10	0.0146151
2.85294e-10	0.014594
2.85333e-10	0.0145728
2.85373e-10	0.0145515
2.85412e-10	0.0145302
2.85452e-10	0.0145088
2.85491e-10	0.0144873
2.8553e-10	0.0144657
2.8557e-10	0.0144441
2.85609e-10	0.0144224
2.85648e-10	0.0144006
2.85688e-10	0.0143787
2.85727e-10	0.0143568
2.85766e-10	0.0143348
2.85806e-10	0.0143127
2.85845e-10	0.0142905
2.85884e-10	0.0142683
2.85924e-10	0.014246
2.85963e-10	0.0142236
2.86003e-10	0.0142011
2.86042e-10	0.0141786
2.86081e-10	0.0141559
2.86121e-10	0.0141332
2.8616e-10	0.0141105
2.86199e-10	0.0140876
2.86239e-10	0.0140647
2.86278e-10	0.0140417
2.86317e-10	0.0140186
2.86357e-10	0.0139954
2.86396e-10	0.0139722
2.86435e-10	0.0139489
2.86475e-10	0.0139255
2.86514e-10	0.013902
2.86554e-10	0.0138785
2.86593e-10	0.0138549
2.86632e-10	0.0138312
2.86672e-10	0.0138074
2.86711e-10	0.0137836
2.8675e-10	0.0137597
2.8679e-10	0.0137357
2.86829e-10	0.0137116
2.86868e-10	0.0136875
2.86908e-10	0.0136632
2.86947e-10	0.0136389
2.86986e-10	0.0136146
2.87026e-10	0.0135901
2.87065e-10	0.0135656
2.87105e-10	0.013541
2.87144e-10	0.0135163
2.87183e-10	0.0134916
2.87223e-10	0.0134667
2.87262e-10	0.0134418
2.87301e-10	0.0134168
2.87341e-10	0.0133918
2.8738e-10	0.0133666
2.87419e-10	0.0133414
2.87459e-10	0.0133161
2.87498e-10	0.0132908
2.87537e-10	0.0132653
2.87577e-10	0.0132398
2.87616e-10	0.0132142
2.87656e-10	0.0131886
2.87695e-10	0.0131628
2.87734e-10	0.013137
2.87774e-10	0.0131111
2.87813e-10	0.0130851
2.87852e-10	0.0130591
2.87892e-10	0.013033
2.87931e-10	0.0130068
2.8797e-10	0.0129805
2.8801e-10	0.0129542
2.88049e-10	0.0129277
2.88088e-10	0.0129012
2.88128e-10	0.0128746
2.88167e-10	0.012848
2.88207e-10	0.0128213
2.88246e-10	0.0127945
2.88285e-10	0.0127676
2.88325e-10	0.0127406
2.88364e-10	0.0127136
2.88403e-10	0.0126865
2.88443e-10	0.0126593
2.88482e-10	0.012632
2.88521e-10	0.0126047
2.88561e-10	0.0125773
2.886e-10	0.0125498
2.88639e-10	0.0125222
2.88679e-10	0.0124946
2.88718e-10	0.0124669
2.88757e-10	0.0124391
2.88797e-10	0.0124112
2.88836e-10	0.0123833
2.88876e-10	0.0123553
2.88915e-10	0.0123272
2.88954e-10	0.012299
2.88994e-10	0.0122708
2.89033e-10	0.0122425
2.89072e-10	0.0122141
2.89112e-10	0.0121856
2.89151e-10	0.0121571
2.8919e-10	0.0121284
2.8923e-10	0.0120997
2.89269e-10	0.012071
2.89308e-10	0.0120421
2.89348e-10	0.0120132
2.89387e-10	0.0119842
2.89427e-10	0.0119551
2.89466e-10	0.011926
2.89505e-10	0.0118968
2.89545e-10	0.0118675
2.89584e-10	0.0118381
2.89623e-10	0.0118087
2.89663e-10	0.0117791
2.89702e-10	0.0117495
2.89741e-10	0.0117199
2.89781e-10	0.0116901
2.8982e-10	0.0116603
2.89859e-10	0.0116304
2.89899e-10	0.0116004
2.89938e-10	0.0115704
2.89978e-10	0.0115403
2.90017e-10	0.0115101
2.90056e-10	0.0114798
2.90096e-10	0.0114494
2.90135e-10	0.011419
2.90174e-10	0.0113885
2.90214e-10	0.011358
2.90253e-10	0.0113273
2.90292e-10	0.0112966
2.90332e-10	0.0112658
2.90371e-10	0.0112349
2.9041e-10	0.011204
2.9045e-10	0.011173
2.90489e-10	0.0111419
2.90529e-10	0.0111107
2.90568e-10	0.0110795
2.90607e-10	0.0110481
2.90647e-10	0.0110167
2.90686e-10	0.0109853
2.90725e-10	0.0109537
2.90765e-10	0.0109221
2.90804e-10	0.0108904
2.90843e-10	0.0108587
2.90883e-10	0.0108268
2.90922e-10	0.0107949
2.90961e-10	0.0107629
2.91001e-10	0.0107309
2.9104e-10	0.0106987
2.9108e-10	0.0106665
2.91119e-10	0.0106343
2.91158e-10	0.0106019
2.91198e-10	0.0105695
2.91237e-10	0.010537
2.91276e-10	0.0105044
2.91316e-10	0.0104717
2.91355e-10	0.010439
2.91394e-10	0.0104062
2.91434e-10	0.0103733
2.91473e-10	0.0103404
2.91512e-10	0.0103074
2.91552e-10	0.0102743
2.91591e-10	0.0102411
2.91631e-10	0.0102079
2.9167e-10	0.0101746
2.91709e-10	0.0101412
2.91749e-10	0.0101077
2.91788e-10	0.0100742
2.91827e-10	0.0100406
2.91867e-10	0.0100069
2.91906e-10	0.00997314
2.91945e-10	0.00993931
2.91985e-10	0.00990541
2.92024e-10	0.00987144
2.92063e-10	0.00983739
2.92103e-10	0.00980327
2.92142e-10	0.00976908
2.92182e-10	0.00973481
2.92221e-10	0.00970047
2.9226e-10	0.00966606
2.923e-10	0.00963158
2.92339e-10	0.00959702
2.92378e-10	0.00956239
2.92418e-10	0.00952769
2.92457e-10	0.00949292
2.92496e-10	0.00945807
2.92536e-10	0.00942315
2.92575e-10	0.00938816
2.92614e-10	0.00935309
2.92654e-10	0.00931795
2.92693e-10	0.00928274
2.92732e-10	0.00924746
2.92772e-10	0.00921211
2.92811e-10	0.00917668
2.92851e-10	0.00914118
2.9289e-10	0.00910561
2.92929e-10	0.00906997
2.92969e-10	0.00903426
2.93008e-10	0.00899847
2.93047e-10	0.00896261
2.93087e-10	0.00892668
2.93126e-10	0.00889068
2.93165e-10	0.00885461
2.93205e-10	0.00881846
2.93244e-10	0.00878224
2.93283e-10	0.00874595
2.93323e-10	0.00870959
2.93362e-10	0.00867316
2.93402e-10	0.00863666
2.93441e-10	0.00860009
2.9348e-10	0.00856344
2.9352e-10	0.00852672
2.93559e-10	0.00848993
2.93598e-10	0.00845308
2.93638e-10	0.00841615
2.93677e-10	0.00837914
2.93716e-10	0.00834207
2.93756e-10	0.00830493
2.93795e-10	0.00826771
2.93834e-10	0.00823043
2.93874e-10	0.00819307
2.93913e-10	0.00815565
2.93953e-10	0.00811815
2.93992e-10	0.00808058
2.94031e-10	0.00804295
2.94071e-10	0.00800524
2.9411e-10	0.00796746
2.94149e-10	0.00792961
2.94189e-10	0.00789169
2.94228e-10	0.0078537
2.94267e-10	0.00781564
2.94307e-10	0.00777751
2.94346e-10	0.00773931
2.94385e-10	0.00770104
2.94425e-10	0.0076627
2.94464e-10	0.00762429
2.94504e-10	0.00758581
2.94543e-10	0.00754726
2.94582e-10	0.00750865
2.94622e-10	0.00746996
2.94661e-10	0.0074312
2.947e-10	0.00739237
2.9474e-10	0.00735348
2.94779e-10	0.00731451
2.94818e-10	0.00727547
2.94858e-10	0.00723637
2.94897e-10	0.0071972
2.94936e-10	0.00715795
2.94976e-10	0.00711864
2.95015e-10	0.00707926
2.95055e-10	0.00703981
2.95094e-10	0.0070003
2.95133e-10	0.00696071
2.95173e-10	0.00692105
2.95212e-10	0.00688133
2.95251e-10	0.00684154
2.95291e-10	0.00680168
2.9533e-10	0.00676175
2.95369e-10	0.00672175
2.95409e-10	0.00668168
2.95448e-10	0.00664155
2.95487e-10	0.00660135
2.95527e-10	0.00656108
2.95566e-10	0.00652074
2.95606e-10	0.00648033
2.95645e-10	0.00643986
2.95684e-10	0.00639932
2.95724e-10	0.00635871
2.95763e-10	0.00631803
2.95802e-10	0.00627729
2.95842e-10	0.00623648
2.95881e-10	0.0061956
2.9592e-10	0.00615465
2.9596e-10	0.00611364
2.95999e-10	0.00607256
2.96038e-10	0.00603141
2.96078e-10	0.00599019
2.96117e-10	0.00594891
2.96156e-10	0.00590756
2.96196e-10	0.00586615
2.96235e-10	0.00582467
2.96275e-10	0.00578312
2.96314e-10	0.0057415
2.96353e-10	0.00569982
2.96393e-10	0.00565808
2.96432e-10	0.00561626
2.96471e-10	0.00557438
2.96511e-10	0.00553244
2.9655e-10	0.00549042
2.96589e-10	0.00544835
2.96629e-10	0.0054062
2.96668e-10	0.00536399
2.96707e-10	0.00532172
2.96747e-10	0.00527937
2.96786e-10	0.00523697
2.96826e-10	0.00519449
2.96865e-10	0.00515196
2.96904e-10	0.00510935
2.96944e-10	0.00506669
2.96983e-10	0.00502395
2.97022e-10	0.00498115
2.97062e-10	0.00493829
2.97101e-10	0.00489536
2.9714e-10	0.00485237
2.9718e-10	0.00480931
2.97219e-10	0.00476619
2.97258e-10	0.004723
2.97298e-10	0.00467975
2.97337e-10	0.00463643
2.97377e-10	0.00459305
2.97416e-10	0.00454961
2.97455e-10	0.0045061
2.97495e-10	0.00446253
2.97534e-10	0.00441889
2.97573e-10	0.00437519
2.97613e-10	0.00433143
2.97652e-10	0.0042876
2.97691e-10	0.00424371
2.97731e-10	0.00419976
2.9777e-10	0.00415574
2.97809e-10	0.00411166
2.97849e-10	0.00406751
2.97888e-10	0.00402331
2.97928e-10	0.00397903
2.97967e-10	0.0039347
2.98006e-10	0.0038903
2.98046e-10	0.00384585
2.98085e-10	0.00380132
2.98124e-10	0.00375674
2.98164e-10	0.00371209
2.98203e-10	0.00366738
2.98242e-10	0.00362261
2.98282e-10	0.00357778
2.98321e-10	0.00353288
2.9836e-10	0.00348792
2.984e-10	0.0034429
2.98439e-10	0.00339782
2.98479e-10	0.00335268
2.98518e-10	0.00330748
2.98557e-10	0.00326221
2.98597e-10	0.00321688
2.98636e-10	0.00317149
2.98675e-10	0.00312604
2.98715e-10	0.00308053
2.98754e-10	0.00303496
2.98793e-10	0.00298932
2.98833e-10	0.00294363
2.98872e-10	0.00289788
2.98911e-10	0.00285206
2.98951e-10	0.00280618
2.9899e-10	0.00276025
2.9903e-10	0.00271425
2.99069e-10	0.00266819
2.99108e-10	0.00262208
2.99148e-10	0.0025759
2.99187e-10	0.00252966
2.99226e-10	0.00248337
2.99266e-10	0.00243701
2.99305e-10	0.00239059
2.99344e-10	0.00234412
2.99384e-10	0.00229758
2.99423e-10	0.00225099
2.99462e-10	0.00220433
2.99502e-10	0.00215762
2.99541e-10	0.00211085
2.9958e-10	0.00206402
2.9962e-10	0.00201713
2.99659e-10	0.00197018
2.99699e-10	0.00192318
2.99738e-10	0.00187611
2.99777e-10	0.00182899
2.99817e-10	0.00178181
2.99856e-10	0.00173457
2.99895e-10	0.00168727
2.99935e-10	0.00163991
2.99974e-10	0.0015925
3.00013e-10	0.00154503
3.00053e-10	0.0014975
3.00092e-10	0.00144991
3.00131e-10	0.00140227
3.00171e-10	0.00135457
3.0021e-10	0.00130681
3.0025e-10	0.001259
3.00289e-10	0.00121113
3.00328e-10	0.0011632
3.00368e-10	0.00111521
3.00407e-10	0.00106717
3.00446e-10	0.00101907
3.00486e-10	0.000970918
3.00525e-10	0.000922707
3.00564e-10	0.00087444
3.00604e-10	0.000826117
3.00643e-10	0.000777738
3.00682e-10	0.000729303
3.00722e-10	0.000680813
3.00761e-10	0.000632267
3.00801e-10	0.000583666
3.0084e-10	0.000535009
3.00879e-10	0.000486297
3.00919e-10	0.00043753
3.00958e-10	0.000388708
3.00997e-10	0.000339832
3.01037e-10	0.0002909
3.01076e-10	0.000241914
3.01115e-10	0.000192874
3.01155e-10	0.000143779
3.01194e-10	9.46294e-05
3.01233e-10	4.5426e-05
3.01273e-10	-3.83132e-06
3.01312e-10	-5.31426e-05
3.01352e-10	-0.000102508
3.01391e-10	-0.000151926
3.0143e-10	-0.000201398
3.0147e-10	-0.000250924
3.01509e-10	-0.000300503
3.01548e-10	-0.000350135
3.01588e-10	-0.00039982
3.01627e-10	-0.000449558
3.01666e-10	-0.000499349
3.01706e-10	-0.000549193
3.01745e-10	-0.000599089
3.01784e-10	-0.000649037
3.01824e-10	-0.000699038
3.01863e-10	-0.000749091
3.01903e-10	-0.000799196
3.01942e-10	-0.000849353
3.01981e-10	-0.000899562
3.02021e-10	-0.000949822
3.0206e-10	-0.00100013
3.02099e-10	-0.0010505
3.02139e-10	-0.00110091
3.02178e-10	-0.00115138
3.02217e-10	-0.0012019
3.02257e-10	-0.00125246
3.02296e-10	-0.00130308
3.02335e-10	-0.00135375
3.02375e-10	-0.00140447
3.02414e-10	-0.00145524
3.02454e-10	-0.00150606
3.02493e-10	-0.00155693
3.02532e-10	-0.00160785
3.02572e-10	-0.00165882
3.02611e-10	-0.00170984
3.0265e-10	-0.00176091
3.0269e-10	-0.00181203
3.02729e-10	-0.0018632
3.02768e-10	-0.00191442
3.02808e-10	-0.00196569
3.02847e-10	-0.002017
3.02886e-10	-0.00206837
3.02926e-10	-0.00211978
3.02965e-10	-0.00217124
3.03004e-10	-0.00222275
3.03044e-10	-0.00227431
3.03083e-10	-0.00232592
3.03123e-10	-0.00237757
3.03162e-10	-0.00242928
3.03201e-10	-0.00248103
3.03241e-10	-0.00253283
3.0328e-10	-0.00258467
3.03319e-10	-0.00263656
3.03359e-10	-0.0026885
3.03398e-10	-0.00274049
3.03437e-10	-0.00279253
3.03477e-10	-0.00284461
3.03516e-10	-0.00289673
3.03555e-10	-0.00294891
3.03595e-10	-0.00300113
3.03634e-10	-0.0030534
3.03674e-10	-0.00310571
3.03713e-10	-0.00315807
3.03752e-10	-0.00321047
3.03792e-10	-0.00326292
3.03831e-10	-0.00331542
3.0387e-10	-0.00336796
3.0391e-10	-0.00342054
3.03949e-10	-0.00347318
3.03988e-10	-0.00352585
3.04028e-10	-0.00357857
3.04067e-10	-0.00363134
3.04106e-10	-0.00368415
3.04146e-10	-0.003737
3.04185e-10	-0.0037899
3.04225e-10	-0.00384285
3.04264e-10	-0.00389583
3.04303e-10	-0.00394886
3.04343e-10	-0.00400194
3.04382e-10	-0.00405506
3.04421e-10	-0.00410822
3.04461e-10	-0.00416142
3.045e-10	-0.00421467
3.04539e-10	-0.00426796
3.04579e-10	-0.0043213
3.04618e-10	-0.00437467
3.04657e-10	-0.00442809
3.04697e-10	-0.00448155
3.04736e-10	-0.00453506
3.04776e-10	-0.0045886
3.04815e-10	-0.00464219
3.04854e-10	-0.00469582
3.04894e-10	-0.00474949
3.04933e-10	-0.0048032
3.04972e-10	-0.00485695
3.05012e-10	-0.00491075
3.05051e-10	-0.00496458
3.0509e-10	-0.00501846
3.0513e-10	-0.00507238
3.05169e-10	-0.00512633
3.05208e-10	-0.00518033
3.05248e-10	-0.00523437
3.05287e-10	-0.00528845
3.05327e-10	-0.00534257
3.05366e-10	-0.00539672
3.05405e-10	-0.00545092
3.05445e-10	-0.00550516
3.05484e-10	-0.00555944
3.05523e-10	-0.00561375
3.05563e-10	-0.00566811
3.05602e-10	-0.0057225
3.05641e-10	-0.00577693
3.05681e-10	-0.0058314
3.0572e-10	-0.00588591
3.05759e-10	-0.00594046
3.05799e-10	-0.00599505
3.05838e-10	-0.00604967
3.05878e-10	-0.00610433
3.05917e-10	-0.00615903
3.05956e-10	-0.00621377
3.05996e-10	-0.00626854
3.06035e-10	-0.00632335
3.06074e-10	-0.0063782
3.06114e-10	-0.00643308
3.06153e-10	-0.006488
3.06192e-10	-0.00654296
3.06232e-10	-0.00659795
3.06271e-10	-0.00665298
3.0631e-10	-0.00670805
3.0635e-10	-0.00676315
3.06389e-10	-0.00681829
3.06428e-10	-0.00687346
3.06468e-10	-0.00692867
3.06507e-10	-0.00698392
3.06547e-10	-0.0070392
3.06586e-10	-0.00709451
3.06625e-10	-0.00714986
3.06665e-10	-0.00720524
3.06704e-10	-0.00726066
3.06743e-10	-0.00731611
3.06783e-10	-0.0073716
3.06822e-10	-0.00742712
3.06861e-10	-0.00748267
3.06901e-10	-0.00753826
3.0694e-10	-0.00759388
3.06979e-10	-0.00764953
3.07019e-10	-0.00770522
3.07058e-10	-0.00776094
3.07098e-10	-0.00781669
3.07137e-10	-0.00787248
3.07176e-10	-0.00792829
3.07216e-10	-0.00798414
3.07255e-10	-0.00804002
3.07294e-10	-0.00809594
3.07334e-10	-0.00815188
3.07373e-10	-0.00820786
3.07412e-10	-0.00826387
3.07452e-10	-0.00831991
3.07491e-10	-0.00837598
3.0753e-10	-0.00843208
3.0757e-10	-0.00848821
3.07609e-10	-0.00854438
3.07649e-10	-0.00860057
3.07688e-10	-0.00865679
3.07727e-10	-0.00871305
3.07767e-10	-0.00876933
3.07806e-10	-0.00882564
3.07845e-10	-0.00888199
3.07885e-10	-0.00893836
3.07924e-10	-0.00899476
3.07963e-10	-0.00905119
3.08003e-10	-0.00910765
3.08042e-10	-0.00916414
3.08081e-10	-0.00922065
3.08121e-10	-0.0092772
3.0816e-10	-0.00933377
3.082e-10	-0.00939037
3.08239e-10	-0.009447
3.08278e-10	-0.00950365
3.08318e-10	-0.00956034
3.08357e-10	-0.00961705
3.08396e-10	-0.00967379
3.08436e-10	-0.00973055
3.08475e-10	-0.00978734
3.08514e-10	-0.00984416
3.08554e-10	-0.009901
3.08593e-10	-0.00995788
3.08632e-10	-0.0100148
3.08672e-10	-0.0100717
3.08711e-10	-0.0101286
3.08751e-10	-0.0101856
3.0879e-10	-0.0102426
3.08829e-10	-0.0102996
3.08869e-10	-0.0103567
3.08908e-10	-0.0104138
3.08947e-10	-0.0104709
3.08987e-10	-0.010528
3.09026e-10	-0.0105851
3.09065e-10	-0.0106423
3.09105e-10	-0.0106995
3.09144e-10	-0.0107567
3.09183e-10	-0.010814
3.09223e-10	-0.0108712
3.09262e-10	-0.0109285
3.09302e-10	-0.0109858
3.09341e-10	-0.0110432
3.0938e-10	-0.0111005
3.0942e-10	-0.0111579
3.09459e-10	-0.0112153
3.09498e-10	-0.0112727
3.09538e-10	-0.0113302
3.09577e-10	-0.0113876
3.09616e-10	-0.0114451
3.09656e-10	-0.0115026
3.09695e-10	-0.0115602
3.09734e-10	-0.0116177
3.09774e-10	-0.0116753
3.09813e-10	-0.0117329
3.09852e-10	-0.0117905
3.09892e-10	-0.0118481
3.09931e-10	-0.0119058
3.09971e-10	-0.0119635
3.1001e-10	-0.0120211
3.10049e-10	-0.0120789
3.10089e-10	-0.0121366
3.10128e-10	-0.0121943
3.10167e-10	-0.0122521
3.10207e-10	-0.0123099
3.10246e-10	-0.0123677
3.10285e-10	-0.0124255
3.10325e-10	-0.0124834
3.10364e-10	-0.0125412
3.10403e-10	-0.0125991
3.10443e-10	-0.012657
3.10482e-10	-0.0127149
3.10522e-10	-0.0127729
3.10561e-10	-0.0128308
3.106e-10	-0.0128888
3.1064e-10	-0.0129468
3.10679e-10	-0.0130048
3.10718e-10	-0.0130628
3.10758e-10	-0.0131208
3.10797e-10	-0.0131788
3.10836e-10	-0.0132369
3.10876e-10	-0.013295
3.10915e-10	-0.0133531
3.10954e-10	-0.0134112
3.10994e-10	-0.0134693
3.11033e-10	-0.0135274
3.11073e-10	-0.0135856
3.11112e-10	-0.0136438
3.11151e-10	-0.0137019
3.11191e-10	-0.0137601
3.1123e-10	-0.0138183
3.11269e-10	-0.0138766
3.11309e-10	-0.0139348
3.11348e-10	-0.013993
3.11387e-10	-0.0140513
3.11427e-10	-0.0141096
3.11466e-10	-0.0141679
3.11505e-10	-0.0142262
3.11545e-10	-0.0142845
3.11584e-10	-0.0143428
3.11624e-10	-0.0144011
3.11663e-10	-0.0144595
3.11702e-10	-0.0145178
3.11742e-10	-0.0145762
3.11781e-10	-0.0146346
3.1182e-10	-0.014693
3.1186e-10	-0.0147514
3.11899e-10	-0.0148098
3.11938e-10	-0.0148682
3.11978e-10	-0.0149266
3.12017e-10	-0.0149851
3.12056e-10	-0.0150435
3.12096e-10	-0.015102
3.12135e-10	-0.0151604
3.12175e-10	-0.0152189
3.12214e-10	-0.0152774
3.12253e-10	-0.0153359
3.12293e-10	-0.0153944
3.12332e-10	-0.0154529
3.12371e-10	-0.0155114
3.12411e-10	-0.0155699
3.1245e-10	-0.0156285
3.12489e-10	-0.015687
3.12529e-10	-0.0157456
3.12568e-10	-0.0158041
3.12607e-10	-0.0158627
3.12647e-10	-0.0159212
3.12686e-10	-0.0159798
3.12726e-10	-0.0160384
3.12765e-10	-0.016097
3.12804e-10	-0.0161556
3.12844e-10	-0.0162142
3.12883e-10	-0.0162728
3.12922e-10	-0.0163314
3.12962e-10	-0.01639
3.13001e-10	-0.0164486
3.1304e-10	-0.0165072
3.1308e-10	-0.0165659
3.13119e-10	-0.0166245
3.13158e-10	-0.0166831
3.13198e-10	-0.0167418
3.13237e-10	-0.0168004
3.13277e-10	-0.016859
3.13316e-10	-0.0169177
3.13355e-10	-0.0169763
3.13395e-10	-0.017035
3.13434e-10	-0.0170936
3.13473e-10	-0.0171523
3.13513e-10	-0.017211
3.13552e-10	-0.0172696
3.13591e-10	-0.0173283
3.13631e-10	-0.0173869
3.1367e-10	-0.0174456
3.13709e-10	-0.0175043
3.13749e-10	-0.0175629
3.13788e-10	-0.0176216
3.13827e-10	-0.0176803
3.13867e-10	-0.0177389
3.13906e-10	-0.0177976
3.13946e-10	-0.0178563
3.13985e-10	-0.0179149
3.14024e-10	-0.0179736
3.14064e-10	-0.0180322
3.14103e-10	-0.0180909
3.14142e-10	-0.0181496
3.14182e-10	-0.0182082
3.14221e-10	-0.0182669
3.1426e-10	-0.0183255
3.143e-10	-0.0183842
3.14339e-10	-0.0184428
3.14378e-10	-0.0185015
3.14418e-10	-0.0185601
3.14457e-10	-0.0186188
3.14497e-10	-0.0186774
3.14536e-10	-0.018736
3.14575e-10	-0.0187947
3.14615e-10	-0.0188533
3.14654e-10	-0.0189119
3.14693e-10	-0.0189705
3.14733e-10	-0.0190291
3.14772e-10	-0.0190877
3.14811e-10	-0.0191463
3.14851e-10	-0.0192049
3.1489e-10	-0.0192635
3.14929e-10	-0.0193221
3.14969e-10	-0.0193807
3.15008e-10	-0.0194393
3.15048e-10	-0.0194978
3.15087e-10	-0.0195564
3.15126e-10	-0.0196149
3.15166e-10	-0.0196735
3.15205e-10	-0.019732
3.15244e-10	-0.0197906
3.15284e-10	-0.0198491
3.15323e-10	-0.0199076
3.15362e-10	-0.0199661
3.15402e-10	-0.0200246
3.15441e-10	-0.0200831
3.1548e-10	-0.0201416
3.1552e-10	-0.0202
3.15559e-10	-0.0202585
3.15599e-10	-0.020317
3.15638e-10	-0.0203754
3.15677e-10	-0.0204338
3.15717e-10	-0.0204923
3.15756e-10	-0.0205507
3.15795e-10	-0.0206091
3.15835e-10	-0.0206675
3.15874e-10	-0.0207259
3.15913e-10	-0.0207842
3.15953e-10	-0.0208426
3.15992e-10	-0.0209009
3.16031e-10	-0.0209593
3.16071e-10	-0.0210176
3.1611e-10	-0.0210759
3.1615e-10	-0.0211342
3.16189e-10	-0.0211925
3.16228e-10	-0.0212507
3.16268e-10	-0.021309
3.16307e-10	-0.0213672
3.16346e-10	-0.0214255
3.16386e-10	-0.0214837
3.16425e-10	-0.0215419
3.16464e-10	-0.0216001
3.16504e-10	-0.0216583
3.16543e-10	-0.0217164
3.16582e-10	-0.0217746
3.16622e-10	-0.0218327
3.16661e-10	-0.0218908
3.16701e-10	-0.0219489
3.1674e-10	-0.022007
3.16779e-10	-0.022065
3.16819e-10	-0.0221231
3.16858e-10	-0.0221811
3.16897e-10	-0.0222391
3.16937e-10	-0.0222971
3.16976e-10	-0.0223551
3.17015e-10	-0.0224131
3.17055e-10	-0.022471
3.17094e-10	-0.0225289
3.17133e-10	-0.0225868
3.17173e-10	-0.0226447
3.17212e-10	-0.0227026
3.17251e-10	-0.0227605
3.17291e-10	-0.0228183
3.1733e-10	-0.0228761
3.1737e-10	-0.0229339
3.17409e-10	-0.0229917
3.17448e-10	-0.0230494
3.17488e-10	-0.0231072
3.17527e-10	-0.0231649
3.17566e-10	-0.0232226
3.17606e-10	-0.0232802
3.17645e-10	-0.0233379
3.17684e-10	-0.0233955
3.17724e-10	-0.0234531
3.17763e-10	-0.0235107
3.17802e-10	-0.0235683
3.17842e-10	-0.0236258
3.17881e-10	-0.0236833
3.17921e-10	-0.0237408
3.1796e-10	-0.0237983
3.17999e-10	-0.0238557
3.18039e-10	-0.0239132
3.18078e-10	-0.0239706
3.18117e-10	-0.0240279
3.18157e-10	-0.0240853
3.18196e-10	-0.0241426
3.18235e-10	-0.0241999
3.18275e-10	-0.0242572
3.18314e-10	-0.0243145
3.18353e-10	-0.0243717
3.18393e-10	-0.0244289
3.18432e-10	-0.0244861
3.18472e-10	-0.0245432
3.18511e-10	-0.0246003
3.1855e-10	-0.0246574
3.1859e-10	-0.0247145
3.18629e-10	-0.0247716
3.18668e-10	-0.0248286
3.18708e-10	-0.0248856
3.18747e-10	-0.0249425
3.18786e-10	-0.0249995
3.18826e-10	-0.0250564
3.18865e-10	-0.0251132
3.18904e-10	-0.0251701
3.18944e-10	-0.0252269
3.18983e-10	-0.0252837
3.19023e-10	-0.0253405
3.19062e-10	-0.0253972
3.19101e-10	-0.0254539
3.19141e-10	-0.0255106
3.1918e-10	-0.0255672
3.19219e-10	-0.0256238
3.19259e-10	-0.0256804
3.19298e-10	-0.0257369
3.19337e-10	-0.0257934
3.19377e-10	-0.0258499
3.19416e-10	-0.0259064
3.19455e-10	-0.0259628
3.19495e-10	-0.0260192
3.19534e-10	-0.0260756
3.19574e-10	-0.0261319
3.19613e-10	-0.0261882
3.19652e-10	-0.0262444
3.19692e-10	-0.0263006
3.19731e-10	-0.0263568
3.1977e-10	-0.026413
3.1981e-10	-0.0264691
3.19849e-10	-0.0265252
3.19888e-10	-0.0265813
3.19928e-10	-0.0266373
3.19967e-10	-0.0266933
3.20006e-10	-0.0267492
3.20046e-10	-0.0268051
3.20085e-10	-0.026861
3.20125e-10	-0.0269168
3.20164e-10	-0.0269726
3.20203e-10	-0.0270284
3.20243e-10	-0.0270841
3.20282e-10	-0.0271398
3.20321e-10	-0.0271955
3.20361e-10	-0.0272511
3.204e-10	-0.0273067
3.20439e-10	-0.0273622
3.20479e-10	-0.0274178
3.20518e-10	-0.0274732
3.20557e-10	-0.0275286
3.20597e-10	-0.027584
3.20636e-10	-0.0276394
3.20675e-10	-0.0276947
3.20715e-10	-0.02775
3.20754e-10	-0.0278052
3.20794e-10	-0.0278604
3.20833e-10	-0.0279155
3.20872e-10	-0.0279707
3.20912e-10	-0.0280257
3.20951e-10	-0.0280808
3.2099e-10	-0.0281357
3.2103e-10	-0.0281907
3.21069e-10	-0.0282456
3.21108e-10	-0.0283005
3.21148e-10	-0.0283553
3.21187e-10	-0.0284101
3.21226e-10	-0.0284648
3.21266e-10	-0.0285195
3.21305e-10	-0.0285741
3.21345e-10	-0.0286287
3.21384e-10	-0.0286833
3.21423e-10	-0.0287378
3.21463e-10	-0.0287923
3.21502e-10	-0.0288467
3.21541e-10	-0.0289011
3.21581e-10	-0.0289554
3.2162e-10	-0.0290097
3.21659e-10	-0.029064
3.21699e-10	-0.0291182
3.21738e-10	-0.0291723
3.21777e-10	-0.0292264
3.21817e-10	-0.0292805
3.21856e-10	-0.0293345
3.21896e-10	-0.0293885
3.21935e-10	-0.0294424
3.21974e-10	-0.0294963
3.22014e-10	-0.0295501
3.22053e-10	-0.0296039
3.22092e-10	-0.0296576
3.22132e-10	-0.0297113
3.22171e-10	-0.029765
3.2221e-10	-0.0298185
3.2225e-10	-0.0298721
3.22289e-10	-0.0299256
3.22328e-10	-0.029979
3.22368e-10	-0.0300324
3.22407e-10	-0.0300857
3.22447e-10	-0.030139
3.22486e-10	-0.0301923
3.22525e-10	-0.0302455
3.22565e-10	-0.0302986
3.22604e-10	-0.0303517
3.22643e-10	-0.0304047
3.22683e-10	-0.0304577
3.22722e-10	-0.0305106
3.22761e-10	-0.0305635
3.22801e-10	-0.0306163
3.2284e-10	-0.0306691
3.22879e-10	-0.0307218
3.22919e-10	-0.0307745
3.22958e-10	-0.0308271
3.22998e-10	-0.0308797
3.23037e-10	-0.0309322
3.23076e-10	-0.0309846
3.23116e-10	-0.031037
3.23155e-10	-0.0310893
3.23194e-10	-0.0311416
3.23234e-10	-0.0311939
3.23273e-10	-0.031246
3.23312e-10	-0.0312982
3.23352e-10	-0.0313502
3.23391e-10	-0.0314022
3.2343e-10	-0.0314542
3.2347e-10	-0.0315061
3.23509e-10	-0.0315579
3.23549e-10	-0.0316097
3.23588e-10	-0.0316614
3.23627e-10	-0.0317131
3.23667e-10	-0.0317647
3.23706e-10	-0.0318162
3.23745e-10	-0.0318677
3.23785e-10	-0.0319192
3.23824e-10	-0.0319705
3.23863e-10	-0.0320219
3.23903e-10	-0.0320731
3.23942e-10	-0.0321243
3.23981e-10	-0.0321754
3.24021e-10	-0.0322265
3.2406e-10	-0.0322775
3.24099e-10	-0.0323285
3.24139e-10	-0.0323794
3.24178e-10	-0.0324302
3.24218e-10	-0.032481
3.24257e-10	-0.0325317
3.24296e-10	-0.0325824
3.24336e-10	-0.0326329
3.24375e-10	-0.0326835
3.24414e-10	-0.0327339
3.24454e-10	-0.0327843
3.24493e-10	-0.0328347
3.24532e-10	-0.0328849
3.24572e-10	-0.0329351
3.24611e-10	-0.0329853
3.2465e-10	-0.0330354
3.2469e-10	-0.0330854
3.24729e-10	-0.0331353
3.24769e-10	-0.0331852
3.24808e-10	-0.033235
3.24847e-10	-0.0332848
3.24887e-10	-0.0333345
3.24926e-10	-0.0333841
3.24965e-10	-0.0334337
3.25005e-10	-0.0334832
3.25044e-10	-0.0335326
3.25083e-10	-0.033582
3.25123e-10	-0.0336313
3.25162e-10	-0.0336805
3.25201e-10	-0.0337296
3.25241e-10	-0.0337787
3.2528e-10	-0.0338277
3.2532e-10	-0.0338767
3.25359e-10	-0.0339256
3.25398e-10	-0.0339744
3.25438e-10	-0.0340232
3.25477e-10	-0.0340718
3.25516e-10	-0.0341204
3.25556e-10	-0.034169
3.25595e-10	-0.0342175
3.25634e-10	-0.0342658
3.25674e-10	-0.0343142
3.25713e-10	-0.0343624
3.25752e-10	-0.0344106
3.25792e-10	-0.0344587
3.25831e-10	-0.0345068
3.25871e-10	-0.0345548
3.2591e-10	-0.0346027
3.25949e-10	-0.0346505
3.25989e-10	-0.0346982
3.26028e-10	-0.0347459
3.26067e-10	-0.0347935
3.26107e-10	-0.0348411
3.26146e-10	-0.0348885
3.26185e-10	-0.0349359
3.26225e-10	-0.0349833
3.26264e-10	-0.0350305
3.26303e-10	-0.0350777
3.26343e-10	-0.0351248
3.26382e-10	-0.0351718
3.26422e-10	-0.0352187
3.26461e-10	-0.0352656
3.265e-10	-0.0353124
3.2654e-10	-0.0353591
3.26579e-10	-0.0354057
3.26618e-10	-0.0354523
3.26658e-10	-0.0354988
3.26697e-10	-0.0355452
3.26736e-10	-0.0355915
3.26776e-10	-0.0356378
3.26815e-10	-0.035684
3.26854e-10	-0.0357301
3.26894e-10	-0.0357761
3.26933e-10	-0.035822
3.26973e-10	-0.0358679
3.27012e-10	-0.0359137
3.27051e-10	-0.0359594
3.27091e-10	-0.036005
3.2713e-10	-0.0360506
3.27169e-10	-0.036096
3.27209e-10	-0.0361414
3.27248e-10	-0.0361867
3.27287e-10	-0.036232
3.27327e-10	-0.0362771
3.27366e-10	-0.0363222
3.27405e-10	-0.0363672
3.27445e-10	-0.0364121
3.27484e-10	-0.0364569
3.27523e-10	-0.0365016
3.27563e-10	-0.0365463
3.27602e-10	-0.0365909
3.27642e-10	-0.0366354
3.27681e-10	-0.0366798
3.2772e-10	-0.0367241
3.2776e-10	-0.0367683
3.27799e-10	-0.0368125
3.27838e-10	-0.0368566
3.27878e-10	-0.0369006
3.27917e-10	-0.0369445
3.27956e-10	-0.0369883
3.27996e-10	-0.037032
3.28035e-10	-0.0370757
3.28074e-10	-0.0371192
3.28114e-10	-0.0371627
3.28153e-10	-0.0372061
3.28193e-10	-0.0372494
3.28232e-10	-0.0372926
3.28271e-10	-0.0373358
3.28311e-10	-0.0373788
3.2835e-10	-0.0374218
3.28389e-10	-0.0374647
3.28429e-10	-0.0375074
3.28468e-10	-0.0375501
3.28507e-10	-0.0375928
3.28547e-10	-0.0376353
3.28586e-10	-0.0376777
3.28625e-10	-0.0377201
3.28665e-10	-0.0377623
3.28704e-10	-0.0378045
3.28744e-10	-0.0378466
3.28783e-10	-0.0378885
3.28822e-10	-0.0379304
3.28862e-10	-0.0379722
3.28901e-10	-0.038014
3.2894e-10	-0.0380556
3.2898e-10	-0.0380971
3.29019e-10	-0.0381386
3.29058e-10	-0.0381799
3.29098e-10	-0.0382212
3.29137e-10	-0.0382623
3.29176e-10	-0.0383034
3.29216e-10	-0.0383444
3.29255e-10	-0.0383853
3.29295e-10	-0.0384261
3.29334e-10	-0.0384668
3.29373e-10	-0.0385074
3.29413e-10	-0.0385479
3.29452e-10	-0.0385883
3.29491e-10	-0.0386286
3.29531e-10	-0.0386689
3.2957e-10	-0.038709
3.29609e-10	-0.0387491
3.29649e-10	-0.038789
3.29688e-10	-0.0388289
3.29727e-10	-0.0388686
3.29767e-10	-0.0389083
3.29806e-10	-0.0389478
3.29846e-10	-0.0389873
3.29885e-10	-0.0390267
3.29924e-10	-0.039066
3.29964e-10	-0.0391051
3.30003e-10	-0.0391442
3.30042e-10	-0.0391832
3.30082e-10	-0.0392221
3.30121e-10	-0.0392609
3.3016e-10	-0.0392996
3.302e-10	-0.0393382
3.30239e-10	-0.0393767
3.30278e-10	-0.039415
3.30318e-10	-0.0394533
3.30357e-10	-0.0394915
3.30397e-10	-0.0395296
3.30436e-10	-0.0395676
3.30475e-10	-0.0396055
3.30515e-10	-0.0396433
3.30554e-10	-0.039681
3.30593e-10	-0.0397186
3.30633e-10	-0.0397561
3.30672e-10	-0.0397935
3.30711e-10	-0.0398308
3.30751e-10	-0.039868
3.3079e-10	-0.039905
3.30829e-10	-0.039942
3.30869e-10	-0.0399789
3.30908e-10	-0.0400157
3.30947e-10	-0.0400524
3.30987e-10	-0.0400889
3.31026e-10	-0.0401254
3.31066e-10	-0.0401617
3.31105e-10	-0.040198
3.31144e-10	-0.0402342
3.31184e-10	-0.0402702
3.31223e-10	-0.0403062
3.31262e-10	-0.040342
3.31302e-10	-0.0403777
3.31341e-10	-0.0404134
3.3138e-10	-0.0404489
3.3142e-10	-0.0404843
3.31459e-10	-0.0405196
3.31498e-10	-0.0405548
3.31538e-10	-0.0405899
3.31577e-10	-0.0406249
3.31617e-10	-0.0406598
3.31656e-10	-0.0406946
3.31695e-10	-0.0407293
3.31735e-10	-0.0407638
3.31774e-10	-0.0407983
3.31813e-10	-0.0408326
3.31853e-10	-0.0408669
3.31892e-10	-0.040901
3.31931e-10	-0.040935
3.31971e-10	-0.0409689
3.3201e-10	-0.0410027
3.32049e-10	-0.0410364
3.32089e-10	-0.04107
3.32128e-10	-0.0411035
3.32168e-10	-0.0411368
3.32207e-10	-0.0411701
3.32246e-10	-0.0412032
3.32286e-10	-0.0412363
3.32325e-10	-0.0412692
3.32364e-10	-0.041302
3.32404e-10	-0.0413347
3.32443e-10	-0.0413673
3.32482e-10	-0.0413997
3.32522e-10	-0.0414321
3.32561e-10	-0.0414643
3.326e-10	-0.0414965
3.3264e-10	-0.0415285
3.32679e-10	-0.0415604
3.32719e-10	-0.0415922
3.32758e-10	-0.0416239
3.32797e-10	-0.0416554
3.32837e-10	-0.0416869
3.32876e-10	-0.0417182
3.32915e-10	-0.0417494
3.32955e-10	-0.0417806
3.32994e-10	-0.0418115
3.33033e-10	-0.0418424
3.33073e-10	-0.0418732
3.33112e-10	-0.0419038
3.33151e-10	-0.0419344
3.33191e-10	-0.0419648
3.3323e-10	-0.0419951
3.3327e-10	-0.0420252
3.33309e-10	-0.0420553
3.33348e-10	-0.0420853
3.33388e-10	-0.0421151
3.33427e-10	-0.0421448
3.33466e-10	-0.0421744
3.33506e-10	-0.0422039
3.33545e-10	-0.0422332
3.33584e-10	-0.0422625
3.33624e-10	-0.0422916
3.33663e-10	-0.0423206
3.33702e-10	-0.0423495
3.33742e-10	-0.0423782
3.33781e-10	-0.0424069
3.33821e-10	-0.0424354
3.3386e-10	-0.0424638
3.33899e-10	-0.0424921
3.33939e-10	-0.0425202
3.33978e-10	-0.0425483
3.34017e-10	-0.0425762
3.34057e-10	-0.042604
3.34096e-10	-0.0426317
3.34135e-10	-0.0426592
3.34175e-10	-0.0426866
3.34214e-10	-0.0427139
3.34253e-10	-0.0427411
3.34293e-10	-0.0427682
3.34332e-10	-0.0427951
3.34372e-10	-0.042822
3.34411e-10	-0.0428487
3.3445e-10	-0.0428752
3.3449e-10	-0.0429017
3.34529e-10	-0.042928
3.34568e-10	-0.0429542
3.34608e-10	-0.0429803
3.34647e-10	-0.0430062
3.34686e-10	-0.0430321
3.34726e-10	-0.0430578
3.34765e-10	-0.0430833
3.34804e-10	-0.0431088
3.34844e-10	-0.0431341
3.34883e-10	-0.0431593
3.34922e-10	-0.0431844
3.34962e-10	-0.0432093
3.35001e-10	-0.0432342
3.35041e-10	-0.0432589
3.3508e-10	-0.0432834
3.35119e-10	-0.0433079
3.35159e-10	-0.0433322
3.35198e-10	-0.0433564
3.35237e-10	-0.0433804
3.35277e-10	-0.0434043
3.35316e-10	-0.0434281
3.35355e-10	-0.0434518
3.35395e-10	-0.0434754
3.35434e-10	-0.0434988
3.35473e-10	-0.0435221
3.35513e-10	-0.0435452
3.35552e-10	-0.0435682
3.35592e-10	-0.0435911
3.35631e-10	-0.0436139
3.3567e-10	-0.0436366
3.3571e-10	-0.0436591
3.35749e-10	-0.0436814
3.35788e-10	-0.0437037
3.35828e-10	-0.0437258
3.35867e-10	-0.0437478
3.35906e-10	-0.0437696
3.35946e-10	-0.0437913
3.35985e-10	-0.0438129
3.36024e-10	-0.0438344
3.36064e-10	-0.0438557
3.36103e-10	-0.0438769
3.36143e-10	-0.043898
3.36182e-10	-0.0439189
3.36221e-10	-0.0439397
3.36261e-10	-0.0439603
3.363e-10	-0.0439809
3.36339e-10	-0.0440013
3.36379e-10	-0.0440215
3.36418e-10	-0.0440416
3.36457e-10	-0.0440616
3.36497e-10	-0.0440815
3.36536e-10	-0.0441012
3.36575e-10	-0.0441208
3.36615e-10	-0.0441402
3.36654e-10	-0.0441596
3.36694e-10	-0.0441787
3.36733e-10	-0.0441978
3.36772e-10	-0.0442167
3.36812e-10	-0.0442355
3.36851e-10	-0.0442541
3.3689e-10	-0.0442726
3.3693e-10	-0.0442909
3.36969e-10	-0.0443092
3.37008e-10	-0.0443273
3.37048e-10	-0.0443452
3.37087e-10	-0.044363
3.37126e-10	-0.0443807
3.37166e-10	-0.0443982
3.37205e-10	-0.0444156
3.37245e-10	-0.0444329
3.37284e-10	-0.04445
3.37323e-10	-0.044467
3.37363e-10	-0.0444838
3.37402e-10	-0.0445005
3.37441e-10	-0.0445171
3.37481e-10	-0.0445335
3.3752e-10	-0.0445498
3.37559e-10	-0.0445659
3.37599e-10	-0.0445819
3.37638e-10	-0.0445978
3.37677e-10	-0.0446135
3.37717e-10	-0.0446291
3.37756e-10	-0.0446445
3.37796e-10	-0.0446598
3.37835e-10	-0.044675
3.37874e-10	-0.04469
3.37914e-10	-0.0447049
3.37953e-10	-0.0447196
3.37992e-10	-0.0447342
3.38032e-10	-0.0447487
3.38071e-10	-0.044763
3.3811e-10	-0.0447771
3.3815e-10	-0.0447911
3.38189e-10	-0.044805
3.38228e-10	-0.0448187
3.38268e-10	-0.0448323
3.38307e-10	-0.0448458
3.38346e-10	-0.0448591
3.38386e-10	-0.0448722
3.38425e-10	-0.0448852
3.38465e-10	-0.0448981
3.38504e-10	-0.0449108
3.38543e-10	-0.0449234
3.38583e-10	-0.0449358
3.38622e-10	-0.0449481
3.38661e-10	-0.0449603
3.38701e-10	-0.0449723
3.3874e-10	-0.0449841
3.38779e-10	-0.0449958
3.38819e-10	-0.0450074
3.38858e-10	-0.0450188
3.38897e-10	-0.0450301
3.38937e-10	-0.0450412
3.38976e-10	-0.0450522
3.39016e-10	-0.045063
3.39055e-10	-0.0450737
3.39094e-10	-0.0450842
3.39134e-10	-0.0450946
3.39173e-10	-0.0451048
3.39212e-10	-0.0451149
3.39252e-10	-0.0451248
3.39291e-10	-0.0451346
3.3933e-10	-0.0451442
3.3937e-10	-0.0451537
3.39409e-10	-0.0451631
3.39448e-10	-0.0451723
3.39488e-10	-0.0451813
3.39527e-10	-0.0451902
3.39567e-10	-0.0451989
3.39606e-10	-0.0452075
3.39645e-10	-0.045216
3.39685e-10	-0.0452243
3.39724e-10	-0.0452324
3.39763e-10	-0.0452404
3.39803e-10	-0.0452482
3.39842e-10	-0.0452559
3.39881e-10	-0.0452635
3.39921e-10	-0.0452709
3.3996e-10	-0.0452781
3.39999e-10	-0.0452852
3.40039e-10	-0.0452921
3.40078e-10	-0.0452989
3.40118e-10	-0.0453055
3.40157e-10	-0.045312
3.40196e-10	-0.0453183
3.40236e-10	-0.0453245
3.40275e-10	-0.0453305
3.40314e-10	-0.0453364
3.40354e-10	-0.0453421
3.40393e-10	-0.0453476
3.40432e-10	-0.045353
3.40472e-10	-0.0453583
3.40511e-10	-0.0453634
3.4055e-10	-0.0453683
3.4059e-10	-0.0453731
3.40629e-10	-0.0453777
3.40669e-10	-0.0453822
3.40708e-10	-0.0453865
3.40747e-10	-0.0453907
3.40787e-10	-0.0453947
3.40826e-10	-0.0453986
3.40865e-10	-0.0454023
3.40905e-10	-0.0454058
3.40944e-10	-0.0454092
3.40983e-10	-0.0454124
3.41023e-10	-0.0454155
3.41062e-10	-0.0454184
3.41101e-10	-0.0454212
3.41141e-10	-0.0454238
3.4118e-10	-0.0454263
3.4122e-10	-0.0454285
3.41259e-10	-0.0454307
3.41298e-10	-0.0454327
3.41338e-10	-0.0454345
3.41377e-10	-0.0454361
3.41416e-10	-0.0454377
3.41456e-10	-0.045439
3.41495e-10	-0.0454402
3.41534e-10	-0.0454412
3.41574e-10	-0.0454421
3.41613e-10	-0.0454428
3.41652e-10	-0.0454434
3.41692e-10	-0.0454438
3.41731e-10	-0.045444
3.4177e-10	-0.0454441
3.4181e-10	-0.045444
3.41849e-10	-0.0454437
3.41889e-10	-0.0454433
3.41928e-10	-0.0454428
3.41967e-10	-0.0454421
3.42007e-10	-0.0454412
3.42046e-10	-0.0454401
3.42085e-10	-0.0454389
3.42125e-10	-0.0454376
3.42164e-10	-0.045436
3.42203e-10	-0.0454343
3.42243e-10	-0.0454325
3.42282e-10	-0.0454305
3.42321e-10	-0.0454283
3.42361e-10	-0.045426
3.424e-10	-0.0454235
3.4244e-10	-0.0454208
3.42479e-10	-0.045418
3.42518e-10	-0.045415
3.42558e-10	-0.0454119
3.42597e-10	-0.0454086
3.42636e-10	-0.0454051
3.42676e-10	-0.0454015
3.42715e-10	-0.0453977
3.42754e-10	-0.0453937
3.42794e-10	-0.0453896
3.42833e-10	-0.0453853
3.42872e-10	-0.0453809
3.42912e-10	-0.0453763
3.42951e-10	-0.0453715
3.42991e-10	-0.0453666
3.4303e-10	-0.0453615
3.43069e-10	-0.0453562
3.43109e-10	-0.0453508
3.43148e-10	-0.0453452
3.43187e-10	-0.0453394
3.43227e-10	-0.0453335
3.43266e-10	-0.0453274
3.43305e-10	-0.0453211
3.43345e-10	-0.0453147
3.43384e-10	-0.0453081
3.43423e-10	-0.0453014
3.43463e-10	-0.0452944
3.43502e-10	-0.0452873
3.43542e-10	-0.0452801
3.43581e-10	-0.0452727
3.4362e-10	-0.0452651
3.4366e-10	-0.0452573
3.43699e-10	-0.0452494
3.43738e-10	-0.0452413
3.43778e-10	-0.0452331
3.43817e-10	-0.0452247
3.43856e-10	-0.0452161
3.43896e-10	-0.0452073
3.43935e-10	-0.0451984
3.43974e-10	-0.0451893
3.44014e-10	-0.0451801
3.44053e-10	-0.0451706
3.44093e-10	-0.0451611
3.44132e-10	-0.0451513
3.44171e-10	-0.0451414
3.44211e-10	-0.0451313
3.4425e-10	-0.045121
3.44289e-10	-0.0451106
3.44329e-10	-0.0451
3.44368e-10	-0.0450892
3.44407e-10	-0.0450783
3.44447e-10	-0.0450672
3.44486e-10	-0.0450559
3.44525e-10	-0.0450444
3.44565e-10	-0.0450328
3.44604e-10	-0.045021
3.44644e-10	-0.0450091
3.44683e-10	-0.0449969
3.44722e-10	-0.0449846
3.44762e-10	-0.0449722
3.44801e-10	-0.0449595
3.4484e-10	-0.0449467
3.4488e-10	-0.0449338
3.44919e-10	-0.0449206
3.44958e-10	-0.0449073
3.44998e-10	-0.0448938
3.45037e-10	-0.0448801
3.45076e-10	-0.0448663
3.45116e-10	-0.0448523
3.45155e-10	-0.0448381
3.45194e-10	-0.0448238
3.45234e-10	-0.0448093
3.45273e-10	-0.0447946
3.45313e-10	-0.0447797
3.45352e-10	-0.0447647
3.45391e-10	-0.0447495
3.45431e-10	-0.0447341
3.4547e-10	-0.0447185
3.45509e-10	-0.0447028
3.45549e-10	-0.0446869
3.45588e-10	-0.0446709
3.45627e-10	-0.0446546
3.45667e-10	-0.0446382
3.45706e-10	-0.0446216
3.45745e-10	-0.0446049
3.45785e-10	-0.0445879
3.45824e-10	-0.0445708
3.45864e-10	-0.0445535
3.45903e-10	-0.0445361
3.45942e-10	-0.0445185
3.45982e-10	-0.0445007
3.46021e-10	-0.0444827
3.4606e-10	-0.0444645
3.461e-10	-0.0444462
3.46139e-10	-0.0444277
3.46178e-10	-0.044409
3.46218e-10	-0.0443902
3.46257e-10	-0.0443712
3.46296e-10	-0.044352
3.46336e-10	-0.0443326
3.46375e-10	-0.0443131
3.46415e-10	-0.0442934
3.46454e-10	-0.0442735
3.46493e-10	-0.0442534
3.46533e-10	-0.0442332
3.46572e-10	-0.0442127
3.46611e-10	-0.0441921
3.46651e-10	-0.0441714
3.4669e-10	-0.0441504
3.46729e-10	-0.0441293
3.46769e-10	-0.044108
3.46808e-10	-0.0440865
3.46847e-10	-0.0440649
3.46887e-10	-0.0440431
3.46926e-10	-0.0440211
3.46966e-10	-0.0439989
3.47005e-10	-0.0439765
3.47044e-10	-0.043954
3.47084e-10	-0.0439313
3.47123e-10	-0.0439084
3.47162e-10	-0.0438853
3.47202e-10	-0.0438621
3.47241e-10	-0.0438387
3.4728e-10	-0.0438151
3.4732e-10	-0.0437913
3.47359e-10	-0.0437674
3.47398e-10	-0.0437433
3.47438e-10	-0.043719
3.47477e-10	-0.0436945
3.47517e-10	-0.0436698
3.47556e-10	-0.043645
3.47595e-10	-0.04362
3.47635e-10	-0.0435948
3.47674e-10	-0.0435694
3.47713e-10	-0.0435439
3.47753e-10	-0.0435181
3.47792e-10	-0.0434922
3.47831e-10	-0.0434662
3.47871e-10	-0.0434399
3.4791e-10	-0.0434135
3.47949e-10	-0.0433869
3.47989e-10	-0.0433601
3.48028e-10	-0.0433331
3.48068e-10	-0.0433059
3.48107e-10	-0.0432786
3.48146e-10	-0.0432511
3.48186e-10	-0.0432234
3.48225e-10	-0.0431955
3.48264e-10	-0.0431675
3.48304e-10	-0.0431393
3.48343e-10	-0.0431109
3.48382e-10	-0.0430823
3.48422e-10	-0.0430535
3.48461e-10	-0.0430246
3.485e-10	-0.0429955
3.4854e-10	-0.0429662
3.48579e-10	-0.0429367
3.48618e-10	-0.042907
3.48658e-10	-0.0428772
3.48697e-10	-0.0428472
3.48737e-10	-0.042817
3.48776e-10	-0.0427866
3.48815e-10	-0.042756
3.48855e-10	-0.0427253
3.48894e-10	-0.0426944
3.48933e-10	-0.0426633
3.48973e-10	-0.042632
3.49012e-10	-0.0426005
3.49051e-10	-0.0425689
3.49091e-10	-0.042537
3.4913e-10	-0.042505
3.49169e-10	-0.0424729
3.49209e-10	-0.0424405
3.49248e-10	-0.0424079
3.49288e-10	-0.0423752
3.49327e-10	-0.0423423
3.49366e-10	-0.0423092
3.49406e-10	-0.0422759
3.49445e-10	-0.0422425
3.49484e-10	-0.0422089
3.49524e-10	-0.042175
3.49563e-10	-0.0421411
3.49602e-10	-0.0421069
3.49642e-10	-0.0420725
3.49681e-10	-0.042038
3.4972e-10	-0.0420033
3.4976e-10	-0.0419684
3.49799e-10	-0.0419333
3.49839e-10	-0.041898
3.49878e-10	-0.0418626
3.49917e-10	-0.0418269
3.49957e-10	-0.0417911
3.49996e-10	-0.0417551
3.50035e-10	-0.0417189
3.50075e-10	-0.0416826
3.50114e-10	-0.041646
3.50153e-10	-0.0416093
3.50193e-10	-0.0415724
3.50232e-10	-0.0415353
3.50271e-10	-0.0414981
3.50311e-10	-0.0414606
3.5035e-10	-0.041423
3.5039e-10	-0.0413852
3.50429e-10	-0.0413472
3.50468e-10	-0.041309
3.50508e-10	-0.0412706
3.50547e-10	-0.0412321
3.50586e-10	-0.0411934
3.50626e-10	-0.0411544
3.50665e-10	-0.0411154
3.50704e-10	-0.0410761
3.50744e-10	-0.0410366
3.50783e-10	-0.040997
3.50822e-10	-0.0409572
3.50862e-10	-0.0409171
3.50901e-10	-0.040877
3.50941e-10	-0.0408366
3.5098e-10	-0.040796
3.51019e-10	-0.0407553
3.51059e-10	-0.0407144
3.51098e-10	-0.0406733
3.51137e-10	-0.040632
3.51177e-10	-0.0405905
3.51216e-10	-0.0405489
3.51255e-10	-0.040507
3.51295e-10	-0.040465
3.51334e-10	-0.0404228
3.51373e-10	-0.0403804
3.51413e-10	-0.0403378
3.51452e-10	-0.0402951
3.51492e-10	-0.0402521
3.51531e-10	-0.040209
3.5157e-10	-0.0401657
3.5161e-10	-0.0401222
3.51649e-10	-0.0400786
3.51688e-10	-0.0400347
3.51728e-10	-0.0399907
3.51767e-10	-0.0399465
3.51806e-10	-0.0399021
3.51846e-10	-0.0398575
3.51885e-10	-0.0398127
3.51924e-10	-0.0397677
3.51964e-10	-0.0397226
3.52003e-10	-0.0396773
3.52043e-10	-0.0396318
3.52082e-10	-0.0395861
3.52121e-10	-0.0395402
3.52161e-10	-0.0394942
3.522e-10	-0.0394479
3.52239e-10	-0.0394015
3.52279e-10	-0.0393549
3.52318e-10	-0.0393081
3.52357e-10	-0.0392611
3.52397e-10	-0.039214
3.52436e-10	-0.0391666
3.52475e-10	-0.0391191
3.52515e-10	-0.0390714
3.52554e-10	-0.0390235
3.52593e-10	-0.0389754
3.52633e-10	-0.0389271
3.52672e-10	-0.0388787
3.52712e-10	-0.0388301
3.52751e-10	-0.0387812
3.5279e-10	-0.0387323
3.5283e-10	-0.0386831
3.52869e-10	-0.0386337
3.52908e-10	-0.0385842
3.52948e-10	-0.0385344
3.52987e-10	-0.0384845
3.53026e-10	-0.0384344
3.53066e-10	-0.0383841
3.53105e-10	-0.0383337
3.53144e-10	-0.038283
3.53184e-10	-0.0382322
3.53223e-10	-0.0381811
3.53263e-10	-0.0381299
3.53302e-10	-0.0380786
3.53341e-10	-0.038027
3.53381e-10	-0.0379752
3.5342e-10	-0.0379233
3.53459e-10	-0.0378712
3.53499e-10	-0.0378189
3.53538e-10	-0.0377664
3.53577e-10	-0.0377137
3.53617e-10	-0.0376608
3.53656e-10	-0.0376078
3.53695e-10	-0.0375546
3.53735e-10	-0.0375012
3.53774e-10	-0.0374476
3.53814e-10	-0.0373938
3.53853e-10	-0.0373398
3.53892e-10	-0.0372857
3.53932e-10	-0.0372314
3.53971e-10	-0.0371769
3.5401e-10	-0.0371222
3.5405e-10	-0.0370673
3.54089e-10	-0.0370122
3.54128e-10	-0.036957
3.54168e-10	-0.0369015
3.54207e-10	-0.0368459
3.54246e-10	-0.0367901
3.54286e-10	-0.0367342
3.54325e-10	-0.036678
3.54365e-10	-0.0366216
3.54404e-10	-0.0365651
3.54443e-10	-0.0365084
3.54483e-10	-0.0364515
3.54522e-10	-0.0363944
3.54561e-10	-0.0363372
3.54601e-10	-0.0362797
3.5464e-10	-0.0362221
3.54679e-10	-0.0361643
3.54719e-10	-0.0361063
3.54758e-10	-0.0360481
3.54797e-10	-0.0359897
3.54837e-10	-0.0359312
3.54876e-10	-0.0358724
3.54916e-10	-0.0358135
3.54955e-10	-0.0357544
3.54994e-10	-0.0356952
3.55034e-10	-0.0356357
3.55073e-10	-0.0355761
3.55112e-10	-0.0355162
3.55152e-10	-0.0354562
3.55191e-10	-0.035396
3.5523e-10	-0.0353356
3.5527e-10	-0.0352751
3.55309e-10	-0.0352143
3.55348e-10	-0.0351534
3.55388e-10	-0.0350923
3.55427e-10	-0.035031
3.55467e-10	-0.0349696
3.55506e-10	-0.0349079
3.55545e-10	-0.0348461
3.55585e-10	-0.034784
3.55624e-10	-0.0347218
3.55663e-10	-0.0346595
3.55703e-10	-0.0345969
3.55742e-10	-0.0345341
3.55781e-10	-0.0344712
3.55821e-10	-0.0344081
3.5586e-10	-0.0343448
3.55899e-10	-0.0342813
3.55939e-10	-0.0342177
3.55978e-10	-0.0341538
3.56017e-10	-0.0340898
3.56057e-10	-0.0340256
3.56096e-10	-0.0339612
3.56136e-10	-0.0338966
3.56175e-10	-0.0338319
3.56214e-10	-0.033767
3.56254e-10	-0.0337018
3.56293e-10	-0.0336365
3.56332e-10	-0.0335711
3.56372e-10	-0.0335054
3.56411e-10	-0.0334396
3.5645e-10	-0.0333735
3.5649e-10	-0.0333073
3.56529e-10	-0.033241
3.56568e-10	-0.0331744
3.56608e-10	-0.0331077
3.56647e-10	-0.0330407
3.56687e-10	-0.0329736
3.56726e-10	-0.0329063
3.56765e-10	-0.0328389
3.56805e-10	-0.0327712
3.56844e-10	-0.0327034
3.56883e-10	-0.0326354
3.56923e-10	-0.0325672
3.56962e-10	-0.0324988
3.57001e-10	-0.0324303
3.57041e-10	-0.0323615
3.5708e-10	-0.0322926
3.57119e-10	-0.0322235
3.57159e-10	-0.0321543
3.57198e-10	-0.0320848
3.57238e-10	-0.0320152
3.57277e-10	-0.0319454
3.57316e-10	-0.0318754
3.57356e-10	-0.0318052
3.57395e-10	-0.0317348
3.57434e-10	-0.0316643
3.57474e-10	-0.0315936
3.57513e-10	-0.0315227
3.57552e-10	-0.0314516
3.57592e-10	-0.0313804
3.57631e-10	-0.031309
3.5767e-10	-0.0312373
3.5771e-10	-0.0311656
3.57749e-10	-0.0310936
3.57789e-10	-0.0310215
3.57828e-10	-0.0309491
3.57867e-10	-0.0308766
3.57907e-10	-0.030804
3.57946e-10	-0.0307311
3.57985e-10	-0.0306581
3.58025e-10	-0.0305848
3.58064e-10	-0.0305115
3.58103e-10	-0.0304379
3.58143e-10	-0.0303641
3.58182e-10	-0.0302902
3.58221e-10	-0.0302161
3.58261e-10	-0.0301418
3.583e-10	-0.0300674
3.5834e-10	-0.0299927
3.58379e-10	-0.0299179
3.58418e-10	-0.0298429
3.58458e-10	-0.0297677
3.58497e-10	-0.0296924
3.58536e-10	-0.0296169
3.58576e-10	-0.0295412
3.58615e-10	-0.0294653
3.58654e-10	-0.0293892
3.58694e-10	-0.029313
3.58733e-10	-0.0292366
3.58772e-10	-0.02916
3.58812e-10	-0.0290832
3.58851e-10	-0.0290063
3.58891e-10	-0.0289292
3.5893e-10	-0.0288519
3.58969e-10	-0.0287744
3.59009e-10	-0.0286968
3.59048e-10	-0.028619
3.59087e-10	-0.028541
3.59127e-10	-0.0284628
3.59166e-10	-0.0283845
3.59205e-10	-0.028306
3.59245e-10	-0.0282273
3.59284e-10	-0.0281484
3.59323e-10	-0.0280693
3.59363e-10	-0.0279901
3.59402e-10	-0.0279107
3.59441e-10	-0.0278312
3.59481e-10	-0.0277514
3.5952e-10	-0.0276715
3.5956e-10	-0.0275914
3.59599e-10	-0.0275111
3.59638e-10	-0.0274307
3.59678e-10	-0.0273501
3.59717e-10	-0.0272693
3.59756e-10	-0.0271883
3.59796e-10	-0.0271072
3.59835e-10	-0.0270259
3.59874e-10	-0.0269444
3.59914e-10	-0.0268628
3.59953e-10	-0.0267809
3.59992e-10	-0.0266989
3.60032e-10	-0.0266168
3.60071e-10	-0.0265344
3.60111e-10	-0.0264519
3.6015e-10	-0.0263692
3.60189e-10	-0.0262863
3.60229e-10	-0.0262033
3.60268e-10	-0.0261201
3.60307e-10	-0.0260367
3.60347e-10	-0.0259532
3.60386e-10	-0.0258695
3.60425e-10	-0.0257856
3.60465e-10	-0.0257015
3.60504e-10	-0.0256173
3.60543e-10	-0.0255328
3.60583e-10	-0.0254483
3.60622e-10	-0.0253635
3.60662e-10	-0.0252786
3.60701e-10	-0.0251935
3.6074e-10	-0.0251082
3.6078e-10	-0.0250228
3.60819e-10	-0.0249372
3.60858e-10	-0.0248514
3.60898e-10	-0.0247655
3.60937e-10	-0.0246794
3.60976e-10	-0.0245931
3.61016e-10	-0.0245067
3.61055e-10	-0.02442
3.61094e-10	-0.0243333
3.61134e-10	-0.0242463
3.61173e-10	-0.0241592
3.61213e-10	-0.0240719
3.61252e-10	-0.0239844
3.61291e-10	-0.0238968
3.61331e-10	-0.023809
3.6137e-10	-0.023721
3.61409e-10	-0.0236329
3.61449e-10	-0.0235446
3.61488e-10	-0.0234561
3.61527e-10	-0.0233675
3.61567e-10	-0.0232787
3.61606e-10	-0.0231897
3.61645e-10	-0.0231005
3.61685e-10	-0.0230112
3.61724e-10	-0.0229218
3.61764e-10	-0.0228321
3.61803e-10	-0.0227423
3.61842e-10	-0.0226523
3.61882e-10	-0.0225622
3.61921e-10	-0.0224719
3.6196e-10	-0.0223814
3.62e-10	-0.0222908
3.62039e-10	-0.0222
3.62078e-10	-0.022109
3.62118e-10	-0.0220179
3.62157e-10	-0.0219266
3.62196e-10	-0.0218351
3.62236e-10	-0.0217435
3.62275e-10	-0.0216517
3.62315e-10	-0.0215598
3.62354e-10	-0.0214677
3.62393e-10	-0.0213754
3.62433e-10	-0.0212829
3.62472e-10	-0.0211903
3.62511e-10	-0.0210976
3.62551e-10	-0.0210046
3.6259e-10	-0.0209115
3.62629e-10	-0.0208183
3.62669e-10	-0.0207248
3.62708e-10	-0.0206312
3.62747e-10	-0.0205375
3.62787e-10	-0.0204436
3.62826e-10	-0.0203495
3.62865e-10	-0.0202553
3.62905e-10	-0.0201609
3.62944e-10	-0.0200663
3.62984e-10	-0.0199716
3.63023e-10	-0.0198767
3.63062e-10	-0.0197817
3.63102e-10	-0.0196865
3.63141e-10	-0.0195911
3.6318e-10	-0.0194956
3.6322e-10	-0.0193999
3.63259e-10	-0.0193041
3.63298e-10	-0.0192081
3.63338e-10	-0.0191119
3.63377e-10	-0.0190156
3.63416e-10	-0.0189191
3.63456e-10	-0.0188225
3.63495e-10	-0.0187257
3.63535e-10	-0.0186287
3.63574e-10	-0.0185316
3.63613e-10	-0.0184344
3.63653e-10	-0.0183369
3.63692e-10	-0.0182394
3.63731e-10	-0.0181416
3.63771e-10	-0.0180437
3.6381e-10	-0.0179456
3.63849e-10	-0.0178474
3.63889e-10	-0.0177491
3.63928e-10	-0.0176505
3.63967e-10	-0.0175518
3.64007e-10	-0.017453
3.64046e-10	-0.017354
3.64086e-10	-0.0172549
3.64125e-10	-0.0171555
3.64164e-10	-0.0170561
3.64204e-10	-0.0169565
3.64243e-10	-0.0168567
3.64282e-10	-0.0167568
3.64322e-10	-0.0166567
3.64361e-10	-0.0165564
3.644e-10	-0.0164561
3.6444e-10	-0.0163555
3.64479e-10	-0.0162548
3.64518e-10	-0.016154
3.64558e-10	-0.016053
3.64597e-10	-0.0159518
3.64637e-10	-0.0158505
3.64676e-10	-0.015749
3.64715e-10	-0.0156474
3.64755e-10	-0.0155456
3.64794e-10	-0.0154437
3.64833e-10	-0.0153416
3.64873e-10	-0.0152394
3.64912e-10	-0.015137
3.64951e-10	-0.0150345
3.64991e-10	-0.0149318
3.6503e-10	-0.014829
3.65069e-10	-0.014726
3.65109e-10	-0.0146229
3.65148e-10	-0.0145196
3.65188e-10	-0.0144162
3.65227e-10	-0.0143126
3.65266e-10	-0.0142089
3.65306e-10	-0.014105
3.65345e-10	-0.014001
3.65384e-10	-0.0138968
3.65424e-10	-0.0137925
3.65463e-10	-0.013688
3.65502e-10	-0.0135834
3.65542e-10	-0.0134787
3.65581e-10	-0.0133737
3.6562e-10	-0.0132687
3.6566e-10	-0.0131635
3.65699e-10	-0.0130581
3.65739e-10	-0.0129526
3.65778e-10	-0.012847
3.65817e-10	-0.0127412
3.65857e-10	-0.0126353
3.65896e-10	-0.0125292
3.65935e-10	-0.0124229
3.65975e-10	-0.0123166
3.66014e-10	-0.0122101
3.66053e-10	-0.0121034
3.66093e-10	-0.0119966
3.66132e-10	-0.0118896
3.66171e-10	-0.0117825
3.66211e-10	-0.0116753
3.6625e-10	-0.0115679
3.66289e-10	-0.0114604
3.66329e-10	-0.0113527
3.66368e-10	-0.0112449
3.66408e-10	-0.011137
3.66447e-10	-0.0110289
3.66486e-10	-0.0109206
3.66526e-10	-0.0108123
3.66565e-10	-0.0107037
3.66604e-10	-0.0105951
3.66644e-10	-0.0104863
3.66683e-10	-0.0103773
3.66722e-10	-0.0102683
3.66762e-10	-0.010159
3.66801e-10	-0.0100497
3.6684e-10	-0.00994018
3.6688e-10	-0.00983054
3.66919e-10	-0.00972076
3.66959e-10	-0.00961084
3.66998e-10	-0.00950078
3.67037e-10	-0.00939059
3.67077e-10	-0.00928026
3.67116e-10	-0.00916979
3.67155e-10	-0.00905918
3.67195e-10	-0.00894843
3.67234e-10	-0.00883755
3.67273e-10	-0.00872653
3.67313e-10	-0.00861538
3.67352e-10	-0.00850409
3.67391e-10	-0.00839266
3.67431e-10	-0.0082811
3.6747e-10	-0.0081694
3.6751e-10	-0.00805756
3.67549e-10	-0.0079456
3.67588e-10	-0.00783349
3.67628e-10	-0.00772126
3.67667e-10	-0.00760889
3.67706e-10	-0.00749638
3.67746e-10	-0.00738374
3.67785e-10	-0.00727097
3.67824e-10	-0.00715807
3.67864e-10	-0.00704503
3.67903e-10	-0.00693186
3.67942e-10	-0.00681856
3.67982e-10	-0.00670513
3.68021e-10	-0.00659156
3.68061e-10	-0.00647787
3.681e-10	-0.00636404
3.68139e-10	-0.00625009
3.68179e-10	-0.006136
3.68218e-10	-0.00602178
3.68257e-10	-0.00590743
3.68297e-10	-0.00579296
3.68336e-10	-0.00567835
3.68375e-10	-0.00556362
3.68415e-10	-0.00544875
3.68454e-10	-0.00533376
3.68493e-10	-0.00521864
3.68533e-10	-0.00510339
3.68572e-10	-0.00498802
3.68612e-10	-0.00487251
3.68651e-10	-0.00475688
3.6869e-10	-0.00464113
3.6873e-10	-0.00452525
3.68769e-10	-0.00440924
3.68808e-10	-0.0042931
3.68848e-10	-0.00417684
3.68887e-10	-0.00406046
3.68926e-10	-0.00394395
3.68966e-10	-0.00382731
3.69005e-10	-0.00371056
3.69044e-10	-0.00359367
3.69084e-10	-0.00347667
3.69123e-10	-0.00335954
3.69163e-10	-0.00324229
3.69202e-10	-0.00312491
3.69241e-10	-0.00300741
3.69281e-10	-0.00288979
3.6932e-10	-0.00277205
3.69359e-10	-0.00265419
3.69399e-10	-0.0025362
3.69438e-10	-0.0024181
3.69477e-10	-0.00229987
3.69517e-10	-0.00218152
3.69556e-10	-0.00206306
3.69595e-10	-0.00194447
3.69635e-10	-0.00182576
3.69674e-10	-0.00170694
3.69713e-10	-0.001588
3.69753e-10	-0.00146893
3.69792e-10	-0.00134975
3.69832e-10	-0.00123046
3.69871e-10	-0.00111104
3.6991e-10	-0.000991507
3.6995e-10	-0.000871857
3.69989e-10	-0.00075209
3.70028e-10	-0.000632208
3.70068e-10	-0.000512209
3.70107e-10	-0.000392095
3.70146e-10	-0.000271865
3.70186e-10	-0.000151521
3.70225e-10	-3.10612e-05
3.70264e-10	8.95125e-05
3.70304e-10	0.0002102
3.70343e-10	0.000331002
3.70383e-10	0.000451916
3.70422e-10	0.000572944
3.70461e-10	0.000694085
3.70501e-10	0.000815338
3.7054e-10	0.000936703
3.70579e-10	0.00105818
3.70619e-10	0.00117977
3.70658e-10	0.00130147
3.70697e-10	0.00142328
3.70737e-10	0.0015452
3.70776e-10	0.00166723
3.70815e-10	0.00178937
3.70855e-10	0.00191162
3.70894e-10	0.00203398
3.70934e-10	0.00215645
3.70973e-10	0.00227902
3.71012e-10	0.00240171
3.71052e-10	0.0025245
3.71091e-10	0.0026474
3.7113e-10	0.00277041
3.7117e-10	0.00289352
3.71209e-10	0.00301674
3.71248e-10	0.00314007
3.71288e-10	0.0032635
3.71327e-10	0.00338704
3.71366e-10	0.00351068
3.71406e-10	0.00363443
3.71445e-10	0.00375828
3.71485e-10	0.00388224
3.71524e-10	0.0040063
3.71563e-10	0.00413046
3.71603e-10	0.00425473
3.71642e-10	0.00437909
3.71681e-10	0.00450357
3.71721e-10	0.00462814
3.7176e-10	0.00475281
3.71799e-10	0.00487759
3.71839e-10	0.00500247
3.71878e-10	0.00512744
3.71917e-10	0.00525252
3.71957e-10	0.0053777
3.71996e-10	0.00550298
3.72036e-10	0.00562835
3.72075e-10	0.00575383
3.72114e-10	0.0058794
3.72154e-10	0.00600507
3.72193e-10	0.00613084
3.72232e-10	0.00625671
3.72272e-10	0.00638268
3.72311e-10	0.00650874
3.7235e-10	0.00663489
3.7239e-10	0.00676115
3.72429e-10	0.0068875
3.72468e-10	0.00701394
3.72508e-10	0.00714048
3.72547e-10	0.00726711
3.72587e-10	0.00739384
3.72626e-10	0.00752066
3.72665e-10	0.00764758
3.72705e-10	0.00777459
3.72744e-10	0.00790169
3.72783e-10	0.00802888
3.72823e-10	0.00815617
3.72862e-10	0.00828355
3.72901e-10	0.00841101
3.72941e-10	0.00853857
3.7298e-10	0.00866622
3.73019e-10	0.00879396
3.73059e-10	0.00892179
3.73098e-10	0.00904971
3.73138e-10	0.00917772
3.73177e-10	0.00930582
3.73216e-10	0.009434
3.73256e-10	0.00956228
3.73295e-10	0.00969064
3.73334e-10	0.00981909
3.73374e-10	0.00994762
3.73413e-10	0.0100762
3.73452e-10	0.010205
3.73492e-10	0.0103337
3.73531e-10	0.0104626
3.7357e-10	0.0105916
3.7361e-10	0.0107206
3.73649e-10	0.0108498
3.73688e-10	0.010979
3.73728e-10	0.0111083
3.73767e-10	0.0112377
3.73807e-10	0.0113671
3.73846e-10	0.0114967
3.73885e-10	0.0116263
3.73925e-10	0.011756
3.73964e-10	0.0118858
3.74003e-10	0.0120157
3.74043e-10	0.0121456
3.74082e-10	0.0122757
3.74121e-10	0.0124058
3.74161e-10	0.012536
3.742e-10	0.0126662
3.74239e-10	0.0127966
3.74279e-10	0.012927
3.74318e-10	0.0130575
3.74358e-10	0.0131881
3.74397e-10	0.0133188
3.74436e-10	0.0134495
3.74476e-10	0.0135803
3.74515e-10	0.0137112
3.74554e-10	0.0138422
3.74594e-10	0.0139732
3.74633e-10	0.0141043
3.74672e-10	0.0142355
3.74712e-10	0.0143668
3.74751e-10	0.0144981
3.7479e-10	0.0146295
3.7483e-10	0.014761
3.74869e-10	0.0148925
3.74909e-10	0.0150241
3.74948e-10	0.0151558
3.74987e-10	0.0152876
3.75027e-10	0.0154194
3.75066e-10	0.0155513
3.75105e-10	0.0156833
3.75145e-10	0.0158154
3.75184e-10	0.0159475
3.75223e-10	0.0160796
3.75263e-10	0.0162119
3.75302e-10	0.0163442
3.75341e-10	0.0164766
3.75381e-10	0.016609
3.7542e-10	0.0167416
3.7546e-10	0.0168741
3.75499e-10	0.0170068
3.75538e-10	0.0171395
3.75578e-10	0.0172723
3.75617e-10	0.0174051
3.75656e-10	0.017538
3.75696e-10	0.017671
3.75735e-10	0.017804
3.75774e-10	0.0179371
3.75814e-10	0.0180703
3.75853e-10	0.0182035
3.75892e-10	0.0183368
3.75932e-10	0.0184701
3.75971e-10	0.0186035
3.76011e-10	0.018737
3.7605e-10	0.0188705
3.76089e-10	0.0190041
3.76129e-10	0.0191378
3.76168e-10	0.0192715
3.76207e-10	0.0194052
3.76247e-10	0.019539
3.76286e-10	0.0196729
3.76325e-10	0.0198068
3.76365e-10	0.0199408
3.76404e-10	0.0200749
3.76443e-10	0.020209
3.76483e-10	0.0203431
3.76522e-10	0.0204773
3.76562e-10	0.0206116
3.76601e-10	0.0207459
3.7664e-10	0.0208803
3.7668e-10	0.0210147
3.76719e-10	0.0211492
3.76758e-10	0.0212837
3.76798e-10	0.0214183
3.76837e-10	0.0215529
3.76876e-10	0.0216876
3.76916e-10	0.0218223
3.76955e-10	0.0219571
3.76994e-10	0.022092
3.77034e-10	0.0222268
3.77073e-10	0.0223618
3.77112e-10	0.0224967
3.77152e-10	0.0226318
3.77191e-10	0.0227668
3.77231e-10	0.022902
3.7727e-10	0.0230371
3.77309e-10	0.0231724
3.77349e-10	0.0233076
3.77388e-10	0.0234429
3.77427e-10	0.0235783
3.77467e-10	0.0237137
3.77506e-10	0.0238491
3.77545e-10	0.0239846
3.77585e-10	0.0241201
3.77624e-10	0.0242557
3.77663e-10	0.0243913
3.77703e-10	0.0245269
3.77742e-10	0.0246626
3.77782e-10	0.0247984
3.77821e-10	0.0249341
3.7786e-10	0.0250699
3.779e-10	0.0252058
3.77939e-10	0.0253417
3.77978e-10	0.0254776
3.78018e-10	0.0256136
3.78057e-10	0.0257496
3.78096e-10	0.0258856
3.78136e-10	0.0260217
3.78175e-10	0.0261578
3.78214e-10	0.026294
3.78254e-10	0.0264302
3.78293e-10	0.0265664
3.78333e-10	0.0267027
3.78372e-10	0.026839
3.78411e-10	0.0269753
3.78451e-10	0.0271116
3.7849e-10	0.027248
3.78529e-10	0.0273845
3.78569e-10	0.0275209
3.78608e-10	0.0276574
3.78647e-10	0.0277939
3.78687e-10	0.0279305
3.78726e-10	0.028067
3.78765e-10	0.0282037
3.78805e-10	0.0283403
3.78844e-10	0.028477
3.78884e-10	0.0286137
3.78923e-10	0.0287504
3.78962e-10	0.0288871
3.79002e-10	0.0290239
3.79041e-10	0.0291607
3.7908e-10	0.0292975
3.7912e-10	0.0294344
3.79159e-10	0.0295713
3.79198e-10	0.0297082
3.79238e-10	0.0298451
3.79277e-10	0.0299821
3.79316e-10	0.030119
3.79356e-10	0.030256
3.79395e-10	0.030393
3.79435e-10	0.0305301
3.79474e-10	0.0306672
3.79513e-10	0.0308042
3.79553e-10	0.0309413
3.79592e-10	0.0310785
3.79631e-10	0.0312156
3.79671e-10	0.0313528
3.7971e-10	0.0314899
3.79749e-10	0.0316271
3.79789e-10	0.0317644
3.79828e-10	0.0319016
3.79867e-10	0.0320388
3.79907e-10	0.0321761
3.79946e-10	0.0323134
3.79986e-10	0.0324507
3.80025e-10	0.032588
3.80064e-10	0.0327253
3.80104e-10	0.0328627
3.80143e-10	0.033
3.80182e-10	0.0331374
3.80222e-10	0.0332748
3.80261e-10	0.0334122
3.803e-10	0.0335496
3.8034e-10	0.033687
3.80379e-10	0.0338244
3.80418e-10	0.0339618
3.80458e-10	0.0340993
3.80497e-10	0.0342367
3.80536e-10	0.0343742
3.80576e-10	0.0345116
3.80615e-10	0.0346491
3.80655e-10	0.0347866
3.80694e-10	0.0349241
3.80733e-10	0.0350616
3.80773e-10	0.0351991
3.80812e-10	0.0353366
3.80851e-10	0.0354741
3.80891e-10	0.0356116
3.8093e-10	0.0357491
3.80969e-10	0.0358866
3.81009e-10	0.0360242
3.81048e-10	0.0361617
3.81087e-10	0.0362992
3.81127e-10	0.0364368
3.81166e-10	0.0365743
3.81206e-10	0.0367118
3.81245e-10	0.0368493
3.81284e-10	0.0369869
3.81324e-10	0.0371244
3.81363e-10	0.0372619
3.81402e-10	0.0373995
3.81442e-10	0.037537
3.81481e-10	0.0376745
3.8152e-10	0.037812
3.8156e-10	0.0379495
3.81599e-10	0.038087
3.81638e-10	0.0382245
3.81678e-10	0.038362
3.81717e-10	0.0384995
3.81757e-10	0.038637
3.81796e-10	0.0387745
3.81835e-10	0.0389119
3.81875e-10	0.0390494
3.81914e-10	0.0391869
3.81953e-10	0.0393243
3.81993e-10	0.0394617
3.82032e-10	0.0395992
3.82071e-10	0.0397366
3.82111e-10	0.039874
3.8215e-10	0.0400114
3.82189e-10	0.0401487
3.82229e-10	0.0402861
3.82268e-10	0.0404235
3.82308e-10	0.0405608
3.82347e-10	0.0406981
3.82386e-10	0.0408354
3.82426e-10	0.0409727
3.82465e-10	0.04111
3.82504e-10	0.0412473
3.82544e-10	0.0413845
3.82583e-10	0.0415218
3.82622e-10	0.041659
3.82662e-10	0.0417962
3.82701e-10	0.0419333
3.8274e-10	0.0420705
3.8278e-10	0.0422076
3.82819e-10	0.0423448
3.82859e-10	0.0424819
3.82898e-10	0.0426189
3.82937e-10	0.042756
3.82977e-10	0.042893
3.83016e-10	0.04303
3.83055e-10	0.043167
3.83095e-10	0.043304
3.83134e-10	0.0434409
3.83173e-10	0.0435778
3.83213e-10	0.0437147
3.83252e-10	0.0438516
3.83291e-10	0.0439884
3.83331e-10	0.0441252
3.8337e-10	0.044262
3.8341e-10	0.0443988
3.83449e-10	0.0445355
3.83488e-10	0.0446722
3.83528e-10	0.0448089
3.83567e-10	0.0449455
3.83606e-10	0.0450821
3.83646e-10	0.0452187
3.83685e-10	0.0453553
3.83724e-10	0.0454918
3.83764e-10	0.0456283
3.83803e-10	0.0457647
3.83842e-10	0.0459012
3.83882e-10	0.0460375
3.83921e-10	0.0461739
3.8396e-10	0.0463102
3.84e-10	0.0464465
3.84039e-10	0.0465827
3.84079e-10	0.046719
3.84118e-10	0.0468551
3.84157e-10	0.0469913
3.84197e-10	0.0471274
3.84236e-10	0.0472634
3.84275e-10	0.0473994
3.84315e-10	0.0475354
3.84354e-10	0.0476714
3.84393e-10	0.0478073
3.84433e-10	0.0479431
3.84472e-10	0.0480789
3.84511e-10	0.0482147
3.84551e-10	0.0483504
3.8459e-10	0.0484861
3.8463e-10	0.0486218
3.84669e-10	0.0487574
3.84708e-10	0.0488929
3.84748e-10	0.0490285
3.84787e-10	0.0491639
3.84826e-10	0.0492993
3.84866e-10	0.0494347
3.84905e-10	0.0495701
3.84944e-10	0.0497053
3.84984e-10	0.0498406
3.85023e-10	0.0499757
3.85062e-10	0.0501109
3.85102e-10	0.050246
3.85141e-10	0.050381
3.85181e-10	0.050516
3.8522e-10	0.0506509
3.85259e-10	0.0507858
3.85299e-10	0.0509206
3.85338e-10	0.0510554
3.85377e-10	0.0511901
3.85417e-10	0.0513248
3.85456e-10	0.0514594
3.85495e-10	0.0515939
3.85535e-10	0.0517284
3.85574e-10	0.0518629
3.85613e-10	0.0519973
3.85653e-10	0.0521316
3.85692e-10	0.0522659
3.85732e-10	0.0524001
3.85771e-10	0.0525342
3.8581e-10	0.0526683
3.8585e-10	0.0528024
3.85889e-10	0.0529364
3.85928e-10	0.0530703
3.85968e-10	0.0532041
3.86007e-10	0.0533379
3.86046e-10	0.0534717
3.86086e-10	0.0536053
3.86125e-10	0.0537389
3.86164e-10	0.0538725
3.86204e-10	0.0540059
3.86243e-10	0.0541393
3.86283e-10	0.0542727
3.86322e-10	0.054406
3.86361e-10	0.0545392
3.86401e-10	0.0546723
3.8644e-10	0.0548054
3.86479e-10	0.0549384
3.86519e-10	0.0550713
3.86558e-10	0.0552042
3.86597e-10	0.055337
3.86637e-10	0.0554697
3.86676e-10	0.0556024
3.86715e-10	0.055735
3.86755e-10	0.0558675
3.86794e-10	0.0559999
3.86834e-10	0.0561323
3.86873e-10	0.0562646
3.86912e-10	0.0563968
3.86952e-10	0.056529
3.86991e-10	0.0566611
3.8703e-10	0.056793
3.8707e-10	0.056925
3.87109e-10	0.0570568
3.87148e-10	0.0571886
3.87188e-10	0.0573203
3.87227e-10	0.0574519
3.87266e-10	0.0575834
3.87306e-10	0.0577148
3.87345e-10	0.0578462
3.87384e-10	0.0579775
3.87424e-10	0.0581087
3.87463e-10	0.0582398
3.87503e-10	0.0583709
3.87542e-10	0.0585019
3.87581e-10	0.0586327
3.87621e-10	0.0587635
3.8766e-10	0.0588942
3.87699e-10	0.0590249
3.87739e-10	0.0591554
3.87778e-10	0.0592859
3.87817e-10	0.0594162
3.87857e-10	0.0595465
3.87896e-10	0.0596767
3.87935e-10	0.0598068
3.87975e-10	0.0599368
3.88014e-10	0.0600667
3.88054e-10	0.0601966
3.88093e-10	0.0603263
3.88132e-10	0.060456
3.88172e-10	0.0605855
3.88211e-10	0.060715
3.8825e-10	0.0608444
3.8829e-10	0.0609737
3.88329e-10	0.0611029
3.88368e-10	0.061232
3.88408e-10	0.061361
3.88447e-10	0.0614899
3.88486e-10	0.0616187
3.88526e-10	0.0617474
3.88565e-10	0.061876
3.88605e-10	0.0620046
3.88644e-10	0.062133
3.88683e-10	0.0622613
3.88723e-10	0.0623895
3.88762e-10	0.0625177
3.88801e-10	0.0626457
3.88841e-10	0.0627736
3.8888e-10	0.0629015
3.88919e-10	0.0630292
3.88959e-10	0.0631568
3.88998e-10	0.0632843
3.89037e-10	0.0634117
3.89077e-10	0.0635391
3.89116e-10	0.0636663
3.89156e-10	0.0637934
3.89195e-10	0.0639204
3.89234e-10	0.0640473
3.89274e-10	0.064174
3.89313e-10	0.0643007
3.89352e-10	0.0644273
3.89392e-10	0.0645538
3.89431e-10	0.0646801
3.8947e-10	0.0648063
3.8951e-10	0.0649325
3.89549e-10	0.0650585
3.89588e-10	0.0651844
3.89628e-10	0.0653102
3.89667e-10	0.0654359
3.89707e-10	0.0655615
3.89746e-10	0.065687
3.89785e-10	0.0658123
3.89825e-10	0.0659375
3.89864e-10	0.0660627
3.89903e-10	0.0661877
3.89943e-10	0.0663126
3.89982e-10	0.0664373
3.90021e-10	0.066562
3.90061e-10	0.0666865
3.901e-10	0.066811
3.90139e-10	0.0669353
3.90179e-10	0.0670594
3.90218e-10	0.0671835
3.90258e-10	0.0673074
3.90297e-10	0.0674313
3.90336e-10	0.067555
3.90376e-10	0.0676786
3.90415e-10	0.067802
3.90454e-10	0.0679253
3.90494e-10	0.0680486
3.90533e-10	0.0681717
3.90572e-10	0.0682946
3.90612e-10	0.0684175
3.90651e-10	0.0685402
3.9069e-10	0.0686627
3.9073e-10	0.0687852
3.90769e-10	0.0689075
3.90808e-10	0.0690297
3.90848e-10	0.0691518
3.90887e-10	0.0692738
3.90927e-10	0.0693956
3.90966e-10	0.0695173
3.91005e-10	0.0696388
3.91045e-10	0.0697603
3.91084e-10	0.0698816
3.91123e-10	0.0700027
3.91163e-10	0.0701237
3.91202e-10	0.0702446
3.91241e-10	0.0703654
3.91281e-10	0.070486
3.9132e-10	0.0706065
3.91359e-10	0.0707269
3.91399e-10	0.0708471
3.91438e-10	0.0709672
3.91478e-10	0.0710871
3.91517e-10	0.0712069
3.91556e-10	0.0713266
3.91596e-10	0.0714461
3.91635e-10	0.0715655
3.91674e-10	0.0716848
3.91714e-10	0.0718039
3.91753e-10	0.0719229
3.91792e-10	0.0720417
3.91832e-10	0.0721604
3.91871e-10	0.0722789
3.9191e-10	0.0723973
3.9195e-10	0.0725156
3.91989e-10	0.0726337
3.92029e-10	0.0727517
3.92068e-10	0.0728695
3.92107e-10	0.0729872
3.92147e-10	0.0731047
3.92186e-10	0.0732221
3.92225e-10	0.0733393
3.92265e-10	0.0734564
3.92304e-10	0.0735734
3.92343e-10	0.0736902
3.92383e-10	0.0738068
3.92422e-10	0.0739233
3.92461e-10	0.0740396
3.92501e-10	0.0741558
3.9254e-10	0.0742719
3.9258e-10	0.0743878
3.92619e-10	0.0745035
3.92658e-10	0.0746191
3.92698e-10	0.0747345
3.92737e-10	0.0748498
3.92776e-10	0.0749649
3.92816e-10	0.0750798
3.92855e-10	0.0751946
3.92894e-10	0.0753093
3.92934e-10	0.0754238
3.92973e-10	0.0755381
3.93012e-10	0.0756523
3.93052e-10	0.0757663
3.93091e-10	0.0758802
3.93131e-10	0.0759939
3.9317e-10	0.0761074
3.93209e-10	0.0762208
3.93249e-10	0.076334
3.93288e-10	0.076447
3.93327e-10	0.0765599
3.93367e-10	0.0766726
3.93406e-10	0.0767852
3.93445e-10	0.0768976
3.93485e-10	0.0770098
3.93524e-10	0.0771219
