1.96782e-14	0.000113018
5.90345e-14	0.000113027
9.83909e-14	0.000113035
1.37747e-13	0.000113042
1.77104e-13	0.00011305
2.1646e-13	0.000113056
2.55816e-13	0.000113063
2.95173e-13	0.000113069
3.34529e-13	0.000113074
3.73885e-13	0.000113079
4.13242e-13	0.000113083
4.52598e-13	0.000113088
4.91954e-13	0.000113091
5.31311e-13	0.000113094
5.70667e-13	0.000113097
6.10023e-13	0.000113099
6.4938e-13	0.000113101
6.88736e-13	0.000113103
7.28092e-13	0.000113104
7.67449e-13	0.000113104
8.06805e-13	0.000113104
8.46161e-13	0.000113104
8.85518e-13	0.000113103
9.24874e-13	0.000113101
9.6423e-13	0.0001131
1.00359e-12	0.000113097
1.04294e-12	0.000113095
1.0823e-12	0.000113092
1.12166e-12	0.000113088
1.16101e-12	0.000113084
1.20037e-12	0.000113079
1.23972e-12	0.000113074
1.27908e-12	0.000113069
1.31844e-12	0.000113063
1.35779e-12	0.000113057
1.39715e-12	0.00011305
1.43651e-12	0.000113042
1.47586e-12	0.000113035
1.51522e-12	0.000113026
1.55458e-12	0.000113018
1.59393e-12	0.000113008
1.63329e-12	0.000112999
1.67264e-12	0.000112989
1.712e-12	0.000112978
1.75136e-12	0.000112967
1.79071e-12	0.000112956
1.83007e-12	0.000112944
1.86943e-12	0.000112931
1.90878e-12	0.000112918
1.94814e-12	0.000112905
1.9875e-12	0.000112891
2.02685e-12	0.000112876
2.06621e-12	0.000112862
2.10556e-12	0.000112846
2.14492e-12	0.00011283
2.18428e-12	0.000112814
2.22363e-12	0.000112797
2.26299e-12	0.00011278
2.30235e-12	0.000112762
2.3417e-12	0.000112744
2.38106e-12	0.000112726
2.42042e-12	0.000112706
2.45977e-12	0.000112687
2.49913e-12	0.000112667
2.53848e-12	0.000112646
2.57784e-12	0.000112625
2.6172e-12	0.000112603
2.65655e-12	0.000112581
2.69591e-12	0.000112559
2.73527e-12	0.000112535
2.77462e-12	0.000112512
2.81398e-12	0.000112488
2.85333e-12	0.000112463
2.89269e-12	0.000112438
2.93205e-12	0.000112413
2.9714e-12	0.000112387
3.01076e-12	0.00011236
3.05012e-12	0.000112333
3.08947e-12	0.000112306
3.12883e-12	0.000112278
3.16819e-12	0.000112249
3.20754e-12	0.00011222
3.2469e-12	0.000112191
3.28625e-12	0.000112161
3.32561e-12	0.00011213
3.36497e-12	0.000112099
3.40432e-12	0.000112068
3.44368e-12	0.000112036
3.48304e-12	0.000112003
3.52239e-12	0.00011197
3.56175e-12	0.000111937
3.60111e-12	0.000111903
3.64046e-12	0.000111868
3.67982e-12	0.000111833
3.71917e-12	0.000111797
3.75853e-12	0.000111761
3.79789e-12	0.000111725
3.83724e-12	0.000111688
3.8766e-12	0.00011165
3.91596e-12	0.000111612
3.95531e-12	0.000111573
3.99467e-12	0.000111534
4.03403e-12	0.000111495
4.07338e-12	0.000111455
4.11274e-12	0.000111414
4.15209e-12	0.000111373
4.19145e-12	0.000111331
4.23081e-12	0.000111289
4.27016e-12	0.000111246
4.30952e-12	0.000111203
4.34888e-12	0.000111159
4.38823e-12	0.000111115
4.42759e-12	0.00011107
4.46695e-12	0.000111025
4.5063e-12	0.000110979
4.54566e-12	0.000110932
4.58501e-12	0.000110885
4.62437e-12	0.000110838
4.66373e-12	0.00011079
4.70308e-12	0.000110742
4.74244e-12	0.000110692
4.7818e-12	0.000110643
4.82115e-12	0.000110593
4.86051e-12	0.000110542
4.89986e-12	0.000110491
4.93922e-12	0.00011044
4.97858e-12	0.000110387
5.01793e-12	0.000110335
5.05729e-12	0.000110281
5.09665e-12	0.000110228
5.136e-12	0.000110173
5.17536e-12	0.000110118
5.21472e-12	0.000110063
5.25407e-12	0.000110007
5.29343e-12	0.000109951
5.33278e-12	0.000109894
5.37214e-12	0.000109836
5.4115e-12	0.000109778
5.45085e-12	0.00010972
5.49021e-12	0.00010966
5.52957e-12	0.000109601
5.56892e-12	0.00010954
5.60828e-12	0.00010948
5.64764e-12	0.000109418
5.68699e-12	0.000109357
5.72635e-12	0.000109294
5.7657e-12	0.000109231
5.80506e-12	0.000109168
5.84442e-12	0.000109104
5.88377e-12	0.000109039
5.92313e-12	0.000108974
5.96249e-12	0.000108908
6.00184e-12	0.000108842
6.0412e-12	0.000108775
6.08056e-12	0.000108708
6.11991e-12	0.00010864
6.15927e-12	0.000108572
6.19862e-12	0.000108503
6.23798e-12	0.000108433
6.27734e-12	0.000108363
6.31669e-12	0.000108293
6.35605e-12	0.000108221
6.39541e-12	0.00010815
6.43476e-12	0.000108077
6.47412e-12	0.000108005
6.51347e-12	0.000107931
6.55283e-12	0.000107857
6.59219e-12	0.000107783
6.63154e-12	0.000107708
6.6709e-12	0.000107632
6.71026e-12	0.000107556
6.74961e-12	0.000107479
6.78897e-12	0.000107402
6.82833e-12	0.000107324
6.86768e-12	0.000107245
6.90704e-12	0.000107166
6.94639e-12	0.000107087
6.98575e-12	0.000107007
7.02511e-12	0.000106926
7.06446e-12	0.000106845
7.10382e-12	0.000106763
7.14318e-12	0.00010668
7.18253e-12	0.000106597
7.22189e-12	0.000106514
7.26125e-12	0.00010643
7.3006e-12	0.000106345
7.33996e-12	0.00010626
7.37931e-12	0.000106174
7.41867e-12	0.000106088
7.45803e-12	0.000106001
7.49738e-12	0.000105913
7.53674e-12	0.000105825
7.5761e-12	0.000105736
7.61545e-12	0.000105647
7.65481e-12	0.000105557
7.69417e-12	0.000105467
7.73352e-12	0.000105376
7.77288e-12	0.000105284
7.81223e-12	0.000105192
7.85159e-12	0.000105099
7.89095e-12	0.000105006
7.9303e-12	0.000104912
7.96966e-12	0.000104818
8.00902e-12	0.000104723
8.04837e-12	0.000104627
8.08773e-12	0.000104531
8.12709e-12	0.000104434
8.16644e-12	0.000104337
8.2058e-12	0.000104239
8.24515e-12	0.00010414
8.28451e-12	0.000104041
8.32387e-12	0.000103942
8.36322e-12	0.000103841
8.40258e-12	0.00010374
8.44194e-12	0.000103639
8.48129e-12	0.000103537
8.52065e-12	0.000103434
8.56e-12	0.000103331
8.59936e-12	0.000103227
8.63872e-12	0.000103123
8.67807e-12	0.000103018
8.71743e-12	0.000102912
8.75679e-12	0.000102806
8.79614e-12	0.000102699
8.8355e-12	0.000102592
8.87486e-12	0.000102484
8.91421e-12	0.000102375
8.95357e-12	0.000102266
8.99292e-12	0.000102156
9.03228e-12	0.000102046
9.07164e-12	0.000101935
9.11099e-12	0.000101824
9.15035e-12	0.000101712
9.18971e-12	0.000101599
9.22906e-12	0.000101485
9.26842e-12	0.000101372
9.30778e-12	0.000101257
9.34713e-12	0.000101142
9.38649e-12	0.000101026
9.42584e-12	0.00010091
9.4652e-12	0.000100793
9.50456e-12	0.000100675
9.54391e-12	0.000100557
9.58327e-12	0.000100438
9.62263e-12	0.000100319
9.66198e-12	0.000100199
9.70134e-12	0.000100079
9.7407e-12	9.99575e-05
9.78005e-12	9.98357e-05
9.81941e-12	9.97133e-05
9.85876e-12	9.95904e-05
9.89812e-12	9.94668e-05
9.93748e-12	9.93426e-05
9.97683e-12	9.92178e-05
1.00162e-11	9.90924e-05
1.00555e-11	9.89663e-05
1.00949e-11	9.88397e-05
1.01343e-11	9.87124e-05
1.01736e-11	9.85846e-05
1.0213e-11	9.84561e-05
1.02523e-11	9.8327e-05
1.02917e-11	9.81973e-05
1.0331e-11	9.8067e-05
1.03704e-11	9.79361e-05
1.04098e-11	9.78046e-05
1.04491e-11	9.76724e-05
1.04885e-11	9.75396e-05
1.05278e-11	9.74063e-05
1.05672e-11	9.72723e-05
1.06065e-11	9.71376e-05
1.06459e-11	9.70024e-05
1.06852e-11	9.68665e-05
1.07246e-11	9.67301e-05
1.0764e-11	9.6593e-05
1.08033e-11	9.64553e-05
1.08427e-11	9.63169e-05
1.0882e-11	9.6178e-05
1.09214e-11	9.60384e-05
1.09607e-11	9.58982e-05
1.10001e-11	9.57574e-05
1.10395e-11	9.56159e-05
1.10788e-11	9.54739e-05
1.11182e-11	9.53312e-05
1.11575e-11	9.51879e-05
1.11969e-11	9.50439e-05
1.12362e-11	9.48994e-05
1.12756e-11	9.47542e-05
1.13149e-11	9.46084e-05
1.13543e-11	9.4462e-05
1.13937e-11	9.43149e-05
1.1433e-11	9.41672e-05
1.14724e-11	9.40189e-05
1.15117e-11	9.38699e-05
1.15511e-11	9.37203e-05
1.15904e-11	9.35701e-05
1.16298e-11	9.34193e-05
1.16692e-11	9.32678e-05
1.17085e-11	9.31157e-05
1.17479e-11	9.2963e-05
1.17872e-11	9.28096e-05
1.18266e-11	9.26557e-05
1.18659e-11	9.2501e-05
1.19053e-11	9.23458e-05
1.19447e-11	9.21899e-05
1.1984e-11	9.20334e-05
1.20234e-11	9.18762e-05
1.20627e-11	9.17184e-05
1.21021e-11	9.156e-05
1.21414e-11	9.14009e-05
1.21808e-11	9.12412e-05
1.22201e-11	9.10809e-05
1.22595e-11	9.09199e-05
1.22989e-11	9.07583e-05
1.23382e-11	9.05961e-05
1.23776e-11	9.04332e-05
1.24169e-11	9.02697e-05
1.24563e-11	9.01055e-05
1.24956e-11	8.99407e-05
1.2535e-11	8.97753e-05
1.25744e-11	8.96092e-05
1.26137e-11	8.94425e-05
1.26531e-11	8.92751e-05
1.26924e-11	8.91071e-05
1.27318e-11	8.89385e-05
1.27711e-11	8.87692e-05
1.28105e-11	8.85992e-05
1.28498e-11	8.84287e-05
1.28892e-11	8.82575e-05
1.29286e-11	8.80856e-05
1.29679e-11	8.79131e-05
1.30073e-11	8.774e-05
1.30466e-11	8.75662e-05
1.3086e-11	8.73917e-05
1.31253e-11	8.72166e-05
1.31647e-11	8.70409e-05
1.32041e-11	8.68645e-05
1.32434e-11	8.66875e-05
1.32828e-11	8.65099e-05
1.33221e-11	8.63315e-05
1.33615e-11	8.61526e-05
1.34008e-11	8.5973e-05
1.34402e-11	8.57927e-05
1.34795e-11	8.56118e-05
1.35189e-11	8.54302e-05
1.35583e-11	8.5248e-05
1.35976e-11	8.50652e-05
1.3637e-11	8.48817e-05
1.36763e-11	8.46975e-05
1.37157e-11	8.45127e-05
1.3755e-11	8.43272e-05
1.37944e-11	8.41411e-05
1.38338e-11	8.39543e-05
1.38731e-11	8.37669e-05
1.39125e-11	8.35789e-05
1.39518e-11	8.33901e-05
1.39912e-11	8.32008e-05
1.40305e-11	8.30107e-05
1.40699e-11	8.282e-05
1.41092e-11	8.26287e-05
1.41486e-11	8.24367e-05
1.4188e-11	8.22441e-05
1.42273e-11	8.20507e-05
1.42667e-11	8.18568e-05
1.4306e-11	8.16622e-05
1.43454e-11	8.14669e-05
1.43847e-11	8.1271e-05
1.44241e-11	8.10744e-05
1.44635e-11	8.08771e-05
1.45028e-11	8.06792e-05
1.45422e-11	8.04807e-05
1.45815e-11	8.02814e-05
1.46209e-11	8.00816e-05
1.46602e-11	7.9881e-05
1.46996e-11	7.96798e-05
1.4739e-11	7.9478e-05
1.47783e-11	7.92755e-05
1.48177e-11	7.90723e-05
1.4857e-11	7.88684e-05
1.48964e-11	7.8664e-05
1.49357e-11	7.84588e-05
1.49751e-11	7.8253e-05
1.50144e-11	7.80465e-05
1.50538e-11	7.78394e-05
1.50932e-11	7.76315e-05
1.51325e-11	7.74231e-05
1.51719e-11	7.72139e-05
1.52112e-11	7.70042e-05
1.52506e-11	7.67937e-05
1.52899e-11	7.65826e-05
1.53293e-11	7.63708e-05
1.53687e-11	7.61583e-05
1.5408e-11	7.59452e-05
1.54474e-11	7.57315e-05
1.54867e-11	7.5517e-05
1.55261e-11	7.53019e-05
1.55654e-11	7.50861e-05
1.56048e-11	7.48697e-05
1.56441e-11	7.46526e-05
1.56835e-11	7.44348e-05
1.57229e-11	7.42164e-05
1.57622e-11	7.39973e-05
1.58016e-11	7.37775e-05
1.58409e-11	7.35571e-05
1.58803e-11	7.3336e-05
1.59196e-11	7.31142e-05
1.5959e-11	7.28918e-05
1.59984e-11	7.26687e-05
1.60377e-11	7.24449e-05
1.60771e-11	7.22204e-05
1.61164e-11	7.19953e-05
1.61558e-11	7.17696e-05
1.61951e-11	7.15431e-05
1.62345e-11	7.1316e-05
1.62738e-11	7.10882e-05
1.63132e-11	7.08598e-05
1.63526e-11	7.06306e-05
1.63919e-11	7.04008e-05
1.64313e-11	7.01704e-05
1.64706e-11	6.99392e-05
1.651e-11	6.97074e-05
1.65493e-11	6.94749e-05
1.65887e-11	6.92418e-05
1.66281e-11	6.9008e-05
1.66674e-11	6.87735e-05
1.67068e-11	6.85383e-05
1.67461e-11	6.83025e-05
1.67855e-11	6.8066e-05
1.68248e-11	6.78288e-05
1.68642e-11	6.75909e-05
1.69035e-11	6.73524e-05
1.69429e-11	6.71132e-05
1.69823e-11	6.68733e-05
1.70216e-11	6.66328e-05
1.7061e-11	6.63916e-05
1.71003e-11	6.61497e-05
1.71397e-11	6.59071e-05
1.7179e-11	6.56639e-05
1.72184e-11	6.542e-05
1.72578e-11	6.51754e-05
1.72971e-11	6.49301e-05
1.73365e-11	6.46842e-05
1.73758e-11	6.44376e-05
1.74152e-11	6.41903e-05
1.74545e-11	6.39424e-05
1.74939e-11	6.36937e-05
1.75333e-11	6.34444e-05
1.75726e-11	6.31944e-05
1.7612e-11	6.29438e-05
1.76513e-11	6.26925e-05
1.76907e-11	6.24405e-05
1.773e-11	6.21878e-05
1.77694e-11	6.19344e-05
1.78087e-11	6.16804e-05
1.78481e-11	6.14257e-05
1.78875e-11	6.11703e-05
1.79268e-11	6.09142e-05
1.79662e-11	6.06575e-05
1.80055e-11	6.04001e-05
1.80449e-11	6.0142e-05
1.80842e-11	5.98832e-05
1.81236e-11	5.96238e-05
1.8163e-11	5.93637e-05
1.82023e-11	5.91029e-05
1.82417e-11	5.88414e-05
1.8281e-11	5.85793e-05
1.83204e-11	5.83165e-05
1.83597e-11	5.8053e-05
1.83991e-11	5.77888e-05
1.84384e-11	5.75239e-05
1.84778e-11	5.72584e-05
1.85172e-11	5.69922e-05
1.85565e-11	5.67253e-05
1.85959e-11	5.64577e-05
1.86352e-11	5.61895e-05
1.86746e-11	5.59206e-05
1.87139e-11	5.5651e-05
1.87533e-11	5.53807e-05
1.87927e-11	5.51097e-05
1.8832e-11	5.48381e-05
1.88714e-11	5.45658e-05
1.89107e-11	5.42928e-05
1.89501e-11	5.40192e-05
1.89894e-11	5.37448e-05
1.90288e-11	5.34698e-05
1.90681e-11	5.31941e-05
1.91075e-11	5.29177e-05
1.91469e-11	5.26407e-05
1.91862e-11	5.23629e-05
1.92256e-11	5.20845e-05
1.92649e-11	5.18055e-05
1.93043e-11	5.15257e-05
1.93436e-11	5.12452e-05
1.9383e-11	5.09641e-05
1.94224e-11	5.06823e-05
1.94617e-11	5.03999e-05
1.95011e-11	5.01167e-05
1.95404e-11	4.98329e-05
1.95798e-11	4.95484e-05
1.96191e-11	4.92632e-05
1.96585e-11	4.89773e-05
1.96979e-11	4.86908e-05
1.97372e-11	4.84035e-05
1.97766e-11	4.81156e-05
1.98159e-11	4.78271e-05
1.98553e-11	4.75378e-05
1.98946e-11	4.72479e-05
1.9934e-11	4.69573e-05
1.99733e-11	4.6666e-05
2.00127e-11	4.6374e-05
2.00521e-11	4.60814e-05
2.00914e-11	4.57881e-05
2.01308e-11	4.54941e-05
2.01701e-11	4.51994e-05
2.02095e-11	4.4904e-05
2.02488e-11	4.4608e-05
2.02882e-11	4.43113e-05
2.03276e-11	4.40139e-05
2.03669e-11	4.37158e-05
2.04063e-11	4.34171e-05
2.04456e-11	4.31177e-05
2.0485e-11	4.28176e-05
2.05243e-11	4.25168e-05
2.05637e-11	4.22154e-05
2.0603e-11	4.19132e-05
2.06424e-11	4.16104e-05
2.06818e-11	4.1307e-05
2.07211e-11	4.10028e-05
2.07605e-11	4.0698e-05
2.07998e-11	4.03925e-05
2.08392e-11	4.00863e-05
2.08785e-11	3.97794e-05
2.09179e-11	3.94719e-05
2.09573e-11	3.91637e-05
2.09966e-11	3.88548e-05
2.1036e-11	3.85452e-05
2.10753e-11	3.8235e-05
2.11147e-11	3.79241e-05
2.1154e-11	3.76125e-05
2.11934e-11	3.73002e-05
2.12327e-11	3.69873e-05
2.12721e-11	3.66737e-05
2.13115e-11	3.63594e-05
2.13508e-11	3.60444e-05
2.13902e-11	3.57288e-05
2.14295e-11	3.54125e-05
2.14689e-11	3.50955e-05
2.15082e-11	3.47778e-05
2.15476e-11	3.44595e-05
2.1587e-11	3.41405e-05
2.16263e-11	3.38208e-05
2.16657e-11	3.35005e-05
2.1705e-11	3.31794e-05
2.17444e-11	3.28577e-05
2.17837e-11	3.25354e-05
2.18231e-11	3.22123e-05
2.18624e-11	3.18886e-05
2.19018e-11	3.15642e-05
2.19412e-11	3.12391e-05
2.19805e-11	3.09134e-05
2.20199e-11	3.0587e-05
2.20592e-11	3.02599e-05
2.20986e-11	2.99322e-05
2.21379e-11	2.96037e-05
2.21773e-11	2.92746e-05
2.22167e-11	2.89449e-05
2.2256e-11	2.86144e-05
2.22954e-11	2.82833e-05
2.23347e-11	2.79516e-05
2.23741e-11	2.76191e-05
2.24134e-11	2.7286e-05
2.24528e-11	2.69522e-05
2.24922e-11	2.66178e-05
2.25315e-11	2.62826e-05
2.25709e-11	2.59468e-05
2.26102e-11	2.56104e-05
2.26496e-11	2.52732e-05
2.26889e-11	2.49354e-05
2.27283e-11	2.4597e-05
2.27676e-11	2.42578e-05
2.2807e-11	2.3918e-05
2.28464e-11	2.35776e-05
2.28857e-11	2.32364e-05
2.29251e-11	2.28946e-05
2.29644e-11	2.25522e-05
2.30038e-11	2.2209e-05
2.30431e-11	2.18652e-05
2.30825e-11	2.15208e-05
2.31219e-11	2.11756e-05
2.31612e-11	2.08299e-05
2.32006e-11	2.04834e-05
2.32399e-11	2.01363e-05
2.32793e-11	1.97885e-05
2.33186e-11	1.944e-05
2.3358e-11	1.90909e-05
2.33973e-11	1.87411e-05
2.34367e-11	1.83907e-05
2.34761e-11	1.80396e-05
2.35154e-11	1.76878e-05
2.35548e-11	1.73354e-05
2.35941e-11	1.69823e-05
2.36335e-11	1.66285e-05
2.36728e-11	1.62741e-05
2.37122e-11	1.5919e-05
2.37516e-11	1.55633e-05
2.37909e-11	1.52069e-05
2.38303e-11	1.48499e-05
2.38696e-11	1.44921e-05
2.3909e-11	1.41338e-05
2.39483e-11	1.37747e-05
2.39877e-11	1.34151e-05
2.4027e-11	1.30547e-05
2.40664e-11	1.26937e-05
2.41058e-11	1.2332e-05
2.41451e-11	1.19697e-05
2.41845e-11	1.16067e-05
2.42238e-11	1.12431e-05
2.42632e-11	1.08788e-05
2.43025e-11	1.05139e-05
2.43419e-11	1.01483e-05
2.43813e-11	9.78201e-06
2.44206e-11	9.4151e-06
2.446e-11	9.04753e-06
2.44993e-11	8.67932e-06
2.45387e-11	8.31045e-06
2.4578e-11	7.94092e-06
2.46174e-11	7.57075e-06
2.46567e-11	7.19992e-06
2.46961e-11	6.82844e-06
2.47355e-11	6.45631e-06
2.47748e-11	6.08353e-06
2.48142e-11	5.71009e-06
2.48535e-11	5.33601e-06
2.48929e-11	4.96128e-06
2.49322e-11	4.5859e-06
2.49716e-11	4.20987e-06
2.5011e-11	3.83319e-06
2.50503e-11	3.45587e-06
2.50897e-11	3.0779e-06
2.5129e-11	2.69928e-06
2.51684e-11	2.32001e-06
2.52077e-11	1.9401e-06
2.52471e-11	1.55954e-06
2.52865e-11	1.17834e-06
2.53258e-11	7.96489e-07
2.53652e-11	4.13998e-07
2.54045e-11	3.0862e-08
2.54439e-11	-3.52917e-07
2.54832e-11	-7.37338e-07
2.55226e-11	-1.1224e-06
2.55619e-11	-1.50811e-06
2.56013e-11	-1.89446e-06
2.56407e-11	-2.28144e-06
2.568e-11	-2.66907e-06
2.57194e-11	-3.05734e-06
2.57587e-11	-3.44625e-06
2.57981e-11	-3.83579e-06
2.58374e-11	-4.22598e-06
2.58768e-11	-4.6168e-06
2.59162e-11	-5.00826e-06
2.59555e-11	-5.40036e-06
2.59949e-11	-5.79309e-06
2.60342e-11	-6.18646e-06
2.60736e-11	-6.58047e-06
2.61129e-11	-6.97511e-06
2.61523e-11	-7.37038e-06
2.61916e-11	-7.76629e-06
2.6231e-11	-8.16283e-06
2.62704e-11	-8.56e-06
2.63097e-11	-8.95781e-06
2.63491e-11	-9.35624e-06
2.63884e-11	-9.75531e-06
2.64278e-11	-1.0155e-05
2.64671e-11	-1.05553e-05
2.65065e-11	-1.09563e-05
2.65459e-11	-1.13579e-05
2.65852e-11	-1.17601e-05
2.66246e-11	-1.21629e-05
2.66639e-11	-1.25664e-05
2.67033e-11	-1.29705e-05
2.67426e-11	-1.33752e-05
2.6782e-11	-1.37806e-05
2.68213e-11	-1.41865e-05
2.68607e-11	-1.45931e-05
2.69001e-11	-1.50004e-05
2.69394e-11	-1.54082e-05
2.69788e-11	-1.58167e-05
2.70181e-11	-1.62257e-05
2.70575e-11	-1.66355e-05
2.70968e-11	-1.70458e-05
2.71362e-11	-1.74567e-05
2.71756e-11	-1.78683e-05
2.72149e-11	-1.82805e-05
2.72543e-11	-1.86933e-05
2.72936e-11	-1.91067e-05
2.7333e-11	-1.95207e-05
2.73723e-11	-1.99354e-05
2.74117e-11	-2.03507e-05
2.74511e-11	-2.07665e-05
2.74904e-11	-2.1183e-05
2.75298e-11	-2.16002e-05
2.75691e-11	-2.20179e-05
2.76085e-11	-2.24362e-05
2.76478e-11	-2.28552e-05
2.76872e-11	-2.32747e-05
2.77265e-11	-2.36949e-05
2.77659e-11	-2.41157e-05
2.78053e-11	-2.4537e-05
2.78446e-11	-2.4959e-05
2.7884e-11	-2.53816e-05
2.79233e-11	-2.58049e-05
2.79627e-11	-2.62287e-05
2.8002e-11	-2.66531e-05
2.80414e-11	-2.70781e-05
2.80808e-11	-2.75037e-05
2.81201e-11	-2.793e-05
2.81595e-11	-2.83568e-05
2.81988e-11	-2.87842e-05
2.82382e-11	-2.92123e-05
2.82775e-11	-2.96409e-05
2.83169e-11	-3.00702e-05
2.83562e-11	-3.05e-05
2.83956e-11	-3.09304e-05
2.8435e-11	-3.13615e-05
2.84743e-11	-3.17931e-05
2.85137e-11	-3.22253e-05
2.8553e-11	-3.26581e-05
2.85924e-11	-3.30915e-05
2.86317e-11	-3.35255e-05
2.86711e-11	-3.39602e-05
2.87105e-11	-3.43953e-05
2.87498e-11	-3.48311e-05
2.87892e-11	-3.52675e-05
2.88285e-11	-3.57045e-05
2.88679e-11	-3.6142e-05
2.89072e-11	-3.65802e-05
2.89466e-11	-3.70189e-05
2.89859e-11	-3.74582e-05
2.90253e-11	-3.78981e-05
2.90647e-11	-3.83386e-05
2.9104e-11	-3.87797e-05
2.91434e-11	-3.92213e-05
2.91827e-11	-3.96636e-05
2.92221e-11	-4.01064e-05
2.92614e-11	-4.05498e-05
2.93008e-11	-4.09938e-05
2.93402e-11	-4.14383e-05
2.93795e-11	-4.18835e-05
2.94189e-11	-4.23292e-05
2.94582e-11	-4.27755e-05
2.94976e-11	-4.32223e-05
2.95369e-11	-4.36698e-05
2.95763e-11	-4.41178e-05
2.96156e-11	-4.45664e-05
2.9655e-11	-4.50156e-05
2.96944e-11	-4.54653e-05
2.97337e-11	-4.59156e-05
2.97731e-11	-4.63665e-05
2.98124e-11	-4.6818e-05
2.98518e-11	-4.727e-05
2.98911e-11	-4.77226e-05
2.99305e-11	-4.81757e-05
2.99699e-11	-4.86294e-05
3.00092e-11	-4.90837e-05
3.00486e-11	-4.95386e-05
3.00879e-11	-4.9994e-05
3.01273e-11	-5.04499e-05
3.01666e-11	-5.09065e-05
3.0206e-11	-5.13636e-05
3.02454e-11	-5.18212e-05
3.02847e-11	-5.22794e-05
3.03241e-11	-5.27382e-05
3.03634e-11	-5.31975e-05
3.04028e-11	-5.36574e-05
3.04421e-11	-5.41179e-05
3.04815e-11	-5.45788e-05
3.05208e-11	-5.50404e-05
3.05602e-11	-5.55025e-05
3.05996e-11	-5.59651e-05
3.06389e-11	-5.64283e-05
3.06783e-11	-5.68921e-05
3.07176e-11	-5.73564e-05
3.0757e-11	-5.78212e-05
3.07963e-11	-5.82866e-05
3.08357e-11	-5.87526e-05
3.08751e-11	-5.9219e-05
3.09144e-11	-5.96861e-05
3.09538e-11	-6.01536e-05
3.09931e-11	-6.06217e-05
3.10325e-11	-6.10904e-05
3.10718e-11	-6.15596e-05
3.11112e-11	-6.20293e-05
3.11505e-11	-6.24996e-05
3.11899e-11	-6.29704e-05
3.12293e-11	-6.34417e-05
3.12686e-11	-6.39136e-05
3.1308e-11	-6.4386e-05
3.13473e-11	-6.48589e-05
3.13867e-11	-6.53324e-05
3.1426e-11	-6.58064e-05
3.14654e-11	-6.62809e-05
3.15048e-11	-6.6756e-05
3.15441e-11	-6.72316e-05
3.15835e-11	-6.77077e-05
3.16228e-11	-6.81843e-05
3.16622e-11	-6.86615e-05
3.17015e-11	-6.91392e-05
3.17409e-11	-6.96174e-05
3.17802e-11	-7.00961e-05
3.18196e-11	-7.05754e-05
3.1859e-11	-7.10551e-05
3.18983e-11	-7.15354e-05
3.19377e-11	-7.20162e-05
3.1977e-11	-7.24975e-05
3.20164e-11	-7.29794e-05
3.20557e-11	-7.34617e-05
3.20951e-11	-7.39446e-05
3.21345e-11	-7.4428e-05
3.21738e-11	-7.49118e-05
3.22132e-11	-7.53962e-05
3.22525e-11	-7.58811e-05
3.22919e-11	-7.63665e-05
3.23312e-11	-7.68525e-05
3.23706e-11	-7.73389e-05
3.24099e-11	-7.78258e-05
3.24493e-11	-7.83132e-05
3.24887e-11	-7.88012e-05
3.2528e-11	-7.92896e-05
3.25674e-11	-7.97785e-05
3.26067e-11	-8.02679e-05
3.26461e-11	-8.07579e-05
3.26854e-11	-8.12483e-05
3.27248e-11	-8.17392e-05
3.27642e-11	-8.22306e-05
3.28035e-11	-8.27225e-05
3.28429e-11	-8.32149e-05
3.28822e-11	-8.37078e-05
3.29216e-11	-8.42011e-05
3.29609e-11	-8.4695e-05
3.30003e-11	-8.51893e-05
3.30397e-11	-8.56842e-05
3.3079e-11	-8.61795e-05
3.31184e-11	-8.66753e-05
3.31577e-11	-8.71716e-05
3.31971e-11	-8.76683e-05
3.32364e-11	-8.81656e-05
3.32758e-11	-8.86633e-05
3.33151e-11	-8.91615e-05
3.33545e-11	-8.96601e-05
3.33939e-11	-9.01593e-05
3.34332e-11	-9.06589e-05
3.34726e-11	-9.1159e-05
3.35119e-11	-9.16596e-05
3.35513e-11	-9.21606e-05
3.35906e-11	-9.26621e-05
3.363e-11	-9.31641e-05
3.36694e-11	-9.36665e-05
3.37087e-11	-9.41694e-05
3.37481e-11	-9.46728e-05
3.37874e-11	-9.51766e-05
3.38268e-11	-9.56809e-05
3.38661e-11	-9.61856e-05
3.39055e-11	-9.66908e-05
3.39448e-11	-9.71965e-05
3.39842e-11	-9.77026e-05
3.40236e-11	-9.82092e-05
3.40629e-11	-9.87162e-05
3.41023e-11	-9.92237e-05
3.41416e-11	-9.97316e-05
3.4181e-11	-0.00010024
3.42203e-11	-0.000100749
3.42597e-11	-0.000101258
3.42991e-11	-0.000101768
3.43384e-11	-0.000102278
3.43778e-11	-0.000102789
3.44171e-11	-0.0001033
3.44565e-11	-0.000103811
3.44958e-11	-0.000104323
3.45352e-11	-0.000104835
3.45745e-11	-0.000105348
3.46139e-11	-0.000105861
3.46533e-11	-0.000106375
3.46926e-11	-0.000106889
3.4732e-11	-0.000107404
3.47713e-11	-0.000107919
3.48107e-11	-0.000108434
3.485e-11	-0.00010895
3.48894e-11	-0.000109466
3.49288e-11	-0.000109983
3.49681e-11	-0.0001105
3.50075e-11	-0.000111017
3.50468e-11	-0.000111535
3.50862e-11	-0.000112054
3.51255e-11	-0.000112573
3.51649e-11	-0.000113092
3.52043e-11	-0.000113611
3.52436e-11	-0.000114131
3.5283e-11	-0.000114652
3.53223e-11	-0.000115173
3.53617e-11	-0.000115694
3.5401e-11	-0.000116216
3.54404e-11	-0.000116738
3.54797e-11	-0.00011726
3.55191e-11	-0.000117783
3.55585e-11	-0.000118306
3.55978e-11	-0.00011883
3.56372e-11	-0.000119354
3.56765e-11	-0.000119878
3.57159e-11	-0.000120403
3.57552e-11	-0.000120929
3.57946e-11	-0.000121454
3.5834e-11	-0.00012198
3.58733e-11	-0.000122507
3.59127e-11	-0.000123033
3.5952e-11	-0.000123561
3.59914e-11	-0.000124088
3.60307e-11	-0.000124616
3.60701e-11	-0.000125145
3.61094e-11	-0.000125673
3.61488e-11	-0.000126203
3.61882e-11	-0.000126732
3.62275e-11	-0.000127262
3.62669e-11	-0.000127792
3.63062e-11	-0.000128323
3.63456e-11	-0.000128854
3.63849e-11	-0.000129385
3.64243e-11	-0.000129917
3.64637e-11	-0.000130449
3.6503e-11	-0.000130981
3.65424e-11	-0.000131514
3.65817e-11	-0.000132048
3.66211e-11	-0.000132581
3.66604e-11	-0.000133115
3.66998e-11	-0.000133649
3.67391e-11	-0.000134184
3.67785e-11	-0.000134719
3.68179e-11	-0.000135254
3.68572e-11	-0.00013579
3.68966e-11	-0.000136326
3.69359e-11	-0.000136863
3.69753e-11	-0.000137399
3.70146e-11	-0.000137936
3.7054e-11	-0.000138474
3.70934e-11	-0.000139012
3.71327e-11	-0.00013955
3.71721e-11	-0.000140088
3.72114e-11	-0.000140627
3.72508e-11	-0.000141166
3.72901e-11	-0.000141706
3.73295e-11	-0.000142245
3.73688e-11	-0.000142786
3.74082e-11	-0.000143326
3.74476e-11	-0.000143867
3.74869e-11	-0.000144408
3.75263e-11	-0.000144949
3.75656e-11	-0.000145491
3.7605e-11	-0.000146033
3.76443e-11	-0.000146576
3.76837e-11	-0.000147119
3.77231e-11	-0.000147662
3.77624e-11	-0.000148205
3.78018e-11	-0.000148749
3.78411e-11	-0.000149293
3.78805e-11	-0.000149837
3.79198e-11	-0.000150382
3.79592e-11	-0.000150927
3.79986e-11	-0.000151472
3.80379e-11	-0.000152017
3.80773e-11	-0.000152563
3.81166e-11	-0.000153109
3.8156e-11	-0.000153656
3.81953e-11	-0.000154202
3.82347e-11	-0.000154749
3.8274e-11	-0.000155297
3.83134e-11	-0.000155844
3.83528e-11	-0.000156392
3.83921e-11	-0.000156941
3.84315e-11	-0.000157489
3.84708e-11	-0.000158038
3.85102e-11	-0.000158587
3.85495e-11	-0.000159136
3.85889e-11	-0.000159686
3.86283e-11	-0.000160236
3.86676e-11	-0.000160786
3.8707e-11	-0.000161336
3.87463e-11	-0.000161887
3.87857e-11	-0.000162438
3.8825e-11	-0.000162989
3.88644e-11	-0.000163541
3.89037e-11	-0.000164093
3.89431e-11	-0.000164645
3.89825e-11	-0.000165197
3.90218e-11	-0.00016575
3.90612e-11	-0.000166302
3.91005e-11	-0.000166855
3.91399e-11	-0.000167409
3.91792e-11	-0.000167962
3.92186e-11	-0.000168516
3.9258e-11	-0.00016907
3.92973e-11	-0.000169625
3.93367e-11	-0.000170179
3.9376e-11	-0.000170734
3.94154e-11	-0.000171289
3.94547e-11	-0.000171845
3.94941e-11	-0.0001724
3.95334e-11	-0.000172956
3.95728e-11	-0.000173512
3.96122e-11	-0.000174068
3.96515e-11	-0.000174625
3.96909e-11	-0.000175181
3.97302e-11	-0.000175738
3.97696e-11	-0.000176296
3.98089e-11	-0.000176853
3.98483e-11	-0.000177411
3.98877e-11	-0.000177969
3.9927e-11	-0.000178527
3.99664e-11	-0.000179085
4.00057e-11	-0.000179643
4.00451e-11	-0.000180202
4.00844e-11	-0.000180761
4.01238e-11	-0.00018132
4.01631e-11	-0.00018188
4.02025e-11	-0.000182439
4.02419e-11	-0.000182999
4.02812e-11	-0.000183559
4.03206e-11	-0.000184119
4.03599e-11	-0.000184679
4.03993e-11	-0.00018524
4.04386e-11	-0.000185801
4.0478e-11	-0.000186362
4.05174e-11	-0.000186923
4.05567e-11	-0.000187484
4.05961e-11	-0.000188045
4.06354e-11	-0.000188607
4.06748e-11	-0.000189169
4.07141e-11	-0.000189731
4.07535e-11	-0.000190293
4.07929e-11	-0.000190856
4.08322e-11	-0.000191418
4.08716e-11	-0.000191981
4.09109e-11	-0.000192544
4.09503e-11	-0.000193107
4.09896e-11	-0.00019367
4.1029e-11	-0.000194234
4.10683e-11	-0.000194797
4.11077e-11	-0.000195361
4.11471e-11	-0.000195925
4.11864e-11	-0.000196489
4.12258e-11	-0.000197053
4.12651e-11	-0.000197618
4.13045e-11	-0.000198182
4.13438e-11	-0.000198747
4.13832e-11	-0.000199312
4.14226e-11	-0.000199877
4.14619e-11	-0.000200442
4.15013e-11	-0.000201007
4.15406e-11	-0.000201572
4.158e-11	-0.000202138
4.16193e-11	-0.000202704
4.16587e-11	-0.000203269
4.1698e-11	-0.000203835
4.17374e-11	-0.000204401
4.17768e-11	-0.000204967
4.18161e-11	-0.000205534
4.18555e-11	-0.0002061
4.18948e-11	-0.000206667
4.19342e-11	-0.000207233
4.19735e-11	-0.0002078
4.20129e-11	-0.000208367
4.20523e-11	-0.000208934
4.20916e-11	-0.000209501
4.2131e-11	-0.000210068
4.21703e-11	-0.000210636
4.22097e-11	-0.000211203
4.2249e-11	-0.000211771
4.22884e-11	-0.000212338
4.23277e-11	-0.000212906
4.23671e-11	-0.000213474
4.24065e-11	-0.000214042
4.24458e-11	-0.00021461
4.24852e-11	-0.000215178
4.25245e-11	-0.000215746
4.25639e-11	-0.000216314
4.26032e-11	-0.000216883
4.26426e-11	-0.000217451
4.2682e-11	-0.00021802
4.27213e-11	-0.000218588
4.27607e-11	-0.000219157
4.28e-11	-0.000219726
4.28394e-11	-0.000220294
4.28787e-11	-0.000220863
4.29181e-11	-0.000221432
4.29574e-11	-0.000222001
4.29968e-11	-0.00022257
4.30362e-11	-0.000223139
4.30755e-11	-0.000223709
4.31149e-11	-0.000224278
4.31542e-11	-0.000224847
4.31936e-11	-0.000225417
4.32329e-11	-0.000225986
4.32723e-11	-0.000226555
4.33117e-11	-0.000227125
4.3351e-11	-0.000227694
4.33904e-11	-0.000228264
4.34297e-11	-0.000228833
4.34691e-11	-0.000229403
4.35084e-11	-0.000229973
4.35478e-11	-0.000230542
4.35872e-11	-0.000231112
4.36265e-11	-0.000231682
4.36659e-11	-0.000232252
4.37052e-11	-0.000232821
4.37446e-11	-0.000233391
4.37839e-11	-0.000233961
4.38233e-11	-0.000234531
4.38626e-11	-0.000235101
4.3902e-11	-0.000235671
4.39414e-11	-0.000236241
4.39807e-11	-0.00023681
4.40201e-11	-0.00023738
4.40594e-11	-0.00023795
4.40988e-11	-0.00023852
4.41381e-11	-0.00023909
4.41775e-11	-0.00023966
4.42169e-11	-0.00024023
4.42562e-11	-0.0002408
4.42956e-11	-0.000241369
4.43349e-11	-0.000241939
4.43743e-11	-0.000242509
4.44136e-11	-0.000243079
4.4453e-11	-0.000243649
4.44923e-11	-0.000244218
4.45317e-11	-0.000244788
4.45711e-11	-0.000245358
4.46104e-11	-0.000245927
4.46498e-11	-0.000246497
4.46891e-11	-0.000247067
4.47285e-11	-0.000247636
4.47678e-11	-0.000248206
4.48072e-11	-0.000248775
4.48466e-11	-0.000249345
4.48859e-11	-0.000249914
4.49253e-11	-0.000250483
4.49646e-11	-0.000251053
4.5004e-11	-0.000251622
4.50433e-11	-0.000252191
4.50827e-11	-0.00025276
4.5122e-11	-0.000253329
4.51614e-11	-0.000253898
4.52008e-11	-0.000254467
4.52401e-11	-0.000255036
4.52795e-11	-0.000255605
4.53188e-11	-0.000256173
4.53582e-11	-0.000256742
4.53975e-11	-0.000257311
4.54369e-11	-0.000257879
4.54763e-11	-0.000258448
4.55156e-11	-0.000259016
4.5555e-11	-0.000259584
4.55943e-11	-0.000260152
4.56337e-11	-0.00026072
4.5673e-11	-0.000261288
4.57124e-11	-0.000261856
4.57518e-11	-0.000262424
4.57911e-11	-0.000262991
4.58305e-11	-0.000263559
4.58698e-11	-0.000264126
4.59092e-11	-0.000264694
4.59485e-11	-0.000265261
4.59879e-11	-0.000265828
4.60272e-11	-0.000266395
4.60666e-11	-0.000266962
4.6106e-11	-0.000267529
4.61453e-11	-0.000268095
4.61847e-11	-0.000268662
4.6224e-11	-0.000269228
4.62634e-11	-0.000269794
4.63027e-11	-0.00027036
4.63421e-11	-0.000270926
4.63815e-11	-0.000271492
4.64208e-11	-0.000272058
4.64602e-11	-0.000272623
4.64995e-11	-0.000273189
4.65389e-11	-0.000273754
4.65782e-11	-0.000274319
4.66176e-11	-0.000274884
4.66569e-11	-0.000275449
4.66963e-11	-0.000276014
4.67357e-11	-0.000276578
4.6775e-11	-0.000277142
4.68144e-11	-0.000277706
4.68537e-11	-0.00027827
4.68931e-11	-0.000278834
4.69324e-11	-0.000279398
4.69718e-11	-0.000279961
4.70112e-11	-0.000280525
4.70505e-11	-0.000281088
4.70899e-11	-0.000281651
4.71292e-11	-0.000282213
4.71686e-11	-0.000282776
4.72079e-11	-0.000283338
4.72473e-11	-0.0002839
4.72866e-11	-0.000284462
4.7326e-11	-0.000285024
4.73654e-11	-0.000285585
4.74047e-11	-0.000286147
4.74441e-11	-0.000286708
4.74834e-11	-0.000287269
4.75228e-11	-0.00028783
4.75621e-11	-0.00028839
4.76015e-11	-0.00028895
4.76409e-11	-0.00028951
4.76802e-11	-0.00029007
4.77196e-11	-0.00029063
4.77589e-11	-0.000291189
4.77983e-11	-0.000291748
4.78376e-11	-0.000292307
4.7877e-11	-0.000292866
4.79163e-11	-0.000293425
4.79557e-11	-0.000293983
4.79951e-11	-0.000294541
4.80344e-11	-0.000295098
4.80738e-11	-0.000295656
4.81131e-11	-0.000296213
4.81525e-11	-0.00029677
4.81918e-11	-0.000297327
4.82312e-11	-0.000297883
4.82706e-11	-0.00029844
4.83099e-11	-0.000298995
4.83493e-11	-0.000299551
4.83886e-11	-0.000300107
4.8428e-11	-0.000300662
4.84673e-11	-0.000301217
4.85067e-11	-0.000301771
4.85461e-11	-0.000302325
4.85854e-11	-0.000302879
4.86248e-11	-0.000303433
4.86641e-11	-0.000303987
4.87035e-11	-0.00030454
4.87428e-11	-0.000305093
4.87822e-11	-0.000305645
4.88215e-11	-0.000306197
4.88609e-11	-0.000306749
4.89003e-11	-0.000307301
4.89396e-11	-0.000307852
4.8979e-11	-0.000308403
4.90183e-11	-0.000308954
4.90577e-11	-0.000309505
4.9097e-11	-0.000310055
4.91364e-11	-0.000310604
4.91758e-11	-0.000311154
4.92151e-11	-0.000311703
4.92545e-11	-0.000312252
4.92938e-11	-0.0003128
4.93332e-11	-0.000313348
4.93725e-11	-0.000313896
4.94119e-11	-0.000314444
4.94512e-11	-0.000314991
4.94906e-11	-0.000315538
4.953e-11	-0.000316084
4.95693e-11	-0.00031663
4.96087e-11	-0.000317176
4.9648e-11	-0.000317721
4.96874e-11	-0.000318266
4.97267e-11	-0.000318811
4.97661e-11	-0.000319355
4.98055e-11	-0.000319899
4.98448e-11	-0.000320443
4.98842e-11	-0.000320986
4.99235e-11	-0.000321529
4.99629e-11	-0.000322071
5.00022e-11	-0.000322613
5.00416e-11	-0.000323155
5.00809e-11	-0.000323696
5.01203e-11	-0.000324237
5.01597e-11	-0.000324778
5.0199e-11	-0.000325318
5.02384e-11	-0.000325857
5.02777e-11	-0.000326397
5.03171e-11	-0.000326936
5.03564e-11	-0.000327474
5.03958e-11	-0.000328012
5.04352e-11	-0.00032855
5.04745e-11	-0.000329087
5.05139e-11	-0.000329624
5.05532e-11	-0.000330161
5.05926e-11	-0.000330697
5.06319e-11	-0.000331232
5.06713e-11	-0.000331767
5.07106e-11	-0.000332302
5.075e-11	-0.000332836
5.07894e-11	-0.00033337
5.08287e-11	-0.000333904
5.08681e-11	-0.000334437
5.09074e-11	-0.000334969
5.09468e-11	-0.000335501
5.09861e-11	-0.000336033
5.10255e-11	-0.000336564
5.10649e-11	-0.000337095
5.11042e-11	-0.000337625
5.11436e-11	-0.000338155
5.11829e-11	-0.000338684
5.12223e-11	-0.000339213
5.12616e-11	-0.000339742
5.1301e-11	-0.00034027
5.13404e-11	-0.000340797
5.13797e-11	-0.000341324
5.14191e-11	-0.000341851
5.14584e-11	-0.000342377
5.14978e-11	-0.000342902
5.15371e-11	-0.000343427
5.15765e-11	-0.000343952
5.16158e-11	-0.000344476
5.16552e-11	-0.000344999
5.16946e-11	-0.000345523
5.17339e-11	-0.000346045
5.17733e-11	-0.000346567
5.18126e-11	-0.000347089
5.1852e-11	-0.00034761
5.18913e-11	-0.00034813
5.19307e-11	-0.00034865
5.19701e-11	-0.00034917
5.20094e-11	-0.000349689
5.20488e-11	-0.000350207
5.20881e-11	-0.000350725
5.21275e-11	-0.000351242
5.21668e-11	-0.000351759
5.22062e-11	-0.000352275
5.22455e-11	-0.000352791
5.22849e-11	-0.000353306
5.23243e-11	-0.000353821
5.23636e-11	-0.000354335
5.2403e-11	-0.000354849
5.24423e-11	-0.000355362
5.24817e-11	-0.000355874
5.2521e-11	-0.000356386
5.25604e-11	-0.000356897
5.25998e-11	-0.000357408
5.26391e-11	-0.000357918
5.26785e-11	-0.000358428
5.27178e-11	-0.000358937
5.27572e-11	-0.000359445
5.27965e-11	-0.000359953
5.28359e-11	-0.00036046
5.28752e-11	-0.000360967
5.29146e-11	-0.000361473
5.2954e-11	-0.000361978
5.29933e-11	-0.000362483
5.30327e-11	-0.000362988
5.3072e-11	-0.000363491
5.31114e-11	-0.000363994
5.31507e-11	-0.000364497
5.31901e-11	-0.000364999
5.32295e-11	-0.0003655
5.32688e-11	-0.000366001
5.33082e-11	-0.000366501
5.33475e-11	-0.000367
5.33869e-11	-0.000367499
5.34262e-11	-0.000367997
5.34656e-11	-0.000368494
5.3505e-11	-0.000368991
5.35443e-11	-0.000369487
5.35837e-11	-0.000369983
5.3623e-11	-0.000370478
5.36624e-11	-0.000370972
5.37017e-11	-0.000371466
5.37411e-11	-0.000371959
5.37804e-11	-0.000372451
5.38198e-11	-0.000372943
5.38592e-11	-0.000373434
5.38985e-11	-0.000373924
5.39379e-11	-0.000374414
5.39772e-11	-0.000374903
5.40166e-11	-0.000375391
5.40559e-11	-0.000375878
5.40953e-11	-0.000376365
5.41347e-11	-0.000376852
5.4174e-11	-0.000377337
5.42134e-11	-0.000377822
5.42527e-11	-0.000378306
5.42921e-11	-0.00037879
5.43314e-11	-0.000379273
5.43708e-11	-0.000379755
5.44101e-11	-0.000380236
5.44495e-11	-0.000380717
5.44889e-11	-0.000381197
5.45282e-11	-0.000381676
5.45676e-11	-0.000382154
5.46069e-11	-0.000382632
5.46463e-11	-0.000383109
5.46856e-11	-0.000383586
5.4725e-11	-0.000384061
5.47644e-11	-0.000384536
5.48037e-11	-0.00038501
5.48431e-11	-0.000385484
5.48824e-11	-0.000385956
5.49218e-11	-0.000386428
5.49611e-11	-0.000386899
5.50005e-11	-0.00038737
5.50398e-11	-0.000387839
5.50792e-11	-0.000388308
5.51186e-11	-0.000388777
5.51579e-11	-0.000389244
5.51973e-11	-0.000389711
5.52366e-11	-0.000390176
5.5276e-11	-0.000390641
5.53153e-11	-0.000391106
5.53547e-11	-0.000391569
5.53941e-11	-0.000392032
5.54334e-11	-0.000392494
5.54728e-11	-0.000392955
5.55121e-11	-0.000393415
5.55515e-11	-0.000393875
5.55908e-11	-0.000394334
5.56302e-11	-0.000394792
5.56695e-11	-0.000395249
5.57089e-11	-0.000395705
5.57483e-11	-0.000396161
5.57876e-11	-0.000396616
5.5827e-11	-0.00039707
5.58663e-11	-0.000397523
5.59057e-11	-0.000397975
5.5945e-11	-0.000398426
5.59844e-11	-0.000398877
5.60238e-11	-0.000399327
5.60631e-11	-0.000399776
5.61025e-11	-0.000400224
5.61418e-11	-0.000400671
5.61812e-11	-0.000401118
5.62205e-11	-0.000401563
5.62599e-11	-0.000402008
5.62993e-11	-0.000402452
5.63386e-11	-0.000402895
5.6378e-11	-0.000403337
5.64173e-11	-0.000403778
5.64567e-11	-0.000404219
5.6496e-11	-0.000404658
5.65354e-11	-0.000405097
5.65747e-11	-0.000405535
5.66141e-11	-0.000405972
5.66535e-11	-0.000406408
5.66928e-11	-0.000406843
5.67322e-11	-0.000407277
5.67715e-11	-0.000407711
5.68109e-11	-0.000408143
5.68502e-11	-0.000408575
5.68896e-11	-0.000409006
5.6929e-11	-0.000409435
5.69683e-11	-0.000409864
5.70077e-11	-0.000410292
5.7047e-11	-0.000410719
5.70864e-11	-0.000411145
5.71257e-11	-0.000411571
5.71651e-11	-0.000411995
5.72044e-11	-0.000412418
5.72438e-11	-0.000412841
5.72832e-11	-0.000413262
5.73225e-11	-0.000413683
5.73619e-11	-0.000414103
5.74012e-11	-0.000414521
5.74406e-11	-0.000414939
5.74799e-11	-0.000415356
5.75193e-11	-0.000415772
5.75587e-11	-0.000416187
5.7598e-11	-0.000416601
5.76374e-11	-0.000417014
5.76767e-11	-0.000417426
5.77161e-11	-0.000417837
5.77554e-11	-0.000418247
5.77948e-11	-0.000418656
5.78341e-11	-0.000419064
5.78735e-11	-0.000419471
5.79129e-11	-0.000419877
5.79522e-11	-0.000420283
5.79916e-11	-0.000420687
5.80309e-11	-0.00042109
5.80703e-11	-0.000421492
5.81096e-11	-0.000421893
5.8149e-11	-0.000422294
5.81884e-11	-0.000422693
5.82277e-11	-0.000423091
5.82671e-11	-0.000423488
5.83064e-11	-0.000423884
5.83458e-11	-0.00042428
5.83851e-11	-0.000424674
5.84245e-11	-0.000425067
5.84638e-11	-0.000425459
5.85032e-11	-0.00042585
5.85426e-11	-0.00042624
5.85819e-11	-0.000426629
5.86213e-11	-0.000427017
5.86606e-11	-0.000427404
5.87e-11	-0.00042779
5.87393e-11	-0.000428174
5.87787e-11	-0.000428558
5.88181e-11	-0.000428941
5.88574e-11	-0.000429322
5.88968e-11	-0.000429703
5.89361e-11	-0.000430083
5.89755e-11	-0.000430461
5.90148e-11	-0.000430838
5.90542e-11	-0.000431215
5.90936e-11	-0.00043159
5.91329e-11	-0.000431964
5.91723e-11	-0.000432337
5.92116e-11	-0.000432709
5.9251e-11	-0.00043308
5.92903e-11	-0.00043345
5.93297e-11	-0.000433818
5.9369e-11	-0.000434186
5.94084e-11	-0.000434552
5.94478e-11	-0.000434918
5.94871e-11	-0.000435282
5.95265e-11	-0.000435645
5.95658e-11	-0.000436007
5.96052e-11	-0.000436368
5.96445e-11	-0.000436728
5.96839e-11	-0.000437086
5.97233e-11	-0.000437444
5.97626e-11	-0.0004378
5.9802e-11	-0.000438156
5.98413e-11	-0.00043851
5.98807e-11	-0.000438863
5.992e-11	-0.000439214
5.99594e-11	-0.000439565
5.99987e-11	-0.000439915
6.00381e-11	-0.000440263
6.00775e-11	-0.00044061
6.01168e-11	-0.000440956
6.01562e-11	-0.000441301
6.01955e-11	-0.000441645
6.02349e-11	-0.000441987
6.02742e-11	-0.000442329
6.03136e-11	-0.000442669
6.0353e-11	-0.000443008
6.03923e-11	-0.000443346
6.04317e-11	-0.000443682
6.0471e-11	-0.000444018
6.05104e-11	-0.000444352
6.05497e-11	-0.000444685
6.05891e-11	-0.000445017
6.06284e-11	-0.000445348
6.06678e-11	-0.000445677
6.07072e-11	-0.000446005
6.07465e-11	-0.000446332
6.07859e-11	-0.000446658
6.08252e-11	-0.000446983
6.08646e-11	-0.000447306
6.09039e-11	-0.000447628
6.09433e-11	-0.000447949
6.09827e-11	-0.000448269
6.1022e-11	-0.000448587
6.10614e-11	-0.000448904
6.11007e-11	-0.00044922
6.11401e-11	-0.000449535
6.11794e-11	-0.000449848
6.12188e-11	-0.000450161
6.12582e-11	-0.000450472
6.12975e-11	-0.000450781
6.13369e-11	-0.00045109
6.13762e-11	-0.000451397
6.14156e-11	-0.000451703
6.14549e-11	-0.000452007
6.14943e-11	-0.000452311
6.15336e-11	-0.000452613
6.1573e-11	-0.000452914
6.16124e-11	-0.000453213
6.16517e-11	-0.000453511
6.16911e-11	-0.000453808
6.17304e-11	-0.000454104
6.17698e-11	-0.000454398
6.18091e-11	-0.000454691
6.18485e-11	-0.000454983
6.18879e-11	-0.000455273
6.19272e-11	-0.000455563
6.19666e-11	-0.00045585
6.20059e-11	-0.000456137
6.20453e-11	-0.000456422
6.20846e-11	-0.000456706
6.2124e-11	-0.000456988
6.21633e-11	-0.00045727
6.22027e-11	-0.000457549
6.22421e-11	-0.000457828
6.22814e-11	-0.000458105
6.23208e-11	-0.000458381
6.23601e-11	-0.000458655
6.23995e-11	-0.000458929
6.24388e-11	-0.0004592
6.24782e-11	-0.000459471
6.25176e-11	-0.00045974
6.25569e-11	-0.000460008
6.25963e-11	-0.000460274
6.26356e-11	-0.000460539
6.2675e-11	-0.000460803
6.27143e-11	-0.000461065
6.27537e-11	-0.000461326
6.2793e-11	-0.000461585
6.28324e-11	-0.000461843
6.28718e-11	-0.0004621
6.29111e-11	-0.000462355
6.29505e-11	-0.000462609
6.29898e-11	-0.000462862
6.30292e-11	-0.000463113
6.30685e-11	-0.000463363
6.31079e-11	-0.000463611
6.31473e-11	-0.000463858
6.31866e-11	-0.000464103
6.3226e-11	-0.000464347
6.32653e-11	-0.00046459
6.33047e-11	-0.000464831
6.3344e-11	-0.000465071
6.33834e-11	-0.000465309
6.34227e-11	-0.000465546
6.34621e-11	-0.000465782
6.35015e-11	-0.000466016
6.35408e-11	-0.000466249
6.35802e-11	-0.00046648
6.36195e-11	-0.00046671
6.36589e-11	-0.000466938
6.36982e-11	-0.000467165
6.37376e-11	-0.00046739
6.3777e-11	-0.000467614
6.38163e-11	-0.000467836
6.38557e-11	-0.000468057
6.3895e-11	-0.000468277
6.39344e-11	-0.000468495
6.39737e-11	-0.000468712
6.40131e-11	-0.000468927
6.40525e-11	-0.00046914
6.40918e-11	-0.000469352
6.41312e-11	-0.000469563
6.41705e-11	-0.000469772
6.42099e-11	-0.00046998
6.42492e-11	-0.000470186
6.42886e-11	-0.000470391
6.43279e-11	-0.000470594
6.43673e-11	-0.000470795
6.44067e-11	-0.000470995
6.4446e-11	-0.000471194
6.44854e-11	-0.000471391
6.45247e-11	-0.000471587
6.45641e-11	-0.000471781
6.46034e-11	-0.000471973
6.46428e-11	-0.000472164
6.46822e-11	-0.000472354
6.47215e-11	-0.000472542
6.47609e-11	-0.000472728
6.48002e-11	-0.000472913
6.48396e-11	-0.000473096
6.48789e-11	-0.000473278
6.49183e-11	-0.000473458
6.49576e-11	-0.000473637
6.4997e-11	-0.000473814
6.50364e-11	-0.000473989
6.50757e-11	-0.000474163
6.51151e-11	-0.000474335
6.51544e-11	-0.000474506
6.51938e-11	-0.000474675
6.52331e-11	-0.000474843
6.52725e-11	-0.000475009
6.53119e-11	-0.000475174
6.53512e-11	-0.000475336
6.53906e-11	-0.000475498
6.54299e-11	-0.000475657
6.54693e-11	-0.000475815
6.55086e-11	-0.000475972
6.5548e-11	-0.000476127
6.55873e-11	-0.00047628
6.56267e-11	-0.000476432
6.56661e-11	-0.000476582
6.57054e-11	-0.00047673
6.57448e-11	-0.000476877
6.57841e-11	-0.000477022
6.58235e-11	-0.000477166
6.58628e-11	-0.000477308
6.59022e-11	-0.000477448
6.59416e-11	-0.000477587
6.59809e-11	-0.000477724
6.60203e-11	-0.000477859
6.60596e-11	-0.000477993
6.6099e-11	-0.000478125
6.61383e-11	-0.000478256
6.61777e-11	-0.000478385
6.6217e-11	-0.000478512
6.62564e-11	-0.000478637
6.62958e-11	-0.000478761
6.63351e-11	-0.000478883
6.63745e-11	-0.000479004
6.64138e-11	-0.000479123
6.64532e-11	-0.00047924
6.64925e-11	-0.000479355
6.65319e-11	-0.000479469
6.65713e-11	-0.000479581
6.66106e-11	-0.000479691
6.665e-11	-0.0004798
6.66893e-11	-0.000479907
6.67287e-11	-0.000480013
6.6768e-11	-0.000480116
6.68074e-11	-0.000480218
6.68468e-11	-0.000480318
6.68861e-11	-0.000480417
6.69255e-11	-0.000480514
6.69648e-11	-0.000480609
6.70042e-11	-0.000480702
6.70435e-11	-0.000480794
6.70829e-11	-0.000480884
6.71222e-11	-0.000480972
6.71616e-11	-0.000481058
6.7201e-11	-0.000481143
6.72403e-11	-0.000481226
6.72797e-11	-0.000481307
6.7319e-11	-0.000481387
6.73584e-11	-0.000481465
6.73977e-11	-0.000481541
6.74371e-11	-0.000481615
6.74765e-11	-0.000481687
6.75158e-11	-0.000481758
6.75552e-11	-0.000481827
6.75945e-11	-0.000481894
6.76339e-11	-0.00048196
6.76732e-11	-0.000482024
6.77126e-11	-0.000482085
6.77519e-11	-0.000482146
6.77913e-11	-0.000482204
6.78307e-11	-0.000482261
6.787e-11	-0.000482315
6.79094e-11	-0.000482368
6.79487e-11	-0.00048242
6.79881e-11	-0.000482469
6.80274e-11	-0.000482517
6.80668e-11	-0.000482562
6.81062e-11	-0.000482606
6.81455e-11	-0.000482649
6.81849e-11	-0.000482689
6.82242e-11	-0.000482728
6.82636e-11	-0.000482764
6.83029e-11	-0.000482799
6.83423e-11	-0.000482832
6.83816e-11	-0.000482864
6.8421e-11	-0.000482893
6.84604e-11	-0.000482921
6.84997e-11	-0.000482947
6.85391e-11	-0.000482971
6.85784e-11	-0.000482993
6.86178e-11	-0.000483013
6.86571e-11	-0.000483032
6.86965e-11	-0.000483048
6.87359e-11	-0.000483063
6.87752e-11	-0.000483076
6.88146e-11	-0.000483087
6.88539e-11	-0.000483096
6.88933e-11	-0.000483103
6.89326e-11	-0.000483109
6.8972e-11	-0.000483112
6.90113e-11	-0.000483114
6.90507e-11	-0.000483114
6.90901e-11	-0.000483112
6.91294e-11	-0.000483108
6.91688e-11	-0.000483102
6.92081e-11	-0.000483094
6.92475e-11	-0.000483085
6.92868e-11	-0.000483073
6.93262e-11	-0.00048306
6.93656e-11	-0.000483045
6.94049e-11	-0.000483027
6.94443e-11	-0.000483008
6.94836e-11	-0.000482987
6.9523e-11	-0.000482965
6.95623e-11	-0.00048294
6.96017e-11	-0.000482913
6.96411e-11	-0.000482884
6.96804e-11	-0.000482854
6.97198e-11	-0.000482821
6.97591e-11	-0.000482787
6.97985e-11	-0.000482751
6.98378e-11	-0.000482712
6.98772e-11	-0.000482672
6.99165e-11	-0.00048263
6.99559e-11	-0.000482586
6.99953e-11	-0.00048254
7.00346e-11	-0.000482492
7.0074e-11	-0.000482442
7.01133e-11	-0.00048239
7.01527e-11	-0.000482336
7.0192e-11	-0.00048228
7.02314e-11	-0.000482222
7.02708e-11	-0.000482163
7.03101e-11	-0.000482101
7.03495e-11	-0.000482037
7.03888e-11	-0.000481972
7.04282e-11	-0.000481904
7.04675e-11	-0.000481834
7.05069e-11	-0.000481763
7.05462e-11	-0.000481689
7.05856e-11	-0.000481614
7.0625e-11	-0.000481536
7.06643e-11	-0.000481457
7.07037e-11	-0.000481375
7.0743e-11	-0.000481291
7.07824e-11	-0.000481206
7.08217e-11	-0.000481118
7.08611e-11	-0.000481029
7.09005e-11	-0.000480937
7.09398e-11	-0.000480844
7.09792e-11	-0.000480748
7.10185e-11	-0.00048065
7.10579e-11	-0.000480551
7.10972e-11	-0.000480449
7.11366e-11	-0.000480345
7.11759e-11	-0.00048024
7.12153e-11	-0.000480132
7.12547e-11	-0.000480022
7.1294e-11	-0.00047991
7.13334e-11	-0.000479797
7.13727e-11	-0.000479681
7.14121e-11	-0.000479563
7.14514e-11	-0.000479443
7.14908e-11	-0.000479321
7.15302e-11	-0.000479197
7.15695e-11	-0.00047907
7.16089e-11	-0.000478942
7.16482e-11	-0.000478812
7.16876e-11	-0.00047868
7.17269e-11	-0.000478545
7.17663e-11	-0.000478409
7.18057e-11	-0.00047827
7.1845e-11	-0.00047813
7.18844e-11	-0.000477987
7.19237e-11	-0.000477842
7.19631e-11	-0.000477695
7.20024e-11	-0.000477546
7.20418e-11	-0.000477395
7.20811e-11	-0.000477242
7.21205e-11	-0.000477087
7.21599e-11	-0.000476929
7.21992e-11	-0.00047677
7.22386e-11	-0.000476608
7.22779e-11	-0.000476445
7.23173e-11	-0.000476279
7.23566e-11	-0.000476111
7.2396e-11	-0.000475941
7.24354e-11	-0.000475769
7.24747e-11	-0.000475595
7.25141e-11	-0.000475419
7.25534e-11	-0.00047524
7.25928e-11	-0.00047506
7.26321e-11	-0.000474877
7.26715e-11	-0.000474692
7.27108e-11	-0.000474505
7.27502e-11	-0.000474316
7.27896e-11	-0.000474125
7.28289e-11	-0.000473931
7.28683e-11	-0.000473736
7.29076e-11	-0.000473538
7.2947e-11	-0.000473338
7.29863e-11	-0.000473136
7.30257e-11	-0.000472932
7.30651e-11	-0.000472726
7.31044e-11	-0.000472517
7.31438e-11	-0.000472307
7.31831e-11	-0.000472094
7.32225e-11	-0.000471879
7.32618e-11	-0.000471662
7.33012e-11	-0.000471443
7.33405e-11	-0.000471221
7.33799e-11	-0.000470998
7.34193e-11	-0.000470772
7.34586e-11	-0.000470544
7.3498e-11	-0.000470314
7.35373e-11	-0.000470081
7.35767e-11	-0.000469847
7.3616e-11	-0.00046961
7.36554e-11	-0.000469371
7.36948e-11	-0.00046913
7.37341e-11	-0.000468886
7.37735e-11	-0.000468641
7.38128e-11	-0.000468393
7.38522e-11	-0.000468143
7.38915e-11	-0.000467891
7.39309e-11	-0.000467637
7.39702e-11	-0.00046738
7.40096e-11	-0.000467121
7.4049e-11	-0.00046686
7.40883e-11	-0.000466597
7.41277e-11	-0.000466331
7.4167e-11	-0.000466064
7.42064e-11	-0.000465794
7.42457e-11	-0.000465522
7.42851e-11	-0.000465247
7.43245e-11	-0.000464971
7.43638e-11	-0.000464692
7.44032e-11	-0.000464411
7.44425e-11	-0.000464127
7.44819e-11	-0.000463842
7.45212e-11	-0.000463554
7.45606e-11	-0.000463264
7.46e-11	-0.000462971
7.46393e-11	-0.000462677
7.46787e-11	-0.00046238
7.4718e-11	-0.000462081
7.47574e-11	-0.000461779
7.47967e-11	-0.000461476
7.48361e-11	-0.00046117
7.48754e-11	-0.000460861
7.49148e-11	-0.000460551
7.49542e-11	-0.000460238
7.49935e-11	-0.000459923
7.50329e-11	-0.000459606
7.50722e-11	-0.000459286
7.51116e-11	-0.000458964
7.51509e-11	-0.00045864
7.51903e-11	-0.000458314
7.52297e-11	-0.000457985
7.5269e-11	-0.000457654
7.53084e-11	-0.000457321
7.53477e-11	-0.000456985
7.53871e-11	-0.000456647
7.54264e-11	-0.000456307
7.54658e-11	-0.000455964
7.55051e-11	-0.00045562
7.55445e-11	-0.000455273
7.55839e-11	-0.000454923
7.56232e-11	-0.000454571
7.56626e-11	-0.000454217
7.57019e-11	-0.000453861
7.57413e-11	-0.000453502
7.57806e-11	-0.000453141
7.582e-11	-0.000452778
7.58594e-11	-0.000452412
7.58987e-11	-0.000452044
7.59381e-11	-0.000451674
7.59774e-11	-0.000451301
7.60168e-11	-0.000450926
7.60561e-11	-0.000450549
7.60955e-11	-0.000450169
7.61348e-11	-0.000449787
7.61742e-11	-0.000449403
7.62136e-11	-0.000449016
7.62529e-11	-0.000448627
7.62923e-11	-0.000448235
7.63316e-11	-0.000447842
7.6371e-11	-0.000447446
7.64103e-11	-0.000447047
7.64497e-11	-0.000446646
7.64891e-11	-0.000446243
7.65284e-11	-0.000445838
7.65678e-11	-0.00044543
7.66071e-11	-0.000445019
7.66465e-11	-0.000444607
7.66858e-11	-0.000444192
7.67252e-11	-0.000443774
7.67645e-11	-0.000443354
7.68039e-11	-0.000442932
7.68433e-11	-0.000442508
7.68826e-11	-0.000442081
7.6922e-11	-0.000441652
7.69613e-11	-0.00044122
7.70007e-11	-0.000440786
7.704e-11	-0.000440349
7.70794e-11	-0.000439911
7.71188e-11	-0.000439469
7.71581e-11	-0.000439026
7.71975e-11	-0.00043858
7.72368e-11	-0.000438131
7.72762e-11	-0.000437681
7.73155e-11	-0.000437227
7.73549e-11	-0.000436772
7.73943e-11	-0.000436314
7.74336e-11	-0.000435853
7.7473e-11	-0.00043539
7.75123e-11	-0.000434925
7.75517e-11	-0.000434457
7.7591e-11	-0.000433987
7.76304e-11	-0.000433515
7.76697e-11	-0.00043304
7.77091e-11	-0.000432563
7.77485e-11	-0.000432083
7.77878e-11	-0.000431601
7.78272e-11	-0.000431116
7.78665e-11	-0.000430629
7.79059e-11	-0.000430139
7.79452e-11	-0.000429648
7.79846e-11	-0.000429153
7.8024e-11	-0.000428656
7.80633e-11	-0.000428157
7.81027e-11	-0.000427655
7.8142e-11	-0.000427151
7.81814e-11	-0.000426645
7.82207e-11	-0.000426136
7.82601e-11	-0.000425624
7.82994e-11	-0.00042511
7.83388e-11	-0.000424594
7.83782e-11	-0.000424075
7.84175e-11	-0.000423554
7.84569e-11	-0.00042303
7.84962e-11	-0.000422504
7.85356e-11	-0.000421976
7.85749e-11	-0.000421444
7.86143e-11	-0.000420911
7.86537e-11	-0.000420375
7.8693e-11	-0.000419836
7.87324e-11	-0.000419295
7.87717e-11	-0.000418752
7.88111e-11	-0.000418206
7.88504e-11	-0.000417658
7.88898e-11	-0.000417107
7.89291e-11	-0.000416554
7.89685e-11	-0.000415998
7.90079e-11	-0.00041544
7.90472e-11	-0.000414879
7.90866e-11	-0.000414316
7.91259e-11	-0.00041375
7.91653e-11	-0.000413182
7.92046e-11	-0.000412611
7.9244e-11	-0.000412038
7.92834e-11	-0.000411462
7.93227e-11	-0.000410884
7.93621e-11	-0.000410303
7.94014e-11	-0.00040972
7.94408e-11	-0.000409134
7.94801e-11	-0.000408546
7.95195e-11	-0.000407956
7.95589e-11	-0.000407362
7.95982e-11	-0.000406767
7.96376e-11	-0.000406169
7.96769e-11	-0.000405568
7.97163e-11	-0.000404965
7.97556e-11	-0.000404359
7.9795e-11	-0.000403751
7.98343e-11	-0.00040314
7.98737e-11	-0.000402527
7.99131e-11	-0.000401911
7.99524e-11	-0.000401293
7.99918e-11	-0.000400672
8.00311e-11	-0.000400049
8.00705e-11	-0.000399423
8.01098e-11	-0.000398794
8.01492e-11	-0.000398164
8.01886e-11	-0.00039753
8.02279e-11	-0.000396894
8.02673e-11	-0.000396256
8.03066e-11	-0.000395615
8.0346e-11	-0.000394971
8.03853e-11	-0.000394325
8.04247e-11	-0.000393677
8.0464e-11	-0.000393025
8.05034e-11	-0.000392372
8.05428e-11	-0.000391716
8.05821e-11	-0.000391057
8.06215e-11	-0.000390396
8.06608e-11	-0.000389732
8.07002e-11	-0.000389065
8.07395e-11	-0.000388396
8.07789e-11	-0.000387725
8.08183e-11	-0.000387051
8.08576e-11	-0.000386374
8.0897e-11	-0.000385695
8.09363e-11	-0.000385014
8.09757e-11	-0.000384329
8.1015e-11	-0.000383643
8.10544e-11	-0.000382953
8.10937e-11	-0.000382261
8.11331e-11	-0.000381567
8.11725e-11	-0.00038087
8.12118e-11	-0.00038017
8.12512e-11	-0.000379468
8.12905e-11	-0.000378764
8.13299e-11	-0.000378056
8.13692e-11	-0.000377347
8.14086e-11	-0.000376634
8.1448e-11	-0.000375919
8.14873e-11	-0.000375202
8.15267e-11	-0.000374482
8.1566e-11	-0.000373759
8.16054e-11	-0.000373034
8.16447e-11	-0.000372306
8.16841e-11	-0.000371576
8.17234e-11	-0.000370843
8.17628e-11	-0.000370107
8.18022e-11	-0.000369369
8.18415e-11	-0.000368628
8.18809e-11	-0.000367885
8.19202e-11	-0.000367139
8.19596e-11	-0.000366391
8.19989e-11	-0.00036564
8.20383e-11	-0.000364886
8.20777e-11	-0.00036413
8.2117e-11	-0.000363371
8.21564e-11	-0.00036261
8.21957e-11	-0.000361846
8.22351e-11	-0.000361079
8.22744e-11	-0.00036031
8.23138e-11	-0.000359539
8.23532e-11	-0.000358764
8.23925e-11	-0.000357987
8.24319e-11	-0.000357208
8.24712e-11	-0.000356426
8.25106e-11	-0.000355641
8.25499e-11	-0.000354854
8.25893e-11	-0.000354064
8.26286e-11	-0.000353271
8.2668e-11	-0.000352476
8.27074e-11	-0.000351679
8.27467e-11	-0.000350878
8.27861e-11	-0.000350076
8.28254e-11	-0.00034927
8.28648e-11	-0.000348462
8.29041e-11	-0.000347651
8.29435e-11	-0.000346838
8.29829e-11	-0.000346022
8.30222e-11	-0.000345204
8.30616e-11	-0.000344383
8.31009e-11	-0.000343559
8.31403e-11	-0.000342732
8.31796e-11	-0.000341904
8.3219e-11	-0.000341072
8.32583e-11	-0.000340238
8.32977e-11	-0.000339401
8.33371e-11	-0.000338562
8.33764e-11	-0.00033772
8.34158e-11	-0.000336875
8.34551e-11	-0.000336028
8.34945e-11	-0.000335178
8.35338e-11	-0.000334325
8.35732e-11	-0.00033347
8.36126e-11	-0.000332613
8.36519e-11	-0.000331752
8.36913e-11	-0.000330889
8.37306e-11	-0.000330024
8.377e-11	-0.000329156
8.38093e-11	-0.000328285
8.38487e-11	-0.000327411
8.3888e-11	-0.000326535
8.39274e-11	-0.000325657
8.39668e-11	-0.000324775
8.40061e-11	-0.000323892
8.40455e-11	-0.000323005
8.40848e-11	-0.000322116
8.41242e-11	-0.000321224
8.41635e-11	-0.00032033
8.42029e-11	-0.000319433
8.42423e-11	-0.000318533
8.42816e-11	-0.000317631
8.4321e-11	-0.000316726
8.43603e-11	-0.000315818
8.43997e-11	-0.000314908
8.4439e-11	-0.000313995
8.44784e-11	-0.00031308
8.45177e-11	-0.000312162
8.45571e-11	-0.000311241
8.45965e-11	-0.000310317
8.46358e-11	-0.000309392
8.46752e-11	-0.000308463
8.47145e-11	-0.000307532
8.47539e-11	-0.000306598
8.47932e-11	-0.000305661
8.48326e-11	-0.000304722
8.4872e-11	-0.00030378
8.49113e-11	-0.000302836
8.49507e-11	-0.000301889
8.499e-11	-0.000300939
8.50294e-11	-0.000299987
8.50687e-11	-0.000299032
8.51081e-11	-0.000298074
8.51475e-11	-0.000297114
8.51868e-11	-0.000296151
8.52262e-11	-0.000295186
8.52655e-11	-0.000294218
8.53049e-11	-0.000293247
8.53442e-11	-0.000292273
8.53836e-11	-0.000291297
8.54229e-11	-0.000290319
8.54623e-11	-0.000289337
8.55017e-11	-0.000288353
8.5541e-11	-0.000287367
8.55804e-11	-0.000286377
8.56197e-11	-0.000285385
8.56591e-11	-0.000284391
8.56984e-11	-0.000283394
8.57378e-11	-0.000282394
8.57772e-11	-0.000281391
8.58165e-11	-0.000280386
8.58559e-11	-0.000279379
8.58952e-11	-0.000278368
8.59346e-11	-0.000277355
8.59739e-11	-0.00027634
8.60133e-11	-0.000275321
8.60526e-11	-0.0002743
8.6092e-11	-0.000273277
8.61314e-11	-0.000272251
8.61707e-11	-0.000271222
8.62101e-11	-0.00027019
8.62494e-11	-0.000269156
8.62888e-11	-0.000268119
8.63281e-11	-0.00026708
8.63675e-11	-0.000266038
8.64069e-11	-0.000264993
8.64462e-11	-0.000263946
8.64856e-11	-0.000262896
8.65249e-11	-0.000261843
8.65643e-11	-0.000260788
8.66036e-11	-0.00025973
8.6643e-11	-0.000258669
8.66823e-11	-0.000257606
8.67217e-11	-0.00025654
8.67611e-11	-0.000255472
8.68004e-11	-0.000254401
8.68398e-11	-0.000253327
8.68791e-11	-0.00025225
8.69185e-11	-0.000251171
8.69578e-11	-0.00025009
8.69972e-11	-0.000249005
8.70366e-11	-0.000247918
8.70759e-11	-0.000246829
8.71153e-11	-0.000245737
8.71546e-11	-0.000244642
8.7194e-11	-0.000243544
8.72333e-11	-0.000242444
8.72727e-11	-0.000241341
8.73121e-11	-0.000240236
8.73514e-11	-0.000239128
8.73908e-11	-0.000238017
8.74301e-11	-0.000236904
8.74695e-11	-0.000235788
8.75088e-11	-0.000234669
8.75482e-11	-0.000233548
8.75875e-11	-0.000232424
8.76269e-11	-0.000231298
8.76663e-11	-0.000230168
8.77056e-11	-0.000229037
8.7745e-11	-0.000227902
8.77843e-11	-0.000226765
8.78237e-11	-0.000225625
8.7863e-11	-0.000224483
8.79024e-11	-0.000223338
8.79418e-11	-0.000222191
8.79811e-11	-0.00022104
8.80205e-11	-0.000219888
8.80598e-11	-0.000218732
8.80992e-11	-0.000217574
8.81385e-11	-0.000216413
8.81779e-11	-0.00021525
8.82172e-11	-0.000214084
8.82566e-11	-0.000212915
8.8296e-11	-0.000211744
8.83353e-11	-0.00021057
8.83747e-11	-0.000209394
8.8414e-11	-0.000208215
8.84534e-11	-0.000207033
8.84927e-11	-0.000205848
8.85321e-11	-0.000204661
8.85715e-11	-0.000203472
8.86108e-11	-0.00020228
8.86502e-11	-0.000201085
8.86895e-11	-0.000199887
8.87289e-11	-0.000198687
8.87682e-11	-0.000197484
8.88076e-11	-0.000196279
8.88469e-11	-0.000195071
8.88863e-11	-0.000193861
8.89257e-11	-0.000192647
8.8965e-11	-0.000191432
8.90044e-11	-0.000190213
8.90437e-11	-0.000188992
8.90831e-11	-0.000187769
8.91224e-11	-0.000186542
8.91618e-11	-0.000185313
8.92012e-11	-0.000184082
8.92405e-11	-0.000182848
8.92799e-11	-0.000181611
8.93192e-11	-0.000180372
8.93586e-11	-0.00017913
8.93979e-11	-0.000177885
8.94373e-11	-0.000176638
8.94766e-11	-0.000175389
8.9516e-11	-0.000174136
8.95554e-11	-0.000172881
8.95947e-11	-0.000171624
8.96341e-11	-0.000170364
8.96734e-11	-0.000169101
8.97128e-11	-0.000167835
8.97521e-11	-0.000166568
8.97915e-11	-0.000165297
8.98309e-11	-0.000164024
8.98702e-11	-0.000162748
8.99096e-11	-0.00016147
8.99489e-11	-0.000160189
8.99883e-11	-0.000158905
9.00276e-11	-0.000157619
9.0067e-11	-0.000156331
9.01064e-11	-0.000155039
9.01457e-11	-0.000153745
9.01851e-11	-0.000152449
9.02244e-11	-0.00015115
9.02638e-11	-0.000149848
9.03031e-11	-0.000148544
9.03425e-11	-0.000147237
9.03818e-11	-0.000145928
9.04212e-11	-0.000144616
9.04606e-11	-0.000143301
9.04999e-11	-0.000141984
9.05393e-11	-0.000140665
9.05786e-11	-0.000139342
9.0618e-11	-0.000138018
9.06573e-11	-0.00013669
9.06967e-11	-0.00013536
9.07361e-11	-0.000134028
9.07754e-11	-0.000132693
9.08148e-11	-0.000131355
9.08541e-11	-0.000130015
9.08935e-11	-0.000128672
9.09328e-11	-0.000127326
9.09722e-11	-0.000125978
9.10115e-11	-0.000124628
9.10509e-11	-0.000123275
9.10903e-11	-0.000121919
9.11296e-11	-0.000120561
9.1169e-11	-0.0001192
9.12083e-11	-0.000117837
9.12477e-11	-0.000116471
9.1287e-11	-0.000115103
9.13264e-11	-0.000113732
9.13658e-11	-0.000112359
9.14051e-11	-0.000110982
9.14445e-11	-0.000109604
9.14838e-11	-0.000108223
9.15232e-11	-0.000106839
9.15625e-11	-0.000105453
9.16019e-11	-0.000104064
9.16412e-11	-0.000102673
9.16806e-11	-0.000101279
9.172e-11	-9.98828e-05
9.17593e-11	-9.84839e-05
9.17987e-11	-9.70825e-05
9.1838e-11	-9.56786e-05
9.18774e-11	-9.42721e-05
9.19167e-11	-9.28631e-05
9.19561e-11	-9.14516e-05
9.19955e-11	-9.00376e-05
9.20348e-11	-8.8621e-05
9.20742e-11	-8.72019e-05
9.21135e-11	-8.57804e-05
9.21529e-11	-8.43562e-05
9.21922e-11	-8.29296e-05
9.22316e-11	-8.15005e-05
9.22709e-11	-8.00689e-05
9.23103e-11	-7.86347e-05
9.23497e-11	-7.7198e-05
9.2389e-11	-7.57589e-05
9.24284e-11	-7.43172e-05
9.24677e-11	-7.2873e-05
9.25071e-11	-7.14264e-05
9.25464e-11	-6.99772e-05
9.25858e-11	-6.85255e-05
9.26252e-11	-6.70714e-05
9.26645e-11	-6.56147e-05
9.27039e-11	-6.41556e-05
9.27432e-11	-6.2694e-05
9.27826e-11	-6.12299e-05
9.28219e-11	-5.97633e-05
9.28613e-11	-5.82942e-05
9.29007e-11	-5.68226e-05
9.294e-11	-5.53486e-05
9.29794e-11	-5.38721e-05
9.30187e-11	-5.23931e-05
9.30581e-11	-5.09116e-05
9.30974e-11	-4.94277e-05
9.31368e-11	-4.79413e-05
9.31761e-11	-4.64524e-05
9.32155e-11	-4.49611e-05
9.32549e-11	-4.34673e-05
9.32942e-11	-4.19711e-05
9.33336e-11	-4.04723e-05
9.33729e-11	-3.89712e-05
9.34123e-11	-3.74676e-05
9.34516e-11	-3.59615e-05
9.3491e-11	-3.4453e-05
9.35304e-11	-3.2942e-05
9.35697e-11	-3.14286e-05
9.36091e-11	-2.99127e-05
9.36484e-11	-2.83944e-05
9.36878e-11	-2.68737e-05
9.37271e-11	-2.53505e-05
9.37665e-11	-2.38249e-05
9.38058e-11	-2.22969e-05
9.38452e-11	-2.07664e-05
9.38846e-11	-1.92335e-05
9.39239e-11	-1.76982e-05
9.39633e-11	-1.61604e-05
9.40026e-11	-1.46203e-05
9.4042e-11	-1.30777e-05
9.40813e-11	-1.15327e-05
9.41207e-11	-9.9853e-06
9.41601e-11	-8.43548e-06
9.41994e-11	-6.88326e-06
9.42388e-11	-5.32862e-06
9.42781e-11	-3.77158e-06
9.43175e-11	-2.21215e-06
9.43568e-11	-6.5031e-07
9.43962e-11	9.13923e-07
9.44355e-11	2.48055e-06
9.44749e-11	4.04957e-06
9.45143e-11	5.62097e-06
9.45536e-11	7.19477e-06
9.4593e-11	8.77094e-06
9.46323e-11	1.03495e-05
9.46717e-11	1.19304e-05
9.4711e-11	1.35138e-05
9.47504e-11	1.50994e-05
9.47898e-11	1.66875e-05
9.48291e-11	1.82779e-05
9.48685e-11	1.98707e-05
9.49078e-11	2.14659e-05
9.49472e-11	2.30634e-05
9.49865e-11	2.46632e-05
9.50259e-11	2.62655e-05
9.50652e-11	2.78701e-05
9.51046e-11	2.9477e-05
9.5144e-11	3.10863e-05
9.51833e-11	3.26979e-05
9.52227e-11	3.43118e-05
9.5262e-11	3.59281e-05
9.53014e-11	3.75468e-05
9.53407e-11	3.91677e-05
9.53801e-11	4.0791e-05
9.54195e-11	4.24167e-05
9.54588e-11	4.40446e-05
9.54982e-11	4.56749e-05
9.55375e-11	4.73075e-05
9.55769e-11	4.89424e-05
9.56162e-11	5.05796e-05
9.56556e-11	5.22192e-05
9.5695e-11	5.3861e-05
9.57343e-11	5.55051e-05
9.57737e-11	5.71516e-05
9.5813e-11	5.88003e-05
9.58524e-11	6.04514e-05
9.58917e-11	6.21047e-05
9.59311e-11	6.37603e-05
9.59704e-11	6.54183e-05
9.60098e-11	6.70784e-05
9.60492e-11	6.87409e-05
9.60885e-11	7.04057e-05
9.61279e-11	7.20727e-05
9.61672e-11	7.3742e-05
9.62066e-11	7.54136e-05
9.62459e-11	7.70874e-05
9.62853e-11	7.87635e-05
9.63247e-11	8.04419e-05
9.6364e-11	8.21225e-05
9.64034e-11	8.38053e-05
9.64427e-11	8.54905e-05
9.64821e-11	8.71778e-05
9.65214e-11	8.88674e-05
9.65608e-11	9.05593e-05
9.66001e-11	9.22534e-05
9.66395e-11	9.39497e-05
9.66789e-11	9.56482e-05
9.67182e-11	9.7349e-05
9.67576e-11	9.9052e-05
9.67969e-11	0.000100757
9.68363e-11	0.000102465
9.68756e-11	0.000104174
9.6915e-11	0.000105886
9.69544e-11	0.0001076
9.69937e-11	0.000109317
9.70331e-11	0.000111035
9.70724e-11	0.000112756
9.71118e-11	0.000114479
9.71511e-11	0.000116204
9.71905e-11	0.000117931
9.72298e-11	0.00011966
9.72692e-11	0.000121392
9.73086e-11	0.000123126
9.73479e-11	0.000124862
9.73873e-11	0.0001266
9.74266e-11	0.00012834
9.7466e-11	0.000130083
9.75053e-11	0.000131827
9.75447e-11	0.000133574
9.75841e-11	0.000135323
9.76234e-11	0.000137074
9.76628e-11	0.000138827
9.77021e-11	0.000140583
9.77415e-11	0.00014234
9.77808e-11	0.0001441
9.78202e-11	0.000145861
9.78596e-11	0.000147625
9.78989e-11	0.000149391
9.79383e-11	0.000151159
9.79776e-11	0.00015293
9.8017e-11	0.000154702
9.80563e-11	0.000156477
9.80957e-11	0.000158253
9.8135e-11	0.000160032
9.81744e-11	0.000161813
9.82138e-11	0.000163596
9.82531e-11	0.00016538
9.82925e-11	0.000167168
9.83318e-11	0.000168957
9.83712e-11	0.000170748
9.84105e-11	0.000172541
9.84499e-11	0.000174336
9.84893e-11	0.000176134
9.85286e-11	0.000177933
9.8568e-11	0.000179735
9.86073e-11	0.000181539
9.86467e-11	0.000183344
9.8686e-11	0.000185152
9.87254e-11	0.000186962
9.87647e-11	0.000188773
9.88041e-11	0.000190587
9.88435e-11	0.000192403
9.88828e-11	0.000194221
9.89222e-11	0.000196041
9.89615e-11	0.000197863
9.90009e-11	0.000199687
9.90402e-11	0.000201513
9.90796e-11	0.000203341
9.9119e-11	0.000205171
9.91583e-11	0.000207003
9.91977e-11	0.000208836
9.9237e-11	0.000210672
9.92764e-11	0.00021251
9.93157e-11	0.00021435
9.93551e-11	0.000216192
9.93944e-11	0.000218036
9.94338e-11	0.000219882
9.94732e-11	0.00022173
9.95125e-11	0.000223579
9.95519e-11	0.000225431
9.95912e-11	0.000227285
9.96306e-11	0.00022914
9.96699e-11	0.000230998
9.97093e-11	0.000232857
9.97487e-11	0.000234719
9.9788e-11	0.000236582
9.98274e-11	0.000238447
9.98667e-11	0.000240315
9.99061e-11	0.000242184
9.99454e-11	0.000244055
9.99848e-11	0.000245928
1.00024e-10	0.000247803
1.00064e-10	0.000249679
1.00103e-10	0.000251558
1.00142e-10	0.000253439
1.00182e-10	0.000255321
1.00221e-10	0.000257205
1.0026e-10	0.000259092
1.003e-10	0.00026098
1.00339e-10	0.00026287
1.00378e-10	0.000264761
1.00418e-10	0.000266655
1.00457e-10	0.000268551
1.00496e-10	0.000270448
1.00536e-10	0.000272347
1.00575e-10	0.000274248
1.00614e-10	0.000276151
1.00654e-10	0.000278056
1.00693e-10	0.000279962
1.00733e-10	0.000281871
1.00772e-10	0.000283781
1.00811e-10	0.000285693
1.00851e-10	0.000287607
1.0089e-10	0.000289522
1.00929e-10	0.00029144
1.00969e-10	0.000293359
1.01008e-10	0.00029528
1.01047e-10	0.000297203
1.01087e-10	0.000299127
1.01126e-10	0.000301054
1.01165e-10	0.000302982
1.01205e-10	0.000304912
1.01244e-10	0.000306843
1.01284e-10	0.000308777
1.01323e-10	0.000310712
1.01362e-10	0.000312649
1.01402e-10	0.000314587
1.01441e-10	0.000316528
1.0148e-10	0.00031847
1.0152e-10	0.000320414
1.01559e-10	0.000322359
1.01598e-10	0.000324306
1.01638e-10	0.000326255
1.01677e-10	0.000328206
1.01716e-10	0.000330158
1.01756e-10	0.000332113
1.01795e-10	0.000334068
1.01835e-10	0.000336026
1.01874e-10	0.000337985
1.01913e-10	0.000339946
1.01953e-10	0.000341908
1.01992e-10	0.000343872
1.02031e-10	0.000345838
1.02071e-10	0.000347806
1.0211e-10	0.000349775
1.02149e-10	0.000351746
1.02189e-10	0.000353718
1.02228e-10	0.000355692
1.02267e-10	0.000357668
1.02307e-10	0.000359645
1.02346e-10	0.000361624
1.02386e-10	0.000363604
1.02425e-10	0.000365586
1.02464e-10	0.00036757
1.02504e-10	0.000369556
1.02543e-10	0.000371542
1.02582e-10	0.000373531
1.02622e-10	0.000375521
1.02661e-10	0.000377513
1.027e-10	0.000379506
1.0274e-10	0.000381501
1.02779e-10	0.000383497
1.02818e-10	0.000385495
1.02858e-10	0.000387495
1.02897e-10	0.000389496
1.02937e-10	0.000391498
1.02976e-10	0.000393502
1.03015e-10	0.000395508
1.03055e-10	0.000397515
1.03094e-10	0.000399524
1.03133e-10	0.000401534
1.03173e-10	0.000403545
1.03212e-10	0.000405559
1.03251e-10	0.000407573
1.03291e-10	0.000409589
1.0333e-10	0.000411607
1.03369e-10	0.000413626
1.03409e-10	0.000415647
1.03448e-10	0.000417669
1.03488e-10	0.000419692
1.03527e-10	0.000421717
1.03566e-10	0.000423744
1.03606e-10	0.000425771
1.03645e-10	0.000427801
1.03684e-10	0.000429831
1.03724e-10	0.000431864
1.03763e-10	0.000433897
1.03802e-10	0.000435932
1.03842e-10	0.000437969
1.03881e-10	0.000440006
1.0392e-10	0.000442046
1.0396e-10	0.000444086
1.03999e-10	0.000446128
1.04038e-10	0.000448171
1.04078e-10	0.000450216
1.04117e-10	0.000452262
1.04157e-10	0.00045431
1.04196e-10	0.000456358
1.04235e-10	0.000458409
1.04275e-10	0.00046046
1.04314e-10	0.000462513
1.04353e-10	0.000464567
1.04393e-10	0.000466623
1.04432e-10	0.000468679
1.04471e-10	0.000470738
1.04511e-10	0.000472797
1.0455e-10	0.000474858
1.04589e-10	0.00047692
1.04629e-10	0.000478983
1.04668e-10	0.000481048
1.04708e-10	0.000483114
1.04747e-10	0.000485181
1.04786e-10	0.000487249
1.04826e-10	0.000489319
1.04865e-10	0.00049139
1.04904e-10	0.000493462
1.04944e-10	0.000495535
1.04983e-10	0.00049761
1.05022e-10	0.000499686
1.05062e-10	0.000501763
1.05101e-10	0.000503841
1.0514e-10	0.000505921
1.0518e-10	0.000508002
1.05219e-10	0.000510083
1.05259e-10	0.000512167
1.05298e-10	0.000514251
1.05337e-10	0.000516336
1.05377e-10	0.000518423
1.05416e-10	0.000520511
1.05455e-10	0.0005226
1.05495e-10	0.00052469
1.05534e-10	0.000526781
1.05573e-10	0.000528874
1.05613e-10	0.000530967
1.05652e-10	0.000533062
1.05691e-10	0.000535158
1.05731e-10	0.000537255
1.0577e-10	0.000539353
1.0581e-10	0.000541452
1.05849e-10	0.000543552
1.05888e-10	0.000545653
1.05928e-10	0.000547756
1.05967e-10	0.000549859
1.06006e-10	0.000551964
1.06046e-10	0.000554069
1.06085e-10	0.000556176
1.06124e-10	0.000558283
1.06164e-10	0.000560392
1.06203e-10	0.000562502
1.06242e-10	0.000564613
1.06282e-10	0.000566725
1.06321e-10	0.000568837
1.06361e-10	0.000570951
1.064e-10	0.000573066
1.06439e-10	0.000575182
1.06479e-10	0.000577299
1.06518e-10	0.000579417
1.06557e-10	0.000581535
1.06597e-10	0.000583655
1.06636e-10	0.000585776
1.06675e-10	0.000587897
1.06715e-10	0.00059002
1.06754e-10	0.000592144
1.06793e-10	0.000594268
1.06833e-10	0.000596394
1.06872e-10	0.00059852
1.06912e-10	0.000600647
1.06951e-10	0.000602775
1.0699e-10	0.000604904
1.0703e-10	0.000607034
1.07069e-10	0.000609165
1.07108e-10	0.000611297
1.07148e-10	0.000613429
1.07187e-10	0.000615563
1.07226e-10	0.000617697
1.07266e-10	0.000619832
1.07305e-10	0.000621968
1.07344e-10	0.000624105
1.07384e-10	0.000626243
1.07423e-10	0.000628381
1.07462e-10	0.000630521
1.07502e-10	0.000632661
1.07541e-10	0.000634802
1.07581e-10	0.000636943
1.0762e-10	0.000639086
1.07659e-10	0.000641229
1.07699e-10	0.000643373
1.07738e-10	0.000645518
1.07777e-10	0.000647663
1.07817e-10	0.00064981
1.07856e-10	0.000651957
1.07895e-10	0.000654105
1.07935e-10	0.000656253
1.07974e-10	0.000658402
1.08013e-10	0.000660552
1.08053e-10	0.000662703
1.08092e-10	0.000664854
1.08132e-10	0.000667006
1.08171e-10	0.000669159
1.0821e-10	0.000671313
1.0825e-10	0.000673467
1.08289e-10	0.000675622
1.08328e-10	0.000677777
1.08368e-10	0.000679933
1.08407e-10	0.00068209
1.08446e-10	0.000684247
1.08486e-10	0.000686405
1.08525e-10	0.000688564
1.08564e-10	0.000690723
1.08604e-10	0.000692883
1.08643e-10	0.000695043
1.08683e-10	0.000697204
1.08722e-10	0.000699366
1.08761e-10	0.000701528
1.08801e-10	0.00070369
1.0884e-10	0.000705854
1.08879e-10	0.000708017
1.08919e-10	0.000710182
1.08958e-10	0.000712347
1.08997e-10	0.000714512
1.09037e-10	0.000716678
1.09076e-10	0.000718845
1.09115e-10	0.000721012
1.09155e-10	0.000723179
1.09194e-10	0.000725347
1.09234e-10	0.000727515
1.09273e-10	0.000729684
1.09312e-10	0.000731854
1.09352e-10	0.000734024
1.09391e-10	0.000736194
1.0943e-10	0.000738365
1.0947e-10	0.000740536
1.09509e-10	0.000742707
1.09548e-10	0.000744879
1.09588e-10	0.000747052
1.09627e-10	0.000749225
1.09666e-10	0.000751398
1.09706e-10	0.000753572
1.09745e-10	0.000755746
1.09785e-10	0.00075792
1.09824e-10	0.000760095
1.09863e-10	0.00076227
1.09903e-10	0.000764445
1.09942e-10	0.000766621
1.09981e-10	0.000768797
1.10021e-10	0.000770974
1.1006e-10	0.000773151
1.10099e-10	0.000775328
1.10139e-10	0.000777505
1.10178e-10	0.000779683
1.10217e-10	0.000781861
1.10257e-10	0.000784039
1.10296e-10	0.000786218
1.10336e-10	0.000788396
1.10375e-10	0.000790575
1.10414e-10	0.000792755
1.10454e-10	0.000794934
1.10493e-10	0.000797114
1.10532e-10	0.000799294
1.10572e-10	0.000801474
1.10611e-10	0.000803655
1.1065e-10	0.000805835
1.1069e-10	0.000808016
1.10729e-10	0.000810197
1.10768e-10	0.000812378
1.10808e-10	0.000814559
1.10847e-10	0.000816741
1.10887e-10	0.000818922
1.10926e-10	0.000821104
1.10965e-10	0.000823286
1.11005e-10	0.000825468
1.11044e-10	0.00082765
1.11083e-10	0.000829832
1.11123e-10	0.000832015
1.11162e-10	0.000834197
1.11201e-10	0.00083638
1.11241e-10	0.000838562
1.1128e-10	0.000840745
1.11319e-10	0.000842928
1.11359e-10	0.00084511
1.11398e-10	0.000847293
1.11437e-10	0.000849476
1.11477e-10	0.000851659
1.11516e-10	0.000853842
1.11556e-10	0.000856025
1.11595e-10	0.000858207
1.11634e-10	0.00086039
1.11674e-10	0.000862573
1.11713e-10	0.000864756
1.11752e-10	0.000866939
1.11792e-10	0.000869121
1.11831e-10	0.000871304
1.1187e-10	0.000873487
1.1191e-10	0.000875669
1.11949e-10	0.000877852
1.11988e-10	0.000880034
1.12028e-10	0.000882216
1.12067e-10	0.000884399
1.12107e-10	0.000886581
1.12146e-10	0.000888763
1.12185e-10	0.000890944
1.12225e-10	0.000893126
1.12264e-10	0.000895308
1.12303e-10	0.000897489
1.12343e-10	0.00089967
1.12382e-10	0.000901851
1.12421e-10	0.000904032
1.12461e-10	0.000906213
1.125e-10	0.000908393
1.12539e-10	0.000910573
1.12579e-10	0.000912753
1.12618e-10	0.000914933
1.12658e-10	0.000917113
1.12697e-10	0.000919292
1.12736e-10	0.000921471
1.12776e-10	0.00092365
1.12815e-10	0.000925829
1.12854e-10	0.000928007
1.12894e-10	0.000930185
1.12933e-10	0.000932363
1.12972e-10	0.00093454
1.13012e-10	0.000936717
1.13051e-10	0.000938894
1.1309e-10	0.00094107
1.1313e-10	0.000943246
1.13169e-10	0.000945422
1.13209e-10	0.000947597
1.13248e-10	0.000949772
1.13287e-10	0.000951947
1.13327e-10	0.000954121
1.13366e-10	0.000956295
1.13405e-10	0.000958468
1.13445e-10	0.000960641
1.13484e-10	0.000962814
1.13523e-10	0.000964986
1.13563e-10	0.000967158
1.13602e-10	0.000969329
1.13641e-10	0.0009715
1.13681e-10	0.00097367
1.1372e-10	0.00097584
1.1376e-10	0.00097801
1.13799e-10	0.000980178
1.13838e-10	0.000982347
1.13878e-10	0.000984515
1.13917e-10	0.000986682
1.13956e-10	0.000988849
1.13996e-10	0.000991015
1.14035e-10	0.000993181
1.14074e-10	0.000995346
1.14114e-10	0.000997511
1.14153e-10	0.000999675
1.14192e-10	0.00100184
1.14232e-10	0.001004
1.14271e-10	0.00100616
1.14311e-10	0.00100833
1.1435e-10	0.00101049
1.14389e-10	0.00101265
1.14429e-10	0.00101481
1.14468e-10	0.00101697
1.14507e-10	0.00101912
1.14547e-10	0.00102128
1.14586e-10	0.00102344
1.14625e-10	0.00102559
1.14665e-10	0.00102775
1.14704e-10	0.00102991
1.14743e-10	0.00103206
1.14783e-10	0.00103421
1.14822e-10	0.00103637
1.14861e-10	0.00103852
1.14901e-10	0.00104067
1.1494e-10	0.00104282
1.1498e-10	0.00104497
1.15019e-10	0.00104712
1.15058e-10	0.00104927
1.15098e-10	0.00105141
1.15137e-10	0.00105356
1.15176e-10	0.00105571
1.15216e-10	0.00105785
1.15255e-10	0.00106
1.15294e-10	0.00106214
1.15334e-10	0.00106428
1.15373e-10	0.00106642
1.15412e-10	0.00106856
1.15452e-10	0.0010707
1.15491e-10	0.00107284
1.15531e-10	0.00107498
1.1557e-10	0.00107712
1.15609e-10	0.00107925
1.15649e-10	0.00108139
1.15688e-10	0.00108352
1.15727e-10	0.00108566
1.15767e-10	0.00108779
1.15806e-10	0.00108992
1.15845e-10	0.00109205
1.15885e-10	0.00109418
1.15924e-10	0.00109631
1.15963e-10	0.00109843
1.16003e-10	0.00110056
1.16042e-10	0.00110269
1.16082e-10	0.00110481
1.16121e-10	0.00110693
1.1616e-10	0.00110906
1.162e-10	0.00111118
1.16239e-10	0.0011133
1.16278e-10	0.00111542
1.16318e-10	0.00111753
1.16357e-10	0.00111965
1.16396e-10	0.00112177
1.16436e-10	0.00112388
1.16475e-10	0.00112599
1.16514e-10	0.00112811
1.16554e-10	0.00113022
1.16593e-10	0.00113233
1.16633e-10	0.00113444
1.16672e-10	0.00113654
1.16711e-10	0.00113865
1.16751e-10	0.00114075
1.1679e-10	0.00114286
1.16829e-10	0.00114496
1.16869e-10	0.00114706
1.16908e-10	0.00114916
1.16947e-10	0.00115126
1.16987e-10	0.00115336
1.17026e-10	0.00115545
1.17065e-10	0.00115755
1.17105e-10	0.00115964
1.17144e-10	0.00116174
1.17184e-10	0.00116383
1.17223e-10	0.00116592
1.17262e-10	0.001168
1.17302e-10	0.00117009
1.17341e-10	0.00117218
1.1738e-10	0.00117426
1.1742e-10	0.00117634
1.17459e-10	0.00117843
1.17498e-10	0.00118051
1.17538e-10	0.00118259
1.17577e-10	0.00118466
1.17616e-10	0.00118674
1.17656e-10	0.00118881
1.17695e-10	0.00119089
1.17735e-10	0.00119296
1.17774e-10	0.00119503
1.17813e-10	0.0011971
1.17853e-10	0.00119916
1.17892e-10	0.00120123
1.17931e-10	0.00120329
1.17971e-10	0.00120536
1.1801e-10	0.00120742
1.18049e-10	0.00120948
1.18089e-10	0.00121153
1.18128e-10	0.00121359
1.18167e-10	0.00121565
1.18207e-10	0.0012177
1.18246e-10	0.00121975
1.18285e-10	0.0012218
1.18325e-10	0.00122385
1.18364e-10	0.0012259
1.18404e-10	0.00122794
1.18443e-10	0.00122998
1.18482e-10	0.00123203
1.18522e-10	0.00123407
1.18561e-10	0.0012361
1.186e-10	0.00123814
1.1864e-10	0.00124018
1.18679e-10	0.00124221
1.18718e-10	0.00124424
1.18758e-10	0.00124627
1.18797e-10	0.0012483
1.18836e-10	0.00125033
1.18876e-10	0.00125235
1.18915e-10	0.00125437
1.18955e-10	0.0012564
1.18994e-10	0.00125842
1.19033e-10	0.00126043
1.19073e-10	0.00126245
1.19112e-10	0.00126446
1.19151e-10	0.00126647
1.19191e-10	0.00126849
1.1923e-10	0.00127049
1.19269e-10	0.0012725
1.19309e-10	0.00127451
1.19348e-10	0.00127651
1.19387e-10	0.00127851
1.19427e-10	0.00128051
1.19466e-10	0.00128251
1.19506e-10	0.0012845
1.19545e-10	0.00128649
1.19584e-10	0.00128849
1.19624e-10	0.00129047
1.19663e-10	0.00129246
1.19702e-10	0.00129445
1.19742e-10	0.00129643
1.19781e-10	0.00129841
1.1982e-10	0.00130039
1.1986e-10	0.00130237
1.19899e-10	0.00130434
1.19938e-10	0.00130632
1.19978e-10	0.00130829
1.20017e-10	0.00131026
1.20057e-10	0.00131223
1.20096e-10	0.00131419
1.20135e-10	0.00131615
1.20175e-10	0.00131811
1.20214e-10	0.00132007
1.20253e-10	0.00132203
1.20293e-10	0.00132398
1.20332e-10	0.00132594
1.20371e-10	0.00132789
1.20411e-10	0.00132983
1.2045e-10	0.00133178
1.20489e-10	0.00133372
1.20529e-10	0.00133567
1.20568e-10	0.0013376
1.20608e-10	0.00133954
1.20647e-10	0.00134148
1.20686e-10	0.00134341
1.20726e-10	0.00134534
1.20765e-10	0.00134727
1.20804e-10	0.00134919
1.20844e-10	0.00135112
1.20883e-10	0.00135304
1.20922e-10	0.00135496
1.20962e-10	0.00135687
1.21001e-10	0.00135879
1.2104e-10	0.0013607
1.2108e-10	0.00136261
1.21119e-10	0.00136452
1.21159e-10	0.00136642
1.21198e-10	0.00136832
1.21237e-10	0.00137022
1.21277e-10	0.00137212
1.21316e-10	0.00137402
1.21355e-10	0.00137591
1.21395e-10	0.0013778
1.21434e-10	0.00137969
1.21473e-10	0.00138157
1.21513e-10	0.00138346
1.21552e-10	0.00138534
1.21591e-10	0.00138721
1.21631e-10	0.00138909
1.2167e-10	0.00139096
1.21709e-10	0.00139283
1.21749e-10	0.0013947
1.21788e-10	0.00139657
1.21828e-10	0.00139843
1.21867e-10	0.00140029
1.21906e-10	0.00140215
1.21946e-10	0.001404
1.21985e-10	0.00140585
1.22024e-10	0.0014077
1.22064e-10	0.00140955
1.22103e-10	0.00141139
1.22142e-10	0.00141324
1.22182e-10	0.00141508
1.22221e-10	0.00141691
1.2226e-10	0.00141875
1.223e-10	0.00142058
1.22339e-10	0.00142241
1.22379e-10	0.00142423
1.22418e-10	0.00142605
1.22457e-10	0.00142788
1.22497e-10	0.00142969
1.22536e-10	0.00143151
1.22575e-10	0.00143332
1.22615e-10	0.00143513
1.22654e-10	0.00143694
1.22693e-10	0.00143874
1.22733e-10	0.00144054
1.22772e-10	0.00144234
1.22811e-10	0.00144413
1.22851e-10	0.00144593
1.2289e-10	0.00144772
1.2293e-10	0.0014495
1.22969e-10	0.00145129
1.23008e-10	0.00145307
1.23048e-10	0.00145484
1.23087e-10	0.00145662
1.23126e-10	0.00145839
1.23166e-10	0.00146016
1.23205e-10	0.00146193
1.23244e-10	0.00146369
1.23284e-10	0.00146545
1.23323e-10	0.00146721
1.23362e-10	0.00146896
1.23402e-10	0.00147071
1.23441e-10	0.00147246
1.23481e-10	0.00147421
1.2352e-10	0.00147595
1.23559e-10	0.00147769
1.23599e-10	0.00147943
1.23638e-10	0.00148116
1.23677e-10	0.00148289
1.23717e-10	0.00148462
1.23756e-10	0.00148634
1.23795e-10	0.00148806
1.23835e-10	0.00148978
1.23874e-10	0.00149149
1.23913e-10	0.0014932
1.23953e-10	0.00149491
1.23992e-10	0.00149662
1.24032e-10	0.00149832
1.24071e-10	0.00150002
1.2411e-10	0.00150171
1.2415e-10	0.00150341
1.24189e-10	0.0015051
1.24228e-10	0.00150678
1.24268e-10	0.00150846
1.24307e-10	0.00151014
1.24346e-10	0.00151182
1.24386e-10	0.00151349
1.24425e-10	0.00151516
1.24464e-10	0.00151683
1.24504e-10	0.00151849
1.24543e-10	0.00152015
1.24583e-10	0.00152181
1.24622e-10	0.00152346
1.24661e-10	0.00152511
1.24701e-10	0.00152676
1.2474e-10	0.0015284
1.24779e-10	0.00153004
1.24819e-10	0.00153167
1.24858e-10	0.00153331
1.24897e-10	0.00153493
1.24937e-10	0.00153656
1.24976e-10	0.00153818
1.25015e-10	0.0015398
1.25055e-10	0.00154142
1.25094e-10	0.00154303
1.25133e-10	0.00154464
1.25173e-10	0.00154624
1.25212e-10	0.00154784
1.25252e-10	0.00154944
1.25291e-10	0.00155104
1.2533e-10	0.00155263
1.2537e-10	0.00155421
1.25409e-10	0.0015558
1.25448e-10	0.00155738
1.25488e-10	0.00155895
1.25527e-10	0.00156053
1.25566e-10	0.0015621
1.25606e-10	0.00156366
1.25645e-10	0.00156522
1.25684e-10	0.00156678
1.25724e-10	0.00156834
1.25763e-10	0.00156989
1.25803e-10	0.00157143
1.25842e-10	0.00157298
1.25881e-10	0.00157452
1.25921e-10	0.00157605
1.2596e-10	0.00157759
1.25999e-10	0.00157912
1.26039e-10	0.00158064
1.26078e-10	0.00158216
1.26117e-10	0.00158368
1.26157e-10	0.00158519
1.26196e-10	0.0015867
1.26235e-10	0.00158821
1.26275e-10	0.00158971
1.26314e-10	0.00159121
1.26354e-10	0.0015927
1.26393e-10	0.00159419
1.26432e-10	0.00159568
1.26472e-10	0.00159716
1.26511e-10	0.00159864
1.2655e-10	0.00160012
1.2659e-10	0.00160159
1.26629e-10	0.00160306
1.26668e-10	0.00160452
1.26708e-10	0.00160598
1.26747e-10	0.00160743
1.26786e-10	0.00160889
1.26826e-10	0.00161033
1.26865e-10	0.00161178
1.26905e-10	0.00161322
1.26944e-10	0.00161465
1.26983e-10	0.00161608
1.27023e-10	0.00161751
1.27062e-10	0.00161893
1.27101e-10	0.00162035
1.27141e-10	0.00162177
1.2718e-10	0.00162318
1.27219e-10	0.00162459
1.27259e-10	0.00162599
1.27298e-10	0.00162739
1.27337e-10	0.00162878
1.27377e-10	0.00163017
1.27416e-10	0.00163156
1.27456e-10	0.00163294
1.27495e-10	0.00163432
1.27534e-10	0.0016357
1.27574e-10	0.00163707
1.27613e-10	0.00163843
1.27652e-10	0.00163979
1.27692e-10	0.00164115
1.27731e-10	0.0016425
1.2777e-10	0.00164385
1.2781e-10	0.0016452
1.27849e-10	0.00164654
1.27888e-10	0.00164787
1.27928e-10	0.0016492
1.27967e-10	0.00165053
1.28007e-10	0.00165185
1.28046e-10	0.00165317
1.28085e-10	0.00165449
1.28125e-10	0.0016558
1.28164e-10	0.0016571
1.28203e-10	0.0016584
1.28243e-10	0.0016597
1.28282e-10	0.00166099
1.28321e-10	0.00166228
1.28361e-10	0.00166356
1.284e-10	0.00166484
1.28439e-10	0.00166612
1.28479e-10	0.00166739
1.28518e-10	0.00166865
1.28557e-10	0.00166991
1.28597e-10	0.00167117
1.28636e-10	0.00167242
1.28676e-10	0.00167367
1.28715e-10	0.00167491
1.28754e-10	0.00167615
1.28794e-10	0.00167739
1.28833e-10	0.00167862
1.28872e-10	0.00167984
1.28912e-10	0.00168106
1.28951e-10	0.00168228
1.2899e-10	0.00168349
1.2903e-10	0.0016847
1.29069e-10	0.0016859
1.29108e-10	0.00168709
1.29148e-10	0.00168829
1.29187e-10	0.00168948
1.29227e-10	0.00169066
1.29266e-10	0.00169184
1.29305e-10	0.00169301
1.29345e-10	0.00169418
1.29384e-10	0.00169535
1.29423e-10	0.00169651
1.29463e-10	0.00169766
1.29502e-10	0.00169881
1.29541e-10	0.00169996
1.29581e-10	0.0017011
1.2962e-10	0.00170223
1.29659e-10	0.00170336
1.29699e-10	0.00170449
1.29738e-10	0.00170561
1.29778e-10	0.00170673
1.29817e-10	0.00170784
1.29856e-10	0.00170895
1.29896e-10	0.00171005
1.29935e-10	0.00171115
1.29974e-10	0.00171224
1.30014e-10	0.00171333
1.30053e-10	0.00171441
1.30092e-10	0.00171549
1.30132e-10	0.00171656
1.30171e-10	0.00171763
1.3021e-10	0.00171869
1.3025e-10	0.00171975
1.30289e-10	0.0017208
1.30329e-10	0.00172185
1.30368e-10	0.0017229
1.30407e-10	0.00172393
1.30447e-10	0.00172497
1.30486e-10	0.00172599
1.30525e-10	0.00172702
1.30565e-10	0.00172804
1.30604e-10	0.00172905
1.30643e-10	0.00173006
1.30683e-10	0.00173106
1.30722e-10	0.00173206
1.30761e-10	0.00173305
1.30801e-10	0.00173404
1.3084e-10	0.00173502
1.3088e-10	0.001736
1.30919e-10	0.00173697
1.30958e-10	0.00173793
1.30998e-10	0.0017389
1.31037e-10	0.00173985
1.31076e-10	0.0017408
1.31116e-10	0.00174175
1.31155e-10	0.00174269
1.31194e-10	0.00174363
1.31234e-10	0.00174456
1.31273e-10	0.00174548
1.31312e-10	0.0017464
1.31352e-10	0.00174732
1.31391e-10	0.00174823
1.31431e-10	0.00174913
1.3147e-10	0.00175003
1.31509e-10	0.00175092
1.31549e-10	0.00175181
1.31588e-10	0.00175269
1.31627e-10	0.00175357
1.31667e-10	0.00175444
1.31706e-10	0.00175531
1.31745e-10	0.00175617
1.31785e-10	0.00175702
1.31824e-10	0.00175787
1.31863e-10	0.00175872
1.31903e-10	0.00175956
1.31942e-10	0.00176039
1.31982e-10	0.00176122
1.32021e-10	0.00176205
1.3206e-10	0.00176286
1.321e-10	0.00176368
1.32139e-10	0.00176448
1.32178e-10	0.00176528
1.32218e-10	0.00176608
1.32257e-10	0.00176687
1.32296e-10	0.00176765
1.32336e-10	0.00176843
1.32375e-10	0.00176921
1.32414e-10	0.00176997
1.32454e-10	0.00177074
1.32493e-10	0.00177149
1.32532e-10	0.00177224
1.32572e-10	0.00177299
1.32611e-10	0.00177373
1.32651e-10	0.00177446
1.3269e-10	0.00177519
1.32729e-10	0.00177592
1.32769e-10	0.00177663
1.32808e-10	0.00177734
1.32847e-10	0.00177805
1.32887e-10	0.00177875
1.32926e-10	0.00177945
1.32965e-10	0.00178013
1.33005e-10	0.00178082
1.33044e-10	0.00178149
1.33083e-10	0.00178217
1.33123e-10	0.00178283
1.33162e-10	0.00178349
1.33202e-10	0.00178415
1.33241e-10	0.00178479
1.3328e-10	0.00178544
1.3332e-10	0.00178607
1.33359e-10	0.0017867
1.33398e-10	0.00178733
1.33438e-10	0.00178795
1.33477e-10	0.00178856
1.33516e-10	0.00178917
1.33556e-10	0.00178977
1.33595e-10	0.00179037
1.33634e-10	0.00179096
1.33674e-10	0.00179154
1.33713e-10	0.00179212
1.33753e-10	0.00179269
1.33792e-10	0.00179326
1.33831e-10	0.00179382
1.33871e-10	0.00179437
1.3391e-10	0.00179492
1.33949e-10	0.00179546
1.33989e-10	0.001796
1.34028e-10	0.00179653
1.34067e-10	0.00179705
1.34107e-10	0.00179757
1.34146e-10	0.00179808
1.34185e-10	0.00179859
1.34225e-10	0.00179909
1.34264e-10	0.00179958
1.34304e-10	0.00180007
1.34343e-10	0.00180055
1.34382e-10	0.00180103
1.34422e-10	0.00180149
1.34461e-10	0.00180196
1.345e-10	0.00180241
1.3454e-10	0.00180287
1.34579e-10	0.00180331
1.34618e-10	0.00180375
1.34658e-10	0.00180418
1.34697e-10	0.00180461
1.34736e-10	0.00180503
1.34776e-10	0.00180544
1.34815e-10	0.00180585
1.34855e-10	0.00180625
1.34894e-10	0.00180665
1.34933e-10	0.00180703
1.34973e-10	0.00180742
1.35012e-10	0.00180779
1.35051e-10	0.00180816
1.35091e-10	0.00180853
1.3513e-10	0.00180888
1.35169e-10	0.00180923
1.35209e-10	0.00180958
1.35248e-10	0.00180992
1.35287e-10	0.00181025
1.35327e-10	0.00181058
1.35366e-10	0.00181089
1.35406e-10	0.00181121
1.35445e-10	0.00181151
1.35484e-10	0.00181181
1.35524e-10	0.00181211
1.35563e-10	0.00181239
1.35602e-10	0.00181268
1.35642e-10	0.00181295
1.35681e-10	0.00181322
1.3572e-10	0.00181348
1.3576e-10	0.00181373
1.35799e-10	0.00181398
1.35838e-10	0.00181422
1.35878e-10	0.00181446
1.35917e-10	0.00181469
1.35956e-10	0.00181491
1.35996e-10	0.00181513
1.36035e-10	0.00181534
1.36075e-10	0.00181554
1.36114e-10	0.00181574
1.36153e-10	0.00181593
1.36193e-10	0.00181611
1.36232e-10	0.00181628
1.36271e-10	0.00181645
1.36311e-10	0.00181662
1.3635e-10	0.00181677
1.36389e-10	0.00181692
1.36429e-10	0.00181707
1.36468e-10	0.0018172
1.36507e-10	0.00181733
1.36547e-10	0.00181746
1.36586e-10	0.00181757
1.36626e-10	0.00181768
1.36665e-10	0.00181779
1.36704e-10	0.00181788
1.36744e-10	0.00181797
1.36783e-10	0.00181806
1.36822e-10	0.00181813
1.36862e-10	0.0018182
1.36901e-10	0.00181826
1.3694e-10	0.00181832
1.3698e-10	0.00181837
1.37019e-10	0.00181841
1.37058e-10	0.00181845
1.37098e-10	0.00181848
1.37137e-10	0.0018185
1.37177e-10	0.00181851
1.37216e-10	0.00181852
1.37255e-10	0.00181852
1.37295e-10	0.00181852
1.37334e-10	0.0018185
1.37373e-10	0.00181849
1.37413e-10	0.00181846
1.37452e-10	0.00181843
1.37491e-10	0.00181839
1.37531e-10	0.00181834
1.3757e-10	0.00181829
1.37609e-10	0.00181822
1.37649e-10	0.00181816
1.37688e-10	0.00181808
1.37728e-10	0.001818
1.37767e-10	0.00181791
1.37806e-10	0.00181782
1.37846e-10	0.00181771
1.37885e-10	0.0018176
1.37924e-10	0.00181749
1.37964e-10	0.00181736
1.38003e-10	0.00181723
1.38042e-10	0.00181709
1.38082e-10	0.00181695
1.38121e-10	0.0018168
1.3816e-10	0.00181664
1.382e-10	0.00181647
1.38239e-10	0.0018163
1.38279e-10	0.00181612
1.38318e-10	0.00181593
1.38357e-10	0.00181574
1.38397e-10	0.00181553
1.38436e-10	0.00181533
1.38475e-10	0.00181511
1.38515e-10	0.00181489
1.38554e-10	0.00181466
1.38593e-10	0.00181442
1.38633e-10	0.00181417
1.38672e-10	0.00181392
1.38711e-10	0.00181366
1.38751e-10	0.0018134
1.3879e-10	0.00181312
1.3883e-10	0.00181284
1.38869e-10	0.00181255
1.38908e-10	0.00181226
1.38948e-10	0.00181196
1.38987e-10	0.00181165
1.39026e-10	0.00181133
1.39066e-10	0.001811
1.39105e-10	0.00181067
1.39144e-10	0.00181033
1.39184e-10	0.00180999
1.39223e-10	0.00180963
1.39262e-10	0.00180927
1.39302e-10	0.0018089
1.39341e-10	0.00180853
1.3938e-10	0.00180815
1.3942e-10	0.00180775
1.39459e-10	0.00180736
1.39499e-10	0.00180695
1.39538e-10	0.00180654
1.39577e-10	0.00180612
1.39617e-10	0.00180569
1.39656e-10	0.00180526
1.39695e-10	0.00180481
1.39735e-10	0.00180436
1.39774e-10	0.00180391
1.39813e-10	0.00180344
1.39853e-10	0.00180297
1.39892e-10	0.00180249
1.39931e-10	0.001802
1.39971e-10	0.00180151
1.4001e-10	0.00180101
1.4005e-10	0.0018005
1.40089e-10	0.00179998
1.40128e-10	0.00179945
1.40168e-10	0.00179892
1.40207e-10	0.00179838
1.40246e-10	0.00179783
1.40286e-10	0.00179728
1.40325e-10	0.00179672
1.40364e-10	0.00179615
1.40404e-10	0.00179557
1.40443e-10	0.00179498
1.40482e-10	0.00179439
1.40522e-10	0.00179379
1.40561e-10	0.00179318
1.40601e-10	0.00179257
1.4064e-10	0.00179194
1.40679e-10	0.00179131
1.40719e-10	0.00179067
1.40758e-10	0.00179003
1.40797e-10	0.00178937
1.40837e-10	0.00178871
1.40876e-10	0.00178804
1.40915e-10	0.00178736
1.40955e-10	0.00178668
1.40994e-10	0.00178599
1.41033e-10	0.00178529
1.41073e-10	0.00178458
1.41112e-10	0.00178386
1.41152e-10	0.00178314
1.41191e-10	0.00178241
1.4123e-10	0.00178167
1.4127e-10	0.00178092
1.41309e-10	0.00178017
1.41348e-10	0.0017794
1.41388e-10	0.00177863
1.41427e-10	0.00177785
1.41466e-10	0.00177707
1.41506e-10	0.00177627
1.41545e-10	0.00177547
1.41584e-10	0.00177466
1.41624e-10	0.00177385
1.41663e-10	0.00177302
1.41703e-10	0.00177219
1.41742e-10	0.00177135
1.41781e-10	0.0017705
1.41821e-10	0.00176964
1.4186e-10	0.00176878
1.41899e-10	0.0017679
1.41939e-10	0.00176702
1.41978e-10	0.00176613
1.42017e-10	0.00176524
1.42057e-10	0.00176433
1.42096e-10	0.00176342
1.42135e-10	0.0017625
1.42175e-10	0.00176157
1.42214e-10	0.00176064
1.42254e-10	0.00175969
1.42293e-10	0.00175874
1.42332e-10	0.00175778
1.42372e-10	0.00175681
1.42411e-10	0.00175584
1.4245e-10	0.00175485
1.4249e-10	0.00175386
1.42529e-10	0.00175286
1.42568e-10	0.00175185
1.42608e-10	0.00175084
1.42647e-10	0.00174981
1.42686e-10	0.00174878
1.42726e-10	0.00174774
1.42765e-10	0.00174669
1.42804e-10	0.00174564
1.42844e-10	0.00174457
1.42883e-10	0.0017435
1.42923e-10	0.00174242
1.42962e-10	0.00174133
1.43001e-10	0.00174023
1.43041e-10	0.00173913
1.4308e-10	0.00173801
1.43119e-10	0.00173689
1.43159e-10	0.00173576
1.43198e-10	0.00173462
1.43237e-10	0.00173348
1.43277e-10	0.00173232
1.43316e-10	0.00173116
1.43355e-10	0.00172999
1.43395e-10	0.00172881
1.43434e-10	0.00172763
1.43474e-10	0.00172643
1.43513e-10	0.00172523
1.43552e-10	0.00172402
1.43592e-10	0.0017228
1.43631e-10	0.00172157
1.4367e-10	0.00172033
1.4371e-10	0.00171909
1.43749e-10	0.00171784
1.43788e-10	0.00171657
1.43828e-10	0.00171531
1.43867e-10	0.00171403
1.43906e-10	0.00171274
1.43946e-10	0.00171145
1.43985e-10	0.00171015
1.44025e-10	0.00170883
1.44064e-10	0.00170752
1.44103e-10	0.00170619
1.44143e-10	0.00170485
1.44182e-10	0.00170351
1.44221e-10	0.00170216
1.44261e-10	0.0017008
1.443e-10	0.00169943
1.44339e-10	0.00169805
1.44379e-10	0.00169666
1.44418e-10	0.00169527
1.44457e-10	0.00169387
1.44497e-10	0.00169246
1.44536e-10	0.00169104
1.44576e-10	0.00168961
1.44615e-10	0.00168817
1.44654e-10	0.00168673
1.44694e-10	0.00168528
1.44733e-10	0.00168382
1.44772e-10	0.00168235
1.44812e-10	0.00168087
1.44851e-10	0.00167938
1.4489e-10	0.00167789
1.4493e-10	0.00167638
1.44969e-10	0.00167487
1.45008e-10	0.00167335
1.45048e-10	0.00167182
1.45087e-10	0.00167029
1.45127e-10	0.00166874
1.45166e-10	0.00166719
1.45205e-10	0.00166562
1.45245e-10	0.00166405
1.45284e-10	0.00166247
1.45323e-10	0.00166088
1.45363e-10	0.00165929
1.45402e-10	0.00165768
1.45441e-10	0.00165607
1.45481e-10	0.00165445
1.4552e-10	0.00165282
1.45559e-10	0.00165118
1.45599e-10	0.00164953
1.45638e-10	0.00164787
1.45678e-10	0.00164621
1.45717e-10	0.00164453
1.45756e-10	0.00164285
1.45796e-10	0.00164116
1.45835e-10	0.00163946
1.45874e-10	0.00163775
1.45914e-10	0.00163604
1.45953e-10	0.00163431
1.45992e-10	0.00163258
1.46032e-10	0.00163083
1.46071e-10	0.00162908
1.4611e-10	0.00162732
1.4615e-10	0.00162556
1.46189e-10	0.00162378
1.46228e-10	0.00162199
1.46268e-10	0.0016202
1.46307e-10	0.0016184
1.46347e-10	0.00161658
1.46386e-10	0.00161476
1.46425e-10	0.00161294
1.46465e-10	0.0016111
1.46504e-10	0.00160925
1.46543e-10	0.0016074
1.46583e-10	0.00160553
1.46622e-10	0.00160366
1.46661e-10	0.00160178
1.46701e-10	0.00159989
1.4674e-10	0.00159799
1.46779e-10	0.00159609
1.46819e-10	0.00159417
1.46858e-10	0.00159225
1.46898e-10	0.00159031
1.46937e-10	0.00158837
1.46976e-10	0.00158642
1.47016e-10	0.00158446
1.47055e-10	0.00158249
1.47094e-10	0.00158052
1.47134e-10	0.00157853
1.47173e-10	0.00157654
1.47212e-10	0.00157453
1.47252e-10	0.00157252
1.47291e-10	0.0015705
1.4733e-10	0.00156847
1.4737e-10	0.00156643
1.47409e-10	0.00156438
1.47449e-10	0.00156233
1.47488e-10	0.00156026
1.47527e-10	0.00155819
1.47567e-10	0.00155611
1.47606e-10	0.00155402
1.47645e-10	0.00155192
1.47685e-10	0.00154981
1.47724e-10	0.00154769
1.47763e-10	0.00154556
1.47803e-10	0.00154343
1.47842e-10	0.00154129
1.47881e-10	0.00153913
1.47921e-10	0.00153697
1.4796e-10	0.0015348
1.48e-10	0.00153262
1.48039e-10	0.00153043
1.48078e-10	0.00152824
1.48118e-10	0.00152603
1.48157e-10	0.00152381
1.48196e-10	0.00152159
1.48236e-10	0.00151936
1.48275e-10	0.00151712
1.48314e-10	0.00151487
1.48354e-10	0.00151261
1.48393e-10	0.00151034
1.48432e-10	0.00150806
1.48472e-10	0.00150578
1.48511e-10	0.00150348
1.48551e-10	0.00150118
1.4859e-10	0.00149886
1.48629e-10	0.00149654
1.48669e-10	0.00149421
1.48708e-10	0.00149187
1.48747e-10	0.00148952
1.48787e-10	0.00148717
1.48826e-10	0.0014848
1.48865e-10	0.00148243
1.48905e-10	0.00148004
1.48944e-10	0.00147765
1.48983e-10	0.00147525
1.49023e-10	0.00147284
1.49062e-10	0.00147042
1.49102e-10	0.00146799
1.49141e-10	0.00146555
1.4918e-10	0.0014631
1.4922e-10	0.00146065
1.49259e-10	0.00145818
1.49298e-10	0.00145571
1.49338e-10	0.00145323
1.49377e-10	0.00145073
1.49416e-10	0.00144823
1.49456e-10	0.00144572
1.49495e-10	0.0014432
1.49534e-10	0.00144068
1.49574e-10	0.00143814
1.49613e-10	0.0014356
1.49652e-10	0.00143304
1.49692e-10	0.00143048
1.49731e-10	0.0014279
1.49771e-10	0.00142532
1.4981e-10	0.00142273
1.49849e-10	0.00142013
1.49889e-10	0.00141752
1.49928e-10	0.00141491
1.49967e-10	0.00141228
1.50007e-10	0.00140964
1.50046e-10	0.001407
1.50085e-10	0.00140435
1.50125e-10	0.00140168
1.50164e-10	0.00139901
1.50203e-10	0.00139633
1.50243e-10	0.00139364
1.50282e-10	0.00139094
1.50322e-10	0.00138823
1.50361e-10	0.00138552
1.504e-10	0.00138279
1.5044e-10	0.00138006
1.50479e-10	0.00137731
1.50518e-10	0.00137456
1.50558e-10	0.0013718
1.50597e-10	0.00136902
1.50636e-10	0.00136624
1.50676e-10	0.00136345
1.50715e-10	0.00136066
1.50754e-10	0.00135785
1.50794e-10	0.00135503
1.50833e-10	0.00135221
1.50873e-10	0.00134937
1.50912e-10	0.00134653
1.50951e-10	0.00134367
1.50991e-10	0.00134081
1.5103e-10	0.00133794
1.51069e-10	0.00133506
1.51109e-10	0.00133217
1.51148e-10	0.00132927
1.51187e-10	0.00132637
1.51227e-10	0.00132345
1.51266e-10	0.00132052
1.51305e-10	0.00131759
1.51345e-10	0.00131464
1.51384e-10	0.00131169
1.51424e-10	0.00130873
1.51463e-10	0.00130576
1.51502e-10	0.00130278
1.51542e-10	0.00129979
1.51581e-10	0.00129679
1.5162e-10	0.00129378
1.5166e-10	0.00129077
1.51699e-10	0.00128774
1.51738e-10	0.00128471
1.51778e-10	0.00128166
1.51817e-10	0.00127861
1.51856e-10	0.00127555
1.51896e-10	0.00127248
1.51935e-10	0.0012694
1.51975e-10	0.00126631
1.52014e-10	0.00126321
1.52053e-10	0.0012601
1.52093e-10	0.00125698
1.52132e-10	0.00125386
1.52171e-10	0.00125072
1.52211e-10	0.00124758
1.5225e-10	0.00124442
1.52289e-10	0.00124126
1.52329e-10	0.00123809
1.52368e-10	0.00123491
1.52407e-10	0.00123172
1.52447e-10	0.00122852
1.52486e-10	0.00122531
1.52526e-10	0.0012221
1.52565e-10	0.00121887
1.52604e-10	0.00121563
1.52644e-10	0.00121239
1.52683e-10	0.00120914
1.52722e-10	0.00120587
1.52762e-10	0.0012026
1.52801e-10	0.00119932
1.5284e-10	0.00119603
1.5288e-10	0.00119273
1.52919e-10	0.00118942
1.52958e-10	0.00118611
1.52998e-10	0.00118278
1.53037e-10	0.00117944
1.53077e-10	0.0011761
1.53116e-10	0.00117274
1.53155e-10	0.00116938
1.53195e-10	0.00116601
1.53234e-10	0.00116263
1.53273e-10	0.00115924
1.53313e-10	0.00115584
1.53352e-10	0.00115243
1.53391e-10	0.00114901
1.53431e-10	0.00114558
1.5347e-10	0.00114215
1.53509e-10	0.0011387
1.53549e-10	0.00113525
1.53588e-10	0.00113178
1.53627e-10	0.00112831
1.53667e-10	0.00112483
1.53706e-10	0.00112134
1.53746e-10	0.00111784
1.53785e-10	0.00111433
1.53824e-10	0.00111081
1.53864e-10	0.00110728
1.53903e-10	0.00110375
1.53942e-10	0.0011002
1.53982e-10	0.00109665
1.54021e-10	0.00109308
1.5406e-10	0.00108951
1.541e-10	0.00108593
1.54139e-10	0.00108234
1.54178e-10	0.00107874
1.54218e-10	0.00107513
1.54257e-10	0.00107151
1.54297e-10	0.00106788
1.54336e-10	0.00106425
1.54375e-10	0.0010606
1.54415e-10	0.00105695
1.54454e-10	0.00105328
1.54493e-10	0.00104961
1.54533e-10	0.00104593
1.54572e-10	0.00104224
1.54611e-10	0.00103853
1.54651e-10	0.00103483
1.5469e-10	0.00103111
1.54729e-10	0.00102738
1.54769e-10	0.00102364
1.54808e-10	0.0010199
1.54848e-10	0.00101614
1.54887e-10	0.00101238
1.54926e-10	0.0010086
1.54966e-10	0.00100482
1.55005e-10	0.00100103
1.55044e-10	0.000997231
1.55084e-10	0.000993422
1.55123e-10	0.000989603
1.55162e-10	0.000985776
1.55202e-10	0.000981939
1.55241e-10	0.000978093
1.5528e-10	0.000974239
1.5532e-10	0.000970375
1.55359e-10	0.000966502
1.55399e-10	0.00096262
1.55438e-10	0.000958729
1.55477e-10	0.000954829
1.55517e-10	0.00095092
1.55556e-10	0.000947002
1.55595e-10	0.000943075
1.55635e-10	0.000939138
1.55674e-10	0.000935193
1.55713e-10	0.000931239
1.55753e-10	0.000927276
1.55792e-10	0.000923303
1.55831e-10	0.000919322
1.55871e-10	0.000915331
1.5591e-10	0.000911332
1.5595e-10	0.000907323
1.55989e-10	0.000903306
1.56028e-10	0.000899279
1.56068e-10	0.000895244
1.56107e-10	0.000891199
1.56146e-10	0.000887145
1.56186e-10	0.000883083
1.56225e-10	0.000879011
1.56264e-10	0.000874931
1.56304e-10	0.000870841
1.56343e-10	0.000866743
1.56382e-10	0.000862635
1.56422e-10	0.000858518
1.56461e-10	0.000854393
1.56501e-10	0.000850258
1.5654e-10	0.000846115
1.56579e-10	0.000841962
1.56619e-10	0.000837801
1.56658e-10	0.00083363
1.56697e-10	0.000829451
1.56737e-10	0.000825263
1.56776e-10	0.000821065
1.56815e-10	0.000816859
1.56855e-10	0.000812644
1.56894e-10	0.000808419
1.56933e-10	0.000804186
1.56973e-10	0.000799944
1.57012e-10	0.000795693
1.57051e-10	0.000791433
1.57091e-10	0.000787164
1.5713e-10	0.000782887
1.5717e-10	0.0007786
1.57209e-10	0.000774304
1.57248e-10	0.00077
1.57288e-10	0.000765686
1.57327e-10	0.000761364
1.57366e-10	0.000757033
1.57406e-10	0.000752693
1.57445e-10	0.000748344
1.57484e-10	0.000743986
1.57524e-10	0.000739619
1.57563e-10	0.000735243
1.57602e-10	0.000730858
1.57642e-10	0.000726465
1.57681e-10	0.000722063
1.57721e-10	0.000717652
1.5776e-10	0.000713232
1.57799e-10	0.000708803
1.57839e-10	0.000704365
1.57878e-10	0.000699918
1.57917e-10	0.000695463
1.57957e-10	0.000690999
1.57996e-10	0.000686526
1.58035e-10	0.000682044
1.58075e-10	0.000677553
1.58114e-10	0.000673053
1.58153e-10	0.000668545
1.58193e-10	0.000664028
1.58232e-10	0.000659502
1.58272e-10	0.000654967
1.58311e-10	0.000650424
1.5835e-10	0.000645871
1.5839e-10	0.00064131
1.58429e-10	0.00063674
1.58468e-10	0.000632162
1.58508e-10	0.000627574
1.58547e-10	0.000622978
1.58586e-10	0.000618373
1.58626e-10	0.00061376
1.58665e-10	0.000609137
1.58704e-10	0.000604506
1.58744e-10	0.000599866
1.58783e-10	0.000595218
1.58823e-10	0.00059056
1.58862e-10	0.000585894
1.58901e-10	0.000581219
1.58941e-10	0.000576536
1.5898e-10	0.000571844
1.59019e-10	0.000567143
1.59059e-10	0.000562434
1.59098e-10	0.000557715
1.59137e-10	0.000552988
1.59177e-10	0.000548253
1.59216e-10	0.000543509
1.59255e-10	0.000538756
1.59295e-10	0.000533994
1.59334e-10	0.000529224
1.59374e-10	0.000524445
1.59413e-10	0.000519658
1.59452e-10	0.000514862
1.59492e-10	0.000510057
1.59531e-10	0.000505244
1.5957e-10	0.000500422
1.5961e-10	0.000495592
1.59649e-10	0.000490753
1.59688e-10	0.000485905
1.59728e-10	0.000481049
1.59767e-10	0.000476184
1.59806e-10	0.000471311
1.59846e-10	0.000466429
1.59885e-10	0.000461539
1.59925e-10	0.00045664
1.59964e-10	0.000451732
1.60003e-10	0.000446816
1.60043e-10	0.000441891
1.60082e-10	0.000436958
1.60121e-10	0.000432017
1.60161e-10	0.000427067
1.602e-10	0.000422108
1.60239e-10	0.000417141
1.60279e-10	0.000412165
1.60318e-10	0.000407181
1.60357e-10	0.000402189
1.60397e-10	0.000397188
1.60436e-10	0.000392178
1.60475e-10	0.00038716
1.60515e-10	0.000382134
1.60554e-10	0.000377099
1.60594e-10	0.000372056
1.60633e-10	0.000367005
1.60672e-10	0.000361945
1.60712e-10	0.000356876
1.60751e-10	0.000351799
1.6079e-10	0.000346714
1.6083e-10	0.000341621
1.60869e-10	0.000336519
1.60908e-10	0.000331409
1.60948e-10	0.00032629
1.60987e-10	0.000321163
1.61026e-10	0.000316028
1.61066e-10	0.000310884
1.61105e-10	0.000305732
1.61145e-10	0.000300572
1.61184e-10	0.000295403
1.61223e-10	0.000290227
1.61263e-10	0.000285041
1.61302e-10	0.000279848
1.61341e-10	0.000274646
1.61381e-10	0.000269436
1.6142e-10	0.000264218
1.61459e-10	0.000258992
1.61499e-10	0.000253757
1.61538e-10	0.000248514
1.61577e-10	0.000243263
1.61617e-10	0.000238004
1.61656e-10	0.000232736
1.61696e-10	0.00022746
1.61735e-10	0.000222177
1.61774e-10	0.000216884
1.61814e-10	0.000211584
1.61853e-10	0.000206276
1.61892e-10	0.000200959
1.61932e-10	0.000195635
1.61971e-10	0.000190302
1.6201e-10	0.000184961
1.6205e-10	0.000179612
1.62089e-10	0.000174255
1.62128e-10	0.000168889
1.62168e-10	0.000163516
1.62207e-10	0.000158134
1.62247e-10	0.000152745
1.62286e-10	0.000147347
1.62325e-10	0.000141942
1.62365e-10	0.000136528
1.62404e-10	0.000131107
1.62443e-10	0.000125677
1.62483e-10	0.000120239
1.62522e-10	0.000114794
1.62561e-10	0.00010934
1.62601e-10	0.000103878
1.6264e-10	9.84086e-05
1.62679e-10	9.2931e-05
1.62719e-10	8.74455e-05
1.62758e-10	8.1952e-05
1.62798e-10	7.64506e-05
1.62837e-10	7.09413e-05
1.62876e-10	6.54241e-05
1.62916e-10	5.9899e-05
1.62955e-10	5.43659e-05
1.62994e-10	4.8825e-05
1.63034e-10	4.32763e-05
1.63073e-10	3.77197e-05
1.63112e-10	3.21552e-05
1.63152e-10	2.65829e-05
1.63191e-10	2.10027e-05
1.6323e-10	1.54148e-05
1.6327e-10	9.81902e-06
1.63309e-10	4.21546e-06
1.63349e-10	-1.39589e-06
1.63388e-10	-7.01501e-06
1.63427e-10	-1.26419e-05
1.63467e-10	-1.82765e-05
1.63506e-10	-2.39189e-05
1.63545e-10	-2.9569e-05
1.63585e-10	-3.52269e-05
1.63624e-10	-4.08924e-05
1.63663e-10	-4.65656e-05
1.63703e-10	-5.22466e-05
1.63742e-10	-5.79352e-05
1.63781e-10	-6.36314e-05
1.63821e-10	-6.93354e-05
1.6386e-10	-7.50469e-05
1.63899e-10	-8.07661e-05
1.63939e-10	-8.6493e-05
1.63978e-10	-9.22274e-05
1.64018e-10	-9.79694e-05
1.64057e-10	-0.000103719
1.64096e-10	-0.000109476
1.64136e-10	-0.000115241
1.64175e-10	-0.000121013
1.64214e-10	-0.000126793
1.64254e-10	-0.000132581
1.64293e-10	-0.000138375
1.64332e-10	-0.000144178
1.64372e-10	-0.000149988
1.64411e-10	-0.000155805
1.6445e-10	-0.00016163
1.6449e-10	-0.000167462
1.64529e-10	-0.000173302
1.64569e-10	-0.000179149
1.64608e-10	-0.000185004
1.64647e-10	-0.000190866
1.64687e-10	-0.000196735
1.64726e-10	-0.000202612
1.64765e-10	-0.000208496
1.64805e-10	-0.000214388
1.64844e-10	-0.000220287
1.64883e-10	-0.000226193
1.64923e-10	-0.000232107
1.64962e-10	-0.000238027
1.65001e-10	-0.000243956
1.65041e-10	-0.000249891
1.6508e-10	-0.000255834
1.6512e-10	-0.000261784
1.65159e-10	-0.000267741
1.65198e-10	-0.000273705
1.65238e-10	-0.000279677
1.65277e-10	-0.000285656
1.65316e-10	-0.000291642
1.65356e-10	-0.000297636
1.65395e-10	-0.000303636
1.65434e-10	-0.000309644
1.65474e-10	-0.000315658
1.65513e-10	-0.00032168
1.65552e-10	-0.000327709
1.65592e-10	-0.000333745
1.65631e-10	-0.000339789
1.65671e-10	-0.000345839
1.6571e-10	-0.000351896
1.65749e-10	-0.000357961
1.65789e-10	-0.000364032
1.65828e-10	-0.000370111
1.65867e-10	-0.000376196
1.65907e-10	-0.000382289
1.65946e-10	-0.000388388
1.65985e-10	-0.000394495
1.66025e-10	-0.000400608
1.66064e-10	-0.000406729
1.66103e-10	-0.000412856
1.66143e-10	-0.00041899
1.66182e-10	-0.000425131
1.66222e-10	-0.000431279
1.66261e-10	-0.000437434
1.663e-10	-0.000443596
1.6634e-10	-0.000449765
1.66379e-10	-0.00045594
1.66418e-10	-0.000462122
1.66458e-10	-0.000468311
1.66497e-10	-0.000474507
1.66536e-10	-0.00048071
1.66576e-10	-0.000486919
1.66615e-10	-0.000493135
1.66654e-10	-0.000499358
1.66694e-10	-0.000505588
1.66733e-10	-0.000511824
1.66773e-10	-0.000518067
1.66812e-10	-0.000524317
1.66851e-10	-0.000530573
1.66891e-10	-0.000536836
1.6693e-10	-0.000543106
1.66969e-10	-0.000549382
1.67009e-10	-0.000555665
1.67048e-10	-0.000561954
1.67087e-10	-0.00056825
1.67127e-10	-0.000574553
1.67166e-10	-0.000580862
1.67205e-10	-0.000587178
1.67245e-10	-0.0005935
1.67284e-10	-0.000599828
1.67323e-10	-0.000606164
1.67363e-10	-0.000612505
1.67402e-10	-0.000618853
1.67442e-10	-0.000625208
1.67481e-10	-0.000631569
1.6752e-10	-0.000637936
1.6756e-10	-0.00064431
1.67599e-10	-0.00065069
1.67638e-10	-0.000657076
1.67678e-10	-0.000663469
1.67717e-10	-0.000669868
1.67756e-10	-0.000676274
1.67796e-10	-0.000682685
1.67835e-10	-0.000689103
1.67874e-10	-0.000695528
1.67914e-10	-0.000701958
1.67953e-10	-0.000708395
1.67993e-10	-0.000714838
1.68032e-10	-0.000721287
1.68071e-10	-0.000727742
1.68111e-10	-0.000734204
1.6815e-10	-0.000740672
1.68189e-10	-0.000747145
1.68229e-10	-0.000753625
1.68268e-10	-0.000760111
1.68307e-10	-0.000766604
1.68347e-10	-0.000773102
1.68386e-10	-0.000779606
1.68425e-10	-0.000786116
1.68465e-10	-0.000792633
1.68504e-10	-0.000799155
1.68544e-10	-0.000805683
1.68583e-10	-0.000812218
1.68622e-10	-0.000818758
1.68662e-10	-0.000825304
1.68701e-10	-0.000831856
1.6874e-10	-0.000838414
1.6878e-10	-0.000844978
1.68819e-10	-0.000851548
1.68858e-10	-0.000858124
1.68898e-10	-0.000864705
1.68937e-10	-0.000871293
1.68976e-10	-0.000877886
1.69016e-10	-0.000884485
1.69055e-10	-0.000891089
1.69095e-10	-0.0008977
1.69134e-10	-0.000904316
1.69173e-10	-0.000910938
1.69213e-10	-0.000917565
1.69252e-10	-0.000924199
1.69291e-10	-0.000930838
1.69331e-10	-0.000937482
1.6937e-10	-0.000944132
1.69409e-10	-0.000950788
1.69449e-10	-0.00095745
1.69488e-10	-0.000964117
1.69527e-10	-0.000970789
1.69567e-10	-0.000977467
1.69606e-10	-0.000984151
1.69646e-10	-0.00099084
1.69685e-10	-0.000997535
1.69724e-10	-0.00100424
1.69764e-10	-0.00101094
1.69803e-10	-0.00101765
1.69842e-10	-0.00102437
1.69882e-10	-0.00103109
1.69921e-10	-0.00103782
1.6996e-10	-0.00104455
1.7e-10	-0.00105129
1.70039e-10	-0.00105803
1.70078e-10	-0.00106478
1.70118e-10	-0.00107153
1.70157e-10	-0.00107829
1.70197e-10	-0.00108506
1.70236e-10	-0.00109183
1.70275e-10	-0.0010986
1.70315e-10	-0.00110538
1.70354e-10	-0.00111217
1.70393e-10	-0.00111896
1.70433e-10	-0.00112575
1.70472e-10	-0.00113255
1.70511e-10	-0.00113936
1.70551e-10	-0.00114617
1.7059e-10	-0.00115299
1.70629e-10	-0.00115981
1.70669e-10	-0.00116663
1.70708e-10	-0.00117346
1.70748e-10	-0.0011803
1.70787e-10	-0.00118714
1.70826e-10	-0.00119399
1.70866e-10	-0.00120084
1.70905e-10	-0.00120769
1.70944e-10	-0.00121455
1.70984e-10	-0.00122142
1.71023e-10	-0.00122829
1.71062e-10	-0.00123516
1.71102e-10	-0.00124204
1.71141e-10	-0.00124893
1.7118e-10	-0.00125582
1.7122e-10	-0.00126271
1.71259e-10	-0.00126961
1.71298e-10	-0.00127652
1.71338e-10	-0.00128342
1.71377e-10	-0.00129034
1.71417e-10	-0.00129726
1.71456e-10	-0.00130418
1.71495e-10	-0.00131111
1.71535e-10	-0.00131804
1.71574e-10	-0.00132497
1.71613e-10	-0.00133191
1.71653e-10	-0.00133886
1.71692e-10	-0.00134581
1.71731e-10	-0.00135276
1.71771e-10	-0.00135972
1.7181e-10	-0.00136669
1.71849e-10	-0.00137365
1.71889e-10	-0.00138063
1.71928e-10	-0.0013876
1.71968e-10	-0.00139458
1.72007e-10	-0.00140157
1.72046e-10	-0.00140856
1.72086e-10	-0.00141555
1.72125e-10	-0.00142255
1.72164e-10	-0.00142955
1.72204e-10	-0.00143656
1.72243e-10	-0.00144357
1.72282e-10	-0.00145059
1.72322e-10	-0.00145761
1.72361e-10	-0.00146463
1.724e-10	-0.00147166
1.7244e-10	-0.00147869
1.72479e-10	-0.00148572
1.72519e-10	-0.00149276
1.72558e-10	-0.00149981
1.72597e-10	-0.00150686
1.72637e-10	-0.00151391
1.72676e-10	-0.00152097
1.72715e-10	-0.00152803
1.72755e-10	-0.00153509
1.72794e-10	-0.00154216
1.72833e-10	-0.00154923
1.72873e-10	-0.00155631
1.72912e-10	-0.00156339
1.72951e-10	-0.00157047
1.72991e-10	-0.00157756
1.7303e-10	-0.00158465
1.7307e-10	-0.00159174
1.73109e-10	-0.00159884
1.73148e-10	-0.00160594
1.73188e-10	-0.00161305
1.73227e-10	-0.00162016
1.73266e-10	-0.00162727
1.73306e-10	-0.00163439
1.73345e-10	-0.00164151
1.73384e-10	-0.00164864
1.73424e-10	-0.00165576
1.73463e-10	-0.0016629
1.73502e-10	-0.00167003
1.73542e-10	-0.00167717
1.73581e-10	-0.00168431
1.73621e-10	-0.00169146
1.7366e-10	-0.00169861
1.73699e-10	-0.00170576
1.73739e-10	-0.00171292
1.73778e-10	-0.00172007
1.73817e-10	-0.00172724
1.73857e-10	-0.0017344
1.73896e-10	-0.00174157
1.73935e-10	-0.00174875
1.73975e-10	-0.00175592
1.74014e-10	-0.0017631
1.74053e-10	-0.00177028
1.74093e-10	-0.00177747
1.74132e-10	-0.00178466
1.74172e-10	-0.00179185
1.74211e-10	-0.00179904
1.7425e-10	-0.00180624
1.7429e-10	-0.00181344
1.74329e-10	-0.00182065
1.74368e-10	-0.00182786
1.74408e-10	-0.00183507
1.74447e-10	-0.00184228
1.74486e-10	-0.0018495
1.74526e-10	-0.00185672
1.74565e-10	-0.00186394
1.74604e-10	-0.00187116
1.74644e-10	-0.00187839
1.74683e-10	-0.00188562
1.74722e-10	-0.00189286
1.74762e-10	-0.00190009
1.74801e-10	-0.00190733
1.74841e-10	-0.00191457
1.7488e-10	-0.00192182
1.74919e-10	-0.00192907
1.74959e-10	-0.00193632
1.74998e-10	-0.00194357
1.75037e-10	-0.00195083
1.75077e-10	-0.00195808
1.75116e-10	-0.00196535
1.75155e-10	-0.00197261
1.75195e-10	-0.00197987
1.75234e-10	-0.00198714
1.75273e-10	-0.00199441
1.75313e-10	-0.00200169
1.75352e-10	-0.00200896
1.75392e-10	-0.00201624
1.75431e-10	-0.00202352
1.7547e-10	-0.00203081
1.7551e-10	-0.00203809
1.75549e-10	-0.00204538
1.75588e-10	-0.00205267
1.75628e-10	-0.00205996
1.75667e-10	-0.00206726
1.75706e-10	-0.00207455
1.75746e-10	-0.00208185
1.75785e-10	-0.00208915
1.75824e-10	-0.00209646
1.75864e-10	-0.00210376
1.75903e-10	-0.00211107
1.75943e-10	-0.00211838
1.75982e-10	-0.00212569
1.76021e-10	-0.00213301
1.76061e-10	-0.00214032
1.761e-10	-0.00214764
1.76139e-10	-0.00215496
1.76179e-10	-0.00216228
1.76218e-10	-0.0021696
1.76257e-10	-0.00217693
1.76297e-10	-0.00218426
1.76336e-10	-0.00219159
1.76375e-10	-0.00219892
1.76415e-10	-0.00220625
1.76454e-10	-0.00221359
1.76494e-10	-0.00222092
1.76533e-10	-0.00222826
1.76572e-10	-0.0022356
1.76612e-10	-0.00224294
1.76651e-10	-0.00225028
1.7669e-10	-0.00225763
1.7673e-10	-0.00226497
1.76769e-10	-0.00227232
1.76808e-10	-0.00227967
1.76848e-10	-0.00228702
1.76887e-10	-0.00229437
1.76926e-10	-0.00230173
1.76966e-10	-0.00230908
1.77005e-10	-0.00231644
1.77045e-10	-0.0023238
1.77084e-10	-0.00233116
1.77123e-10	-0.00233852
1.77163e-10	-0.00234588
1.77202e-10	-0.00235324
1.77241e-10	-0.00236061
1.77281e-10	-0.00236797
1.7732e-10	-0.00237534
1.77359e-10	-0.00238271
1.77399e-10	-0.00239008
1.77438e-10	-0.00239745
1.77477e-10	-0.00240482
1.77517e-10	-0.00241219
1.77556e-10	-0.00241956
1.77596e-10	-0.00242694
1.77635e-10	-0.00243431
1.77674e-10	-0.00244169
1.77714e-10	-0.00244907
1.77753e-10	-0.00245645
1.77792e-10	-0.00246382
1.77832e-10	-0.0024712
1.77871e-10	-0.00247858
1.7791e-10	-0.00248597
1.7795e-10	-0.00249335
1.77989e-10	-0.00250073
1.78028e-10	-0.00250812
1.78068e-10	-0.0025155
1.78107e-10	-0.00252288
1.78146e-10	-0.00253027
1.78186e-10	-0.00253766
1.78225e-10	-0.00254504
1.78265e-10	-0.00255243
1.78304e-10	-0.00255982
1.78343e-10	-0.00256721
1.78383e-10	-0.0025746
1.78422e-10	-0.00258199
1.78461e-10	-0.00258938
1.78501e-10	-0.00259677
1.7854e-10	-0.00260416
1.78579e-10	-0.00261155
1.78619e-10	-0.00261894
1.78658e-10	-0.00262633
1.78697e-10	-0.00263372
1.78737e-10	-0.00264111
1.78776e-10	-0.0026485
1.78816e-10	-0.0026559
1.78855e-10	-0.00266329
1.78894e-10	-0.00267068
1.78934e-10	-0.00267807
1.78973e-10	-0.00268547
1.79012e-10	-0.00269286
1.79052e-10	-0.00270025
1.79091e-10	-0.00270764
1.7913e-10	-0.00271504
1.7917e-10	-0.00272243
1.79209e-10	-0.00272982
1.79248e-10	-0.00273721
1.79288e-10	-0.00274461
1.79327e-10	-0.002752
1.79367e-10	-0.00275939
1.79406e-10	-0.00276678
1.79445e-10	-0.00277417
1.79485e-10	-0.00278156
1.79524e-10	-0.00278895
1.79563e-10	-0.00279634
1.79603e-10	-0.00280373
1.79642e-10	-0.00281112
1.79681e-10	-0.00281851
1.79721e-10	-0.0028259
1.7976e-10	-0.00283329
1.79799e-10	-0.00284068
1.79839e-10	-0.00284806
1.79878e-10	-0.00285545
1.79918e-10	-0.00286283
1.79957e-10	-0.00287022
1.79996e-10	-0.0028776
1.80036e-10	-0.00288499
1.80075e-10	-0.00289237
1.80114e-10	-0.00289975
1.80154e-10	-0.00290713
1.80193e-10	-0.00291451
1.80232e-10	-0.00292189
1.80272e-10	-0.00292927
1.80311e-10	-0.00293665
1.8035e-10	-0.00294402
1.8039e-10	-0.0029514
1.80429e-10	-0.00295878
1.80469e-10	-0.00296615
1.80508e-10	-0.00297352
1.80547e-10	-0.00298089
1.80587e-10	-0.00298826
1.80626e-10	-0.00299563
1.80665e-10	-0.003003
1.80705e-10	-0.00301037
1.80744e-10	-0.00301773
1.80783e-10	-0.0030251
1.80823e-10	-0.00303246
1.80862e-10	-0.00303982
1.80901e-10	-0.00304718
1.80941e-10	-0.00305454
1.8098e-10	-0.0030619
1.8102e-10	-0.00306926
1.81059e-10	-0.00307661
1.81098e-10	-0.00308396
1.81138e-10	-0.00309132
1.81177e-10	-0.00309867
1.81216e-10	-0.00310602
1.81256e-10	-0.00311336
1.81295e-10	-0.00312071
1.81334e-10	-0.00312805
1.81374e-10	-0.00313539
1.81413e-10	-0.00314273
1.81452e-10	-0.00315007
1.81492e-10	-0.00315741
1.81531e-10	-0.00316474
1.8157e-10	-0.00317208
1.8161e-10	-0.00317941
1.81649e-10	-0.00318674
1.81689e-10	-0.00319406
1.81728e-10	-0.00320139
1.81767e-10	-0.00320871
1.81807e-10	-0.00321603
1.81846e-10	-0.00322335
1.81885e-10	-0.00323067
1.81925e-10	-0.00323798
1.81964e-10	-0.0032453
1.82003e-10	-0.00325261
1.82043e-10	-0.00325992
1.82082e-10	-0.00326722
1.82121e-10	-0.00327453
1.82161e-10	-0.00328183
1.822e-10	-0.00328913
1.8224e-10	-0.00329642
1.82279e-10	-0.00330372
1.82318e-10	-0.00331101
1.82358e-10	-0.0033183
1.82397e-10	-0.00332558
1.82436e-10	-0.00333287
1.82476e-10	-0.00334015
1.82515e-10	-0.00334743
1.82554e-10	-0.00335471
1.82594e-10	-0.00336198
1.82633e-10	-0.00336925
1.82672e-10	-0.00337652
1.82712e-10	-0.00338379
1.82751e-10	-0.00339105
1.82791e-10	-0.00339831
1.8283e-10	-0.00340557
1.82869e-10	-0.00341282
1.82909e-10	-0.00342007
1.82948e-10	-0.00342732
1.82987e-10	-0.00343457
1.83027e-10	-0.00344181
1.83066e-10	-0.00344905
1.83105e-10	-0.00345628
1.83145e-10	-0.00346352
1.83184e-10	-0.00347075
1.83223e-10	-0.00347798
1.83263e-10	-0.0034852
1.83302e-10	-0.00349242
1.83342e-10	-0.00349964
1.83381e-10	-0.00350685
1.8342e-10	-0.00351406
1.8346e-10	-0.00352127
1.83499e-10	-0.00352848
1.83538e-10	-0.00353568
1.83578e-10	-0.00354287
1.83617e-10	-0.00355007
1.83656e-10	-0.00355726
1.83696e-10	-0.00356444
1.83735e-10	-0.00357163
1.83774e-10	-0.00357881
1.83814e-10	-0.00358598
1.83853e-10	-0.00359316
1.83893e-10	-0.00360033
1.83932e-10	-0.00360749
1.83971e-10	-0.00361465
1.84011e-10	-0.00362181
1.8405e-10	-0.00362896
1.84089e-10	-0.00363611
1.84129e-10	-0.00364326
1.84168e-10	-0.0036504
1.84207e-10	-0.00365754
1.84247e-10	-0.00366467
1.84286e-10	-0.0036718
1.84325e-10	-0.00367893
1.84365e-10	-0.00368605
1.84404e-10	-0.00369317
1.84444e-10	-0.00370028
1.84483e-10	-0.00370739
1.84522e-10	-0.0037145
1.84562e-10	-0.0037216
1.84601e-10	-0.00372869
1.8464e-10	-0.00373579
1.8468e-10	-0.00374288
1.84719e-10	-0.00374996
1.84758e-10	-0.00375704
1.84798e-10	-0.00376411
1.84837e-10	-0.00377118
1.84876e-10	-0.00377825
1.84916e-10	-0.00378531
1.84955e-10	-0.00379237
1.84994e-10	-0.00379942
1.85034e-10	-0.00380647
1.85073e-10	-0.00381351
1.85113e-10	-0.00382055
1.85152e-10	-0.00382758
1.85191e-10	-0.00383461
1.85231e-10	-0.00384164
1.8527e-10	-0.00384865
1.85309e-10	-0.00385567
1.85349e-10	-0.00386268
1.85388e-10	-0.00386968
1.85427e-10	-0.00387668
1.85467e-10	-0.00388368
1.85506e-10	-0.00389067
1.85545e-10	-0.00389765
1.85585e-10	-0.00390463
1.85624e-10	-0.0039116
1.85664e-10	-0.00391857
1.85703e-10	-0.00392554
1.85742e-10	-0.0039325
1.85782e-10	-0.00393945
1.85821e-10	-0.0039464
1.8586e-10	-0.00395334
1.859e-10	-0.00396028
1.85939e-10	-0.00396721
1.85978e-10	-0.00397414
1.86018e-10	-0.00398106
1.86057e-10	-0.00398797
1.86096e-10	-0.00399488
1.86136e-10	-0.00400179
1.86175e-10	-0.00400869
1.86215e-10	-0.00401558
1.86254e-10	-0.00402247
1.86293e-10	-0.00402935
1.86333e-10	-0.00403623
1.86372e-10	-0.0040431
1.86411e-10	-0.00404996
1.86451e-10	-0.00405682
1.8649e-10	-0.00406368
1.86529e-10	-0.00407052
1.86569e-10	-0.00407736
1.86608e-10	-0.0040842
1.86647e-10	-0.00409103
1.86687e-10	-0.00409785
1.86726e-10	-0.00410467
1.86766e-10	-0.00411148
1.86805e-10	-0.00411829
1.86844e-10	-0.00412508
1.86884e-10	-0.00413188
1.86923e-10	-0.00413866
1.86962e-10	-0.00414544
1.87002e-10	-0.00415222
1.87041e-10	-0.00415899
1.8708e-10	-0.00416575
1.8712e-10	-0.0041725
1.87159e-10	-0.00417925
1.87198e-10	-0.00418599
1.87238e-10	-0.00419273
1.87277e-10	-0.00419946
1.87317e-10	-0.00420618
1.87356e-10	-0.00421289
1.87395e-10	-0.0042196
1.87435e-10	-0.00422631
1.87474e-10	-0.004233
1.87513e-10	-0.00423969
1.87553e-10	-0.00424637
1.87592e-10	-0.00425305
1.87631e-10	-0.00425972
1.87671e-10	-0.00426638
1.8771e-10	-0.00427303
1.87749e-10	-0.00427968
1.87789e-10	-0.00428632
1.87828e-10	-0.00429296
1.87868e-10	-0.00429958
1.87907e-10	-0.0043062
1.87946e-10	-0.00431282
1.87986e-10	-0.00431942
1.88025e-10	-0.00432602
1.88064e-10	-0.00433261
1.88104e-10	-0.0043392
1.88143e-10	-0.00434577
1.88182e-10	-0.00435234
1.88222e-10	-0.0043589
1.88261e-10	-0.00436546
1.883e-10	-0.00437201
1.8834e-10	-0.00437855
1.88379e-10	-0.00438508
1.88418e-10	-0.0043916
1.88458e-10	-0.00439812
1.88497e-10	-0.00440463
1.88537e-10	-0.00441113
1.88576e-10	-0.00441763
1.88615e-10	-0.00442411
1.88655e-10	-0.00443059
1.88694e-10	-0.00443706
1.88733e-10	-0.00444353
1.88773e-10	-0.00444998
1.88812e-10	-0.00445643
1.88851e-10	-0.00446287
1.88891e-10	-0.0044693
1.8893e-10	-0.00447572
1.88969e-10	-0.00448214
1.89009e-10	-0.00448855
1.89048e-10	-0.00449495
1.89088e-10	-0.00450134
1.89127e-10	-0.00450772
1.89166e-10	-0.0045141
1.89206e-10	-0.00452046
1.89245e-10	-0.00452682
1.89284e-10	-0.00453317
1.89324e-10	-0.00453951
1.89363e-10	-0.00454585
1.89402e-10	-0.00455217
1.89442e-10	-0.00455849
1.89481e-10	-0.0045648
1.8952e-10	-0.0045711
1.8956e-10	-0.00457739
1.89599e-10	-0.00458367
1.89639e-10	-0.00458995
1.89678e-10	-0.00459621
1.89717e-10	-0.00460247
1.89757e-10	-0.00460872
1.89796e-10	-0.00461496
1.89835e-10	-0.00462119
1.89875e-10	-0.00462741
1.89914e-10	-0.00463362
1.89953e-10	-0.00463983
1.89993e-10	-0.00464602
1.90032e-10	-0.00465221
1.90071e-10	-0.00465839
1.90111e-10	-0.00466456
1.9015e-10	-0.00467072
1.9019e-10	-0.00467687
1.90229e-10	-0.00468301
1.90268e-10	-0.00468914
1.90308e-10	-0.00469526
1.90347e-10	-0.00470138
1.90386e-10	-0.00470748
1.90426e-10	-0.00471357
1.90465e-10	-0.00471966
1.90504e-10	-0.00472574
1.90544e-10	-0.0047318
1.90583e-10	-0.00473786
1.90622e-10	-0.00474391
1.90662e-10	-0.00474995
1.90701e-10	-0.00475598
1.90741e-10	-0.00476199
1.9078e-10	-0.004768
1.90819e-10	-0.004774
1.90859e-10	-0.00477999
1.90898e-10	-0.00478598
1.90937e-10	-0.00479195
1.90977e-10	-0.00479791
1.91016e-10	-0.00480386
1.91055e-10	-0.0048098
1.91095e-10	-0.00481573
1.91134e-10	-0.00482165
1.91173e-10	-0.00482756
1.91213e-10	-0.00483347
1.91252e-10	-0.00483936
1.91292e-10	-0.00484524
1.91331e-10	-0.00485111
1.9137e-10	-0.00485697
1.9141e-10	-0.00486282
1.91449e-10	-0.00486866
1.91488e-10	-0.00487449
1.91528e-10	-0.00488031
1.91567e-10	-0.00488612
1.91606e-10	-0.00489192
1.91646e-10	-0.00489771
1.91685e-10	-0.00490349
1.91724e-10	-0.00490926
1.91764e-10	-0.00491502
1.91803e-10	-0.00492076
1.91843e-10	-0.0049265
1.91882e-10	-0.00493223
1.91921e-10	-0.00493794
1.91961e-10	-0.00494365
1.92e-10	-0.00494934
1.92039e-10	-0.00495502
1.92079e-10	-0.0049607
1.92118e-10	-0.00496636
1.92157e-10	-0.00497201
1.92197e-10	-0.00497765
1.92236e-10	-0.00498328
1.92275e-10	-0.0049889
1.92315e-10	-0.0049945
1.92354e-10	-0.0050001
1.92393e-10	-0.00500568
1.92433e-10	-0.00501126
1.92472e-10	-0.00501682
1.92512e-10	-0.00502237
1.92551e-10	-0.00502791
1.9259e-10	-0.00503344
1.9263e-10	-0.00503896
1.92669e-10	-0.00504447
1.92708e-10	-0.00504996
1.92748e-10	-0.00505544
1.92787e-10	-0.00506092
1.92826e-10	-0.00506638
1.92866e-10	-0.00507183
1.92905e-10	-0.00507726
1.92944e-10	-0.00508269
1.92984e-10	-0.00508811
1.93023e-10	-0.00509351
1.93063e-10	-0.0050989
1.93102e-10	-0.00510428
1.93141e-10	-0.00510965
1.93181e-10	-0.005115
1.9322e-10	-0.00512035
1.93259e-10	-0.00512568
1.93299e-10	-0.005131
1.93338e-10	-0.00513631
1.93377e-10	-0.00514161
1.93417e-10	-0.00514689
1.93456e-10	-0.00515216
1.93495e-10	-0.00515742
1.93535e-10	-0.00516267
1.93574e-10	-0.00516791
1.93614e-10	-0.00517313
1.93653e-10	-0.00517834
1.93692e-10	-0.00518354
1.93732e-10	-0.00518873
1.93771e-10	-0.00519391
1.9381e-10	-0.00519907
1.9385e-10	-0.00520422
1.93889e-10	-0.00520936
1.93928e-10	-0.00521448
1.93968e-10	-0.0052196
1.94007e-10	-0.0052247
1.94046e-10	-0.00522979
1.94086e-10	-0.00523486
1.94125e-10	-0.00523992
1.94165e-10	-0.00524497
1.94204e-10	-0.00525001
1.94243e-10	-0.00525504
1.94283e-10	-0.00526005
1.94322e-10	-0.00526505
1.94361e-10	-0.00527003
1.94401e-10	-0.00527501
1.9444e-10	-0.00527997
1.94479e-10	-0.00528491
1.94519e-10	-0.00528985
1.94558e-10	-0.00529477
1.94597e-10	-0.00529968
1.94637e-10	-0.00530457
1.94676e-10	-0.00530946
1.94716e-10	-0.00531432
1.94755e-10	-0.00531918
1.94794e-10	-0.00532402
1.94834e-10	-0.00532885
1.94873e-10	-0.00533367
1.94912e-10	-0.00533847
1.94952e-10	-0.00534326
1.94991e-10	-0.00534804
1.9503e-10	-0.0053528
1.9507e-10	-0.00535755
1.95109e-10	-0.00536228
1.95148e-10	-0.005367
1.95188e-10	-0.00537171
1.95227e-10	-0.00537641
1.95267e-10	-0.00538109
1.95306e-10	-0.00538576
1.95345e-10	-0.00539041
1.95385e-10	-0.00539505
1.95424e-10	-0.00539968
1.95463e-10	-0.00540429
1.95503e-10	-0.00540889
1.95542e-10	-0.00541347
1.95581e-10	-0.00541804
1.95621e-10	-0.0054226
1.9566e-10	-0.00542714
1.95699e-10	-0.00543167
1.95739e-10	-0.00543618
1.95778e-10	-0.00544068
1.95817e-10	-0.00544517
1.95857e-10	-0.00544964
1.95896e-10	-0.0054541
1.95936e-10	-0.00545854
1.95975e-10	-0.00546297
1.96014e-10	-0.00546739
1.96054e-10	-0.00547179
1.96093e-10	-0.00547617
1.96132e-10	-0.00548054
1.96172e-10	-0.0054849
1.96211e-10	-0.00548924
1.9625e-10	-0.00549357
1.9629e-10	-0.00549788
1.96329e-10	-0.00550218
1.96368e-10	-0.00550647
1.96408e-10	-0.00551074
1.96447e-10	-0.00551499
1.96487e-10	-0.00551923
1.96526e-10	-0.00552346
1.96565e-10	-0.00552767
1.96605e-10	-0.00553186
1.96644e-10	-0.00553604
1.96683e-10	-0.00554021
1.96723e-10	-0.00554436
1.96762e-10	-0.00554849
1.96801e-10	-0.00555262
1.96841e-10	-0.00555672
1.9688e-10	-0.00556081
1.96919e-10	-0.00556489
1.96959e-10	-0.00556895
1.96998e-10	-0.00557299
1.97038e-10	-0.00557702
1.97077e-10	-0.00558104
1.97116e-10	-0.00558504
1.97156e-10	-0.00558902
1.97195e-10	-0.00559299
1.97234e-10	-0.00559694
1.97274e-10	-0.00560088
1.97313e-10	-0.0056048
1.97352e-10	-0.00560871
1.97392e-10	-0.0056126
1.97431e-10	-0.00561647
1.9747e-10	-0.00562033
1.9751e-10	-0.00562418
1.97549e-10	-0.00562801
1.97589e-10	-0.00563182
1.97628e-10	-0.00563561
1.97667e-10	-0.0056394
1.97707e-10	-0.00564316
1.97746e-10	-0.00564691
1.97785e-10	-0.00565064
1.97825e-10	-0.00565436
1.97864e-10	-0.00565806
1.97903e-10	-0.00566175
1.97943e-10	-0.00566542
1.97982e-10	-0.00566907
1.98021e-10	-0.00567271
1.98061e-10	-0.00567633
1.981e-10	-0.00567994
1.9814e-10	-0.00568352
1.98179e-10	-0.0056871
1.98218e-10	-0.00569065
1.98258e-10	-0.00569419
1.98297e-10	-0.00569772
1.98336e-10	-0.00570122
1.98376e-10	-0.00570471
1.98415e-10	-0.00570819
1.98454e-10	-0.00571165
1.98494e-10	-0.00571509
1.98533e-10	-0.00571851
1.98572e-10	-0.00572192
1.98612e-10	-0.00572531
1.98651e-10	-0.00572869
1.98691e-10	-0.00573204
1.9873e-10	-0.00573539
1.98769e-10	-0.00573871
1.98809e-10	-0.00574202
1.98848e-10	-0.00574531
1.98887e-10	-0.00574858
1.98927e-10	-0.00575184
1.98966e-10	-0.00575508
1.99005e-10	-0.0057583
1.99045e-10	-0.00576151
1.99084e-10	-0.0057647
1.99123e-10	-0.00576787
1.99163e-10	-0.00577103
1.99202e-10	-0.00577416
1.99241e-10	-0.00577729
1.99281e-10	-0.00578039
1.9932e-10	-0.00578348
1.9936e-10	-0.00578654
1.99399e-10	-0.0057896
1.99438e-10	-0.00579263
1.99478e-10	-0.00579565
1.99517e-10	-0.00579865
1.99556e-10	-0.00580163
1.99596e-10	-0.00580459
1.99635e-10	-0.00580754
1.99674e-10	-0.00581047
1.99714e-10	-0.00581338
1.99753e-10	-0.00581628
1.99792e-10	-0.00581915
1.99832e-10	-0.00582201
1.99871e-10	-0.00582485
1.99911e-10	-0.00582768
1.9995e-10	-0.00583048
1.99989e-10	-0.00583327
2.00029e-10	-0.00583604
2.00068e-10	-0.00583879
2.00107e-10	-0.00584153
2.00147e-10	-0.00584424
2.00186e-10	-0.00584694
2.00225e-10	-0.00584962
2.00265e-10	-0.00585228
2.00304e-10	-0.00585493
2.00343e-10	-0.00585755
2.00383e-10	-0.00586016
2.00422e-10	-0.00586275
2.00462e-10	-0.00586532
2.00501e-10	-0.00586788
2.0054e-10	-0.00587041
2.0058e-10	-0.00587293
2.00619e-10	-0.00587543
2.00658e-10	-0.00587791
2.00698e-10	-0.00588037
2.00737e-10	-0.00588281
2.00776e-10	-0.00588524
2.00816e-10	-0.00588764
2.00855e-10	-0.00589003
2.00894e-10	-0.0058924
2.00934e-10	-0.00589475
2.00973e-10	-0.00589708
2.01013e-10	-0.00589939
2.01052e-10	-0.00590169
2.01091e-10	-0.00590396
2.01131e-10	-0.00590622
2.0117e-10	-0.00590846
2.01209e-10	-0.00591068
2.01249e-10	-0.00591288
2.01288e-10	-0.00591506
2.01327e-10	-0.00591722
2.01367e-10	-0.00591936
2.01406e-10	-0.00592149
2.01445e-10	-0.00592359
2.01485e-10	-0.00592568
2.01524e-10	-0.00592775
2.01564e-10	-0.0059298
2.01603e-10	-0.00593182
2.01642e-10	-0.00593383
2.01682e-10	-0.00593582
2.01721e-10	-0.0059378
2.0176e-10	-0.00593975
2.018e-10	-0.00594168
2.01839e-10	-0.00594359
2.01878e-10	-0.00594549
2.01918e-10	-0.00594736
2.01957e-10	-0.00594922
2.01996e-10	-0.00595105
2.02036e-10	-0.00595287
2.02075e-10	-0.00595466
2.02115e-10	-0.00595644
2.02154e-10	-0.0059582
2.02193e-10	-0.00595993
2.02233e-10	-0.00596165
2.02272e-10	-0.00596335
2.02311e-10	-0.00596503
2.02351e-10	-0.00596669
2.0239e-10	-0.00596833
2.02429e-10	-0.00596994
2.02469e-10	-0.00597154
2.02508e-10	-0.00597312
2.02547e-10	-0.00597468
2.02587e-10	-0.00597622
2.02626e-10	-0.00597774
2.02665e-10	-0.00597924
2.02705e-10	-0.00598072
2.02744e-10	-0.00598218
2.02784e-10	-0.00598362
2.02823e-10	-0.00598503
2.02862e-10	-0.00598643
2.02902e-10	-0.00598781
2.02941e-10	-0.00598917
2.0298e-10	-0.00599051
2.0302e-10	-0.00599182
2.03059e-10	-0.00599312
2.03098e-10	-0.0059944
2.03138e-10	-0.00599565
2.03177e-10	-0.00599689
2.03216e-10	-0.00599811
2.03256e-10	-0.0059993
2.03295e-10	-0.00600048
2.03335e-10	-0.00600163
2.03374e-10	-0.00600276
2.03413e-10	-0.00600387
2.03453e-10	-0.00600497
2.03492e-10	-0.00600604
2.03531e-10	-0.00600709
2.03571e-10	-0.00600812
2.0361e-10	-0.00600913
2.03649e-10	-0.00601012
2.03689e-10	-0.00601108
2.03728e-10	-0.00601203
2.03767e-10	-0.00601295
2.03807e-10	-0.00601386
2.03846e-10	-0.00601474
2.03886e-10	-0.00601561
2.03925e-10	-0.00601645
2.03964e-10	-0.00601727
2.04004e-10	-0.00601807
2.04043e-10	-0.00601885
2.04082e-10	-0.0060196
2.04122e-10	-0.00602034
2.04161e-10	-0.00602105
2.042e-10	-0.00602175
2.0424e-10	-0.00602242
2.04279e-10	-0.00602307
2.04318e-10	-0.0060237
2.04358e-10	-0.00602431
2.04397e-10	-0.0060249
2.04437e-10	-0.00602546
2.04476e-10	-0.00602601
2.04515e-10	-0.00602653
2.04555e-10	-0.00602703
2.04594e-10	-0.00602751
2.04633e-10	-0.00602797
2.04673e-10	-0.00602841
2.04712e-10	-0.00602882
2.04751e-10	-0.00602922
2.04791e-10	-0.00602959
2.0483e-10	-0.00602994
2.04869e-10	-0.00603027
2.04909e-10	-0.00603057
2.04948e-10	-0.00603086
2.04988e-10	-0.00603112
2.05027e-10	-0.00603136
2.05066e-10	-0.00603158
2.05106e-10	-0.00603178
2.05145e-10	-0.00603195
2.05184e-10	-0.00603211
2.05224e-10	-0.00603224
2.05263e-10	-0.00603235
2.05302e-10	-0.00603243
2.05342e-10	-0.0060325
2.05381e-10	-0.00603254
2.0542e-10	-0.00603256
2.0546e-10	-0.00603256
2.05499e-10	-0.00603254
2.05539e-10	-0.00603249
2.05578e-10	-0.00603243
2.05617e-10	-0.00603234
2.05657e-10	-0.00603222
2.05696e-10	-0.00603209
2.05735e-10	-0.00603193
2.05775e-10	-0.00603175
2.05814e-10	-0.00603155
2.05853e-10	-0.00603133
2.05893e-10	-0.00603108
2.05932e-10	-0.00603081
2.05971e-10	-0.00603052
2.06011e-10	-0.00603021
2.0605e-10	-0.00602987
2.06089e-10	-0.00602951
2.06129e-10	-0.00602913
2.06168e-10	-0.00602872
2.06208e-10	-0.00602829
2.06247e-10	-0.00602784
2.06286e-10	-0.00602737
2.06326e-10	-0.00602687
2.06365e-10	-0.00602636
2.06404e-10	-0.00602581
2.06444e-10	-0.00602525
2.06483e-10	-0.00602466
2.06522e-10	-0.00602405
2.06562e-10	-0.00602342
2.06601e-10	-0.00602276
2.0664e-10	-0.00602209
2.0668e-10	-0.00602138
2.06719e-10	-0.00602066
2.06759e-10	-0.00601991
2.06798e-10	-0.00601914
2.06837e-10	-0.00601834
2.06877e-10	-0.00601753
2.06916e-10	-0.00601669
2.06955e-10	-0.00601582
2.06995e-10	-0.00601494
2.07034e-10	-0.00601402
2.07073e-10	-0.00601309
2.07113e-10	-0.00601213
2.07152e-10	-0.00601115
2.07191e-10	-0.00601015
2.07231e-10	-0.00600912
2.0727e-10	-0.00600807
2.0731e-10	-0.006007
2.07349e-10	-0.0060059
2.07388e-10	-0.00600478
2.07428e-10	-0.00600364
2.07467e-10	-0.00600247
2.07506e-10	-0.00600128
2.07546e-10	-0.00600006
2.07585e-10	-0.00599882
2.07624e-10	-0.00599756
2.07664e-10	-0.00599627
2.07703e-10	-0.00599496
2.07742e-10	-0.00599363
2.07782e-10	-0.00599227
2.07821e-10	-0.00599089
2.07861e-10	-0.00598949
2.079e-10	-0.00598806
2.07939e-10	-0.00598661
2.07979e-10	-0.00598513
2.08018e-10	-0.00598363
2.08057e-10	-0.00598211
2.08097e-10	-0.00598056
2.08136e-10	-0.00597898
2.08175e-10	-0.00597739
2.08215e-10	-0.00597577
2.08254e-10	-0.00597412
2.08293e-10	-0.00597246
2.08333e-10	-0.00597076
2.08372e-10	-0.00596905
2.08412e-10	-0.00596731
2.08451e-10	-0.00596554
2.0849e-10	-0.00596375
2.0853e-10	-0.00596194
2.08569e-10	-0.0059601
2.08608e-10	-0.00595824
2.08648e-10	-0.00595635
2.08687e-10	-0.00595444
2.08726e-10	-0.00595251
2.08766e-10	-0.00595055
2.08805e-10	-0.00594857
2.08844e-10	-0.00594656
2.08884e-10	-0.00594453
2.08923e-10	-0.00594247
2.08963e-10	-0.00594039
2.09002e-10	-0.00593828
2.09041e-10	-0.00593615
2.09081e-10	-0.005934
2.0912e-10	-0.00593182
2.09159e-10	-0.00592961
2.09199e-10	-0.00592738
2.09238e-10	-0.00592513
2.09277e-10	-0.00592285
2.09317e-10	-0.00592055
2.09356e-10	-0.00591822
2.09395e-10	-0.00591587
2.09435e-10	-0.00591349
2.09474e-10	-0.00591109
2.09513e-10	-0.00590866
2.09553e-10	-0.00590621
2.09592e-10	-0.00590374
2.09632e-10	-0.00590124
2.09671e-10	-0.00589871
2.0971e-10	-0.00589616
2.0975e-10	-0.00589358
2.09789e-10	-0.00589098
2.09828e-10	-0.00588836
2.09868e-10	-0.00588571
2.09907e-10	-0.00588303
2.09946e-10	-0.00588033
2.09986e-10	-0.0058776
2.10025e-10	-0.00587485
2.10064e-10	-0.00587208
2.10104e-10	-0.00586928
2.10143e-10	-0.00586645
2.10183e-10	-0.0058636
2.10222e-10	-0.00586072
2.10261e-10	-0.00585782
2.10301e-10	-0.00585489
2.1034e-10	-0.00585194
2.10379e-10	-0.00584896
2.10419e-10	-0.00584596
2.10458e-10	-0.00584293
2.10497e-10	-0.00583988
2.10537e-10	-0.0058368
2.10576e-10	-0.00583369
2.10615e-10	-0.00583056
2.10655e-10	-0.00582741
2.10694e-10	-0.00582423
2.10734e-10	-0.00582102
2.10773e-10	-0.00581779
2.10812e-10	-0.00581453
2.10852e-10	-0.00581125
2.10891e-10	-0.00580794
2.1093e-10	-0.0058046
2.1097e-10	-0.00580124
2.11009e-10	-0.00579786
2.11048e-10	-0.00579445
2.11088e-10	-0.00579101
2.11127e-10	-0.00578755
2.11166e-10	-0.00578406
2.11206e-10	-0.00578055
2.11245e-10	-0.00577701
2.11285e-10	-0.00577344
2.11324e-10	-0.00576985
2.11363e-10	-0.00576624
2.11403e-10	-0.00576259
2.11442e-10	-0.00575893
2.11481e-10	-0.00575523
2.11521e-10	-0.00575151
2.1156e-10	-0.00574777
2.11599e-10	-0.00574399
2.11639e-10	-0.0057402
2.11678e-10	-0.00573637
2.11717e-10	-0.00573252
2.11757e-10	-0.00572865
2.11796e-10	-0.00572475
2.11836e-10	-0.00572082
2.11875e-10	-0.00571686
2.11914e-10	-0.00571288
2.11954e-10	-0.00570888
2.11993e-10	-0.00570485
2.12032e-10	-0.00570079
2.12072e-10	-0.00569671
2.12111e-10	-0.0056926
2.1215e-10	-0.00568846
2.1219e-10	-0.0056843
2.12229e-10	-0.00568011
2.12268e-10	-0.00567589
2.12308e-10	-0.00567165
2.12347e-10	-0.00566738
2.12387e-10	-0.00566309
2.12426e-10	-0.00565877
2.12465e-10	-0.00565442
2.12505e-10	-0.00565005
2.12544e-10	-0.00564565
2.12583e-10	-0.00564123
2.12623e-10	-0.00563677
2.12662e-10	-0.0056323
2.12701e-10	-0.00562779
2.12741e-10	-0.00562326
2.1278e-10	-0.0056187
2.12819e-10	-0.00561412
2.12859e-10	-0.00560951
2.12898e-10	-0.00560487
2.12938e-10	-0.00560021
2.12977e-10	-0.00559552
2.13016e-10	-0.0055908
2.13056e-10	-0.00558606
2.13095e-10	-0.00558129
2.13134e-10	-0.0055765
2.13174e-10	-0.00557167
2.13213e-10	-0.00556682
2.13252e-10	-0.00556195
2.13292e-10	-0.00555704
2.13331e-10	-0.00555212
2.1337e-10	-0.00554716
2.1341e-10	-0.00554218
2.13449e-10	-0.00553717
2.13488e-10	-0.00553213
2.13528e-10	-0.00552707
2.13567e-10	-0.00552198
2.13607e-10	-0.00551686
2.13646e-10	-0.00551172
2.13685e-10	-0.00550655
2.13725e-10	-0.00550135
2.13764e-10	-0.00549613
2.13803e-10	-0.00549088
2.13843e-10	-0.0054856
2.13882e-10	-0.0054803
2.13921e-10	-0.00547497
2.13961e-10	-0.00546961
2.14e-10	-0.00546423
2.14039e-10	-0.00545881
2.14079e-10	-0.00545338
2.14118e-10	-0.00544791
2.14158e-10	-0.00544242
2.14197e-10	-0.0054369
2.14236e-10	-0.00543135
2.14276e-10	-0.00542578
2.14315e-10	-0.00542018
2.14354e-10	-0.00541455
2.14394e-10	-0.0054089
2.14433e-10	-0.00540322
2.14472e-10	-0.00539751
2.14512e-10	-0.00539177
2.14551e-10	-0.00538601
2.1459e-10	-0.00538022
2.1463e-10	-0.0053744
2.14669e-10	-0.00536856
2.14709e-10	-0.00536269
2.14748e-10	-0.00535679
2.14787e-10	-0.00535086
2.14827e-10	-0.00534491
2.14866e-10	-0.00533893
2.14905e-10	-0.00533292
2.14945e-10	-0.00532689
2.14984e-10	-0.00532082
2.15023e-10	-0.00531474
2.15063e-10	-0.00530862
2.15102e-10	-0.00530248
2.15141e-10	-0.0052963
2.15181e-10	-0.00529011
2.1522e-10	-0.00528388
2.1526e-10	-0.00527763
2.15299e-10	-0.00527135
2.15338e-10	-0.00526504
2.15378e-10	-0.00525871
2.15417e-10	-0.00525234
2.15456e-10	-0.00524596
2.15496e-10	-0.00523954
2.15535e-10	-0.00523309
2.15574e-10	-0.00522662
2.15614e-10	-0.00522012
2.15653e-10	-0.0052136
2.15692e-10	-0.00520704
2.15732e-10	-0.00520046
2.15771e-10	-0.00519385
2.15811e-10	-0.00518722
2.1585e-10	-0.00518055
2.15889e-10	-0.00517386
2.15929e-10	-0.00516714
2.15968e-10	-0.0051604
2.16007e-10	-0.00515362
2.16047e-10	-0.00514682
2.16086e-10	-0.00513999
2.16125e-10	-0.00513314
2.16165e-10	-0.00512625
2.16204e-10	-0.00511934
2.16243e-10	-0.0051124
2.16283e-10	-0.00510544
2.16322e-10	-0.00509844
2.16362e-10	-0.00509142
2.16401e-10	-0.00508437
2.1644e-10	-0.0050773
2.1648e-10	-0.00507019
2.16519e-10	-0.00506306
2.16558e-10	-0.0050559
2.16598e-10	-0.00504871
2.16637e-10	-0.0050415
2.16676e-10	-0.00503425
2.16716e-10	-0.00502698
2.16755e-10	-0.00501969
2.16794e-10	-0.00501236
2.16834e-10	-0.00500501
2.16873e-10	-0.00499763
2.16912e-10	-0.00499022
2.16952e-10	-0.00498278
2.16991e-10	-0.00497532
2.17031e-10	-0.00496782
2.1707e-10	-0.0049603
2.17109e-10	-0.00495276
2.17149e-10	-0.00494518
2.17188e-10	-0.00493758
2.17227e-10	-0.00492995
2.17267e-10	-0.00492229
2.17306e-10	-0.0049146
2.17345e-10	-0.00490689
2.17385e-10	-0.00489915
2.17424e-10	-0.00489138
2.17463e-10	-0.00488358
2.17503e-10	-0.00487576
2.17542e-10	-0.0048679
2.17582e-10	-0.00486002
2.17621e-10	-0.00485211
2.1766e-10	-0.00484418
2.177e-10	-0.00483621
2.17739e-10	-0.00482822
2.17778e-10	-0.0048202
2.17818e-10	-0.00481215
2.17857e-10	-0.00480408
2.17896e-10	-0.00479597
2.17936e-10	-0.00478784
2.17975e-10	-0.00477968
2.18014e-10	-0.0047715
2.18054e-10	-0.00476328
2.18093e-10	-0.00475504
2.18133e-10	-0.00474677
2.18172e-10	-0.00473847
2.18211e-10	-0.00473014
2.18251e-10	-0.00472179
2.1829e-10	-0.00471341
2.18329e-10	-0.004705
2.18369e-10	-0.00469656
2.18408e-10	-0.00468809
2.18447e-10	-0.0046796
2.18487e-10	-0.00467108
2.18526e-10	-0.00466253
2.18565e-10	-0.00465395
2.18605e-10	-0.00464534
2.18644e-10	-0.00463671
2.18684e-10	-0.00462805
2.18723e-10	-0.00461936
2.18762e-10	-0.00461064
2.18802e-10	-0.0046019
2.18841e-10	-0.00459312
2.1888e-10	-0.00458432
2.1892e-10	-0.00457549
2.18959e-10	-0.00456664
2.18998e-10	-0.00455775
2.19038e-10	-0.00454884
2.19077e-10	-0.0045399
2.19116e-10	-0.00453093
2.19156e-10	-0.00452193
2.19195e-10	-0.00451291
2.19235e-10	-0.00450386
2.19274e-10	-0.00449478
2.19313e-10	-0.00448567
2.19353e-10	-0.00447653
2.19392e-10	-0.00446737
2.19431e-10	-0.00445817
2.19471e-10	-0.00444895
2.1951e-10	-0.0044397
2.19549e-10	-0.00443043
2.19589e-10	-0.00442112
2.19628e-10	-0.00441179
2.19667e-10	-0.00440243
2.19707e-10	-0.00439304
2.19746e-10	-0.00438363
2.19786e-10	-0.00437418
2.19825e-10	-0.00436471
2.19864e-10	-0.00435521
2.19904e-10	-0.00434568
2.19943e-10	-0.00433612
2.19982e-10	-0.00432654
2.20022e-10	-0.00431693
2.20061e-10	-0.00430729
2.201e-10	-0.00429762
2.2014e-10	-0.00428792
2.20179e-10	-0.0042782
2.20218e-10	-0.00426845
2.20258e-10	-0.00425867
2.20297e-10	-0.00424886
2.20336e-10	-0.00423903
2.20376e-10	-0.00422916
2.20415e-10	-0.00421927
2.20455e-10	-0.00420935
2.20494e-10	-0.0041994
2.20533e-10	-0.00418943
2.20573e-10	-0.00417942
2.20612e-10	-0.00416939
2.20651e-10	-0.00415933
2.20691e-10	-0.00414925
2.2073e-10	-0.00413913
2.20769e-10	-0.00412899
2.20809e-10	-0.00411882
2.20848e-10	-0.00410862
2.20887e-10	-0.00409839
2.20927e-10	-0.00408813
2.20966e-10	-0.00407785
2.21006e-10	-0.00406754
2.21045e-10	-0.0040572
2.21084e-10	-0.00404684
2.21124e-10	-0.00403644
2.21163e-10	-0.00402602
2.21202e-10	-0.00401557
2.21242e-10	-0.00400509
2.21281e-10	-0.00399458
2.2132e-10	-0.00398405
2.2136e-10	-0.00397349
2.21399e-10	-0.0039629
2.21438e-10	-0.00395228
2.21478e-10	-0.00394164
2.21517e-10	-0.00393096
2.21557e-10	-0.00392026
2.21596e-10	-0.00390953
2.21635e-10	-0.00389878
2.21675e-10	-0.00388799
2.21714e-10	-0.00387718
2.21753e-10	-0.00386634
2.21793e-10	-0.00385547
2.21832e-10	-0.00384457
2.21871e-10	-0.00383365
2.21911e-10	-0.0038227
2.2195e-10	-0.00381172
2.21989e-10	-0.00380071
2.22029e-10	-0.00378968
2.22068e-10	-0.00377861
2.22108e-10	-0.00376752
2.22147e-10	-0.00375641
2.22186e-10	-0.00374526
2.22226e-10	-0.00373409
2.22265e-10	-0.00372288
2.22304e-10	-0.00371165
2.22344e-10	-0.0037004
2.22383e-10	-0.00368911
2.22422e-10	-0.0036778
2.22462e-10	-0.00366646
2.22501e-10	-0.00365509
2.2254e-10	-0.0036437
2.2258e-10	-0.00363227
2.22619e-10	-0.00362082
2.22659e-10	-0.00360934
2.22698e-10	-0.00359784
2.22737e-10	-0.0035863
2.22777e-10	-0.00357474
2.22816e-10	-0.00356315
2.22855e-10	-0.00355153
2.22895e-10	-0.00353989
2.22934e-10	-0.00352822
2.22973e-10	-0.00351652
2.23013e-10	-0.00350479
2.23052e-10	-0.00349304
2.23091e-10	-0.00348125
2.23131e-10	-0.00346944
2.2317e-10	-0.00345761
2.2321e-10	-0.00344574
2.23249e-10	-0.00343385
2.23288e-10	-0.00342193
2.23328e-10	-0.00340998
2.23367e-10	-0.003398
2.23406e-10	-0.003386
2.23446e-10	-0.00337397
2.23485e-10	-0.00336191
2.23524e-10	-0.00334983
2.23564e-10	-0.00333771
2.23603e-10	-0.00332557
2.23642e-10	-0.00331341
2.23682e-10	-0.00330121
2.23721e-10	-0.00328899
2.2376e-10	-0.00327674
2.238e-10	-0.00326446
2.23839e-10	-0.00325216
2.23879e-10	-0.00323983
2.23918e-10	-0.00322747
2.23957e-10	-0.00321508
2.23997e-10	-0.00320267
2.24036e-10	-0.00319022
2.24075e-10	-0.00317776
2.24115e-10	-0.00316526
2.24154e-10	-0.00315274
2.24193e-10	-0.00314019
2.24233e-10	-0.00312761
2.24272e-10	-0.003115
2.24311e-10	-0.00310237
2.24351e-10	-0.00308971
2.2439e-10	-0.00307703
2.2443e-10	-0.00306431
2.24469e-10	-0.00305157
2.24508e-10	-0.0030388
2.24548e-10	-0.00302601
2.24587e-10	-0.00301319
2.24626e-10	-0.00300034
2.24666e-10	-0.00298746
2.24705e-10	-0.00297456
2.24744e-10	-0.00296162
2.24784e-10	-0.00294867
2.24823e-10	-0.00293568
2.24862e-10	-0.00292267
2.24902e-10	-0.00290963
2.24941e-10	-0.00289657
2.24981e-10	-0.00288347
2.2502e-10	-0.00287035
2.25059e-10	-0.00285721
2.25099e-10	-0.00284403
2.25138e-10	-0.00283083
2.25177e-10	-0.0028176
2.25217e-10	-0.00280435
2.25256e-10	-0.00279107
2.25295e-10	-0.00277776
2.25335e-10	-0.00276442
2.25374e-10	-0.00275106
2.25413e-10	-0.00273767
2.25453e-10	-0.00272426
2.25492e-10	-0.00271081
2.25532e-10	-0.00269735
2.25571e-10	-0.00268385
2.2561e-10	-0.00267033
2.2565e-10	-0.00265678
2.25689e-10	-0.0026432
2.25728e-10	-0.0026296
2.25768e-10	-0.00261597
2.25807e-10	-0.00260231
2.25846e-10	-0.00258863
2.25886e-10	-0.00257492
2.25925e-10	-0.00256119
2.25964e-10	-0.00254742
2.26004e-10	-0.00253363
2.26043e-10	-0.00251982
2.26083e-10	-0.00250598
2.26122e-10	-0.00249211
2.26161e-10	-0.00247821
2.26201e-10	-0.00246429
2.2624e-10	-0.00245034
2.26279e-10	-0.00243637
2.26319e-10	-0.00242237
2.26358e-10	-0.00240834
2.26397e-10	-0.00239429
2.26437e-10	-0.00238021
2.26476e-10	-0.0023661
2.26515e-10	-0.00235197
2.26555e-10	-0.00233781
2.26594e-10	-0.00232362
2.26634e-10	-0.00230941
2.26673e-10	-0.00229518
2.26712e-10	-0.00228091
2.26752e-10	-0.00226662
2.26791e-10	-0.00225231
2.2683e-10	-0.00223796
2.2687e-10	-0.00222359
2.26909e-10	-0.0022092
2.26948e-10	-0.00219478
2.26988e-10	-0.00218033
2.27027e-10	-0.00216586
2.27066e-10	-0.00215136
2.27106e-10	-0.00213684
2.27145e-10	-0.00212229
2.27184e-10	-0.00210771
2.27224e-10	-0.00209311
2.27263e-10	-0.00207848
2.27303e-10	-0.00206382
2.27342e-10	-0.00204914
2.27381e-10	-0.00203444
2.27421e-10	-0.00201971
2.2746e-10	-0.00200495
2.27499e-10	-0.00199016
2.27539e-10	-0.00197535
2.27578e-10	-0.00196052
2.27617e-10	-0.00194566
2.27657e-10	-0.00193077
2.27696e-10	-0.00191586
2.27735e-10	-0.00190092
2.27775e-10	-0.00188596
2.27814e-10	-0.00187097
2.27854e-10	-0.00185596
2.27893e-10	-0.00184092
2.27932e-10	-0.00182585
2.27972e-10	-0.00181076
2.28011e-10	-0.00179564
2.2805e-10	-0.0017805
2.2809e-10	-0.00176534
2.28129e-10	-0.00175014
2.28168e-10	-0.00173492
2.28208e-10	-0.00171968
2.28247e-10	-0.00170441
2.28286e-10	-0.00168912
2.28326e-10	-0.0016738
2.28365e-10	-0.00165846
2.28405e-10	-0.00164309
2.28444e-10	-0.00162769
2.28483e-10	-0.00161227
2.28523e-10	-0.00159683
2.28562e-10	-0.00158136
2.28601e-10	-0.00156586
2.28641e-10	-0.00155034
2.2868e-10	-0.00153479
2.28719e-10	-0.00151922
2.28759e-10	-0.00150363
2.28798e-10	-0.00148801
2.28837e-10	-0.00147236
2.28877e-10	-0.00145669
2.28916e-10	-0.001441
2.28956e-10	-0.00142528
2.28995e-10	-0.00140953
2.29034e-10	-0.00139376
2.29074e-10	-0.00137797
2.29113e-10	-0.00136215
2.29152e-10	-0.00134631
2.29192e-10	-0.00133044
2.29231e-10	-0.00131455
2.2927e-10	-0.00129863
2.2931e-10	-0.00128269
2.29349e-10	-0.00126672
2.29388e-10	-0.00125073
2.29428e-10	-0.00123471
2.29467e-10	-0.00121867
2.29507e-10	-0.00120261
2.29546e-10	-0.00118652
2.29585e-10	-0.00117041
2.29625e-10	-0.00115427
2.29664e-10	-0.00113811
2.29703e-10	-0.00112192
2.29743e-10	-0.00110571
2.29782e-10	-0.00108947
2.29821e-10	-0.00107322
2.29861e-10	-0.00105693
2.299e-10	-0.00104063
2.29939e-10	-0.00102429
2.29979e-10	-0.00100794
2.30018e-10	-0.000991559
2.30058e-10	-0.000975156
2.30097e-10	-0.000958728
2.30136e-10	-0.000942277
2.30176e-10	-0.000925801
2.30215e-10	-0.000909302
2.30254e-10	-0.000892779
2.30294e-10	-0.000876232
2.30333e-10	-0.000859661
2.30372e-10	-0.000843067
2.30412e-10	-0.000826448
2.30451e-10	-0.000809807
2.3049e-10	-0.000793141
2.3053e-10	-0.000776452
2.30569e-10	-0.000759739
2.30608e-10	-0.000743003
2.30648e-10	-0.000726243
2.30687e-10	-0.000709459
2.30727e-10	-0.000692653
2.30766e-10	-0.000675822
2.30805e-10	-0.000658969
2.30845e-10	-0.000642092
2.30884e-10	-0.000625191
2.30923e-10	-0.000608268
2.30963e-10	-0.000591321
2.31002e-10	-0.000574351
2.31041e-10	-0.000557357
2.31081e-10	-0.000540341
2.3112e-10	-0.000523301
2.31159e-10	-0.000506239
2.31199e-10	-0.000489153
2.31238e-10	-0.000472044
2.31278e-10	-0.000454912
2.31317e-10	-0.000437758
2.31356e-10	-0.00042058
2.31396e-10	-0.00040338
2.31435e-10	-0.000386156
2.31474e-10	-0.00036891
2.31514e-10	-0.000351641
2.31553e-10	-0.00033435
2.31592e-10	-0.000317035
2.31632e-10	-0.000299698
2.31671e-10	-0.000282339
2.3171e-10	-0.000264957
2.3175e-10	-0.000247552
2.31789e-10	-0.000230125
2.31829e-10	-0.000212675
2.31868e-10	-0.000195203
2.31907e-10	-0.000177708
2.31947e-10	-0.000160191
2.31986e-10	-0.000142652
2.32025e-10	-0.000125091
2.32065e-10	-0.000107507
2.32104e-10	-8.99009e-05
2.32143e-10	-7.22727e-05
2.32183e-10	-5.46224e-05
2.32222e-10	-3.695e-05
2.32261e-10	-1.92555e-05
2.32301e-10	-1.53905e-06
2.3234e-10	1.61994e-05
2.3238e-10	3.39598e-05
2.32419e-10	5.17421e-05
2.32458e-10	6.95463e-05
2.32498e-10	8.73723e-05
2.32537e-10	0.00010522
2.32576e-10	0.00012309
2.32616e-10	0.000140981
2.32655e-10	0.000158894
2.32694e-10	0.000176828
2.32734e-10	0.000194784
2.32773e-10	0.000212762
2.32812e-10	0.000230761
2.32852e-10	0.000248782
2.32891e-10	0.000266824
2.32931e-10	0.000284888
2.3297e-10	0.000302972
2.33009e-10	0.000321079
2.33049e-10	0.000339206
2.33088e-10	0.000357354
2.33127e-10	0.000375524
2.33167e-10	0.000393715
2.33206e-10	0.000411927
2.33245e-10	0.00043016
2.33285e-10	0.000448414
2.33324e-10	0.00046669
2.33363e-10	0.000484986
2.33403e-10	0.000503302
2.33442e-10	0.00052164
2.33482e-10	0.000539999
2.33521e-10	0.000558378
2.3356e-10	0.000576778
2.336e-10	0.000595199
2.33639e-10	0.00061364
2.33678e-10	0.000632102
2.33718e-10	0.000650584
2.33757e-10	0.000669087
2.33796e-10	0.000687611
2.33836e-10	0.000706155
2.33875e-10	0.000724719
2.33914e-10	0.000743304
2.33954e-10	0.000761908
2.33993e-10	0.000780533
2.34033e-10	0.000799179
2.34072e-10	0.000817844
2.34111e-10	0.00083653
2.34151e-10	0.000855235
2.3419e-10	0.000873961
2.34229e-10	0.000892706
2.34269e-10	0.000911472
2.34308e-10	0.000930257
2.34347e-10	0.000949063
2.34387e-10	0.000967888
2.34426e-10	0.000986732
2.34465e-10	0.0010056
2.34505e-10	0.00102448
2.34544e-10	0.00104338
2.34583e-10	0.00106231
2.34623e-10	0.00108125
2.34662e-10	0.00110021
2.34702e-10	0.00111919
2.34741e-10	0.0011382
2.3478e-10	0.00115722
2.3482e-10	0.00117626
2.34859e-10	0.00119532
2.34898e-10	0.00121439
2.34938e-10	0.00123349
2.34977e-10	0.00125261
2.35016e-10	0.00127174
2.35056e-10	0.0012909
2.35095e-10	0.00131007
2.35134e-10	0.00132926
2.35174e-10	0.00134847
2.35213e-10	0.0013677
2.35253e-10	0.00138695
2.35292e-10	0.00140622
2.35331e-10	0.00142551
2.35371e-10	0.00144481
2.3541e-10	0.00146413
2.35449e-10	0.00148348
2.35489e-10	0.00150284
2.35528e-10	0.00152221
2.35567e-10	0.00154161
2.35607e-10	0.00156103
2.35646e-10	0.00158046
2.35685e-10	0.00159991
2.35725e-10	0.00161938
2.35764e-10	0.00163887
2.35804e-10	0.00165838
2.35843e-10	0.0016779
2.35882e-10	0.00169744
2.35922e-10	0.001717
2.35961e-10	0.00173658
2.36e-10	0.00175618
2.3604e-10	0.00177579
2.36079e-10	0.00179542
2.36118e-10	0.00181507
2.36158e-10	0.00183474
2.36197e-10	0.00185442
2.36236e-10	0.00187412
2.36276e-10	0.00189384
2.36315e-10	0.00191358
2.36355e-10	0.00193333
2.36394e-10	0.0019531
2.36433e-10	0.00197289
2.36473e-10	0.0019927
2.36512e-10	0.00201252
2.36551e-10	0.00203236
2.36591e-10	0.00205222
2.3663e-10	0.00207209
2.36669e-10	0.00209198
2.36709e-10	0.00211189
2.36748e-10	0.00213181
2.36787e-10	0.00215175
2.36827e-10	0.00217171
2.36866e-10	0.00219169
2.36906e-10	0.00221168
2.36945e-10	0.00223169
2.36984e-10	0.00225171
2.37024e-10	0.00227175
2.37063e-10	0.00229181
2.37102e-10	0.00231188
2.37142e-10	0.00233197
2.37181e-10	0.00235208
2.3722e-10	0.0023722
2.3726e-10	0.00239234
2.37299e-10	0.00241249
2.37338e-10	0.00243266
2.37378e-10	0.00245285
2.37417e-10	0.00247305
2.37457e-10	0.00249327
2.37496e-10	0.0025135
2.37535e-10	0.00253375
2.37575e-10	0.00255402
2.37614e-10	0.0025743
2.37653e-10	0.0025946
2.37693e-10	0.00261491
2.37732e-10	0.00263524
2.37771e-10	0.00265558
2.37811e-10	0.00267594
2.3785e-10	0.00269631
2.37889e-10	0.0027167
2.37929e-10	0.0027371
2.37968e-10	0.00275752
2.38007e-10	0.00277796
2.38047e-10	0.00279841
2.38086e-10	0.00281887
2.38126e-10	0.00283935
2.38165e-10	0.00285984
2.38204e-10	0.00288035
2.38244e-10	0.00290088
2.38283e-10	0.00292141
2.38322e-10	0.00294197
2.38362e-10	0.00296253
2.38401e-10	0.00298312
2.3844e-10	0.00300371
2.3848e-10	0.00302432
2.38519e-10	0.00304495
2.38558e-10	0.00306559
2.38598e-10	0.00308624
2.38637e-10	0.00310691
2.38677e-10	0.00312759
2.38716e-10	0.00314828
2.38755e-10	0.00316899
2.38795e-10	0.00318972
2.38834e-10	0.00321045
2.38873e-10	0.0032312
2.38913e-10	0.00325197
2.38952e-10	0.00327275
2.38991e-10	0.00329354
2.39031e-10	0.00331434
2.3907e-10	0.00333516
2.39109e-10	0.003356
2.39149e-10	0.00337684
2.39188e-10	0.0033977
2.39228e-10	0.00341857
2.39267e-10	0.00343946
2.39306e-10	0.00346036
2.39346e-10	0.00348127
2.39385e-10	0.00350219
2.39424e-10	0.00352313
2.39464e-10	0.00354408
2.39503e-10	0.00356504
2.39542e-10	0.00358602
2.39582e-10	0.00360701
2.39621e-10	0.00362801
2.3966e-10	0.00364902
2.397e-10	0.00367005
2.39739e-10	0.00369108
2.39779e-10	0.00371214
2.39818e-10	0.0037332
2.39857e-10	0.00375427
2.39897e-10	0.00377536
2.39936e-10	0.00379646
2.39975e-10	0.00381757
2.40015e-10	0.0038387
2.40054e-10	0.00385983
2.40093e-10	0.00388098
2.40133e-10	0.00390214
2.40172e-10	0.00392331
2.40211e-10	0.00394449
2.40251e-10	0.00396569
2.4029e-10	0.00398689
2.4033e-10	0.00400811
2.40369e-10	0.00402934
2.40408e-10	0.00405058
2.40448e-10	0.00407183
2.40487e-10	0.00409309
2.40526e-10	0.00411436
2.40566e-10	0.00413565
2.40605e-10	0.00415694
2.40644e-10	0.00417825
2.40684e-10	0.00419957
2.40723e-10	0.0042209
2.40762e-10	0.00424223
2.40802e-10	0.00426358
2.40841e-10	0.00428494
2.40881e-10	0.00430632
2.4092e-10	0.0043277
2.40959e-10	0.00434909
2.40999e-10	0.00437049
2.41038e-10	0.0043919
2.41077e-10	0.00441333
2.41117e-10	0.00443476
2.41156e-10	0.0044562
2.41195e-10	0.00447765
2.41235e-10	0.00449912
2.41274e-10	0.00452059
2.41313e-10	0.00454207
2.41353e-10	0.00456356
2.41392e-10	0.00458507
2.41431e-10	0.00460658
2.41471e-10	0.0046281
2.4151e-10	0.00464963
2.4155e-10	0.00467117
2.41589e-10	0.00469272
2.41628e-10	0.00471428
2.41668e-10	0.00473584
2.41707e-10	0.00475742
2.41746e-10	0.00477901
2.41786e-10	0.0048006
2.41825e-10	0.00482221
2.41864e-10	0.00484382
2.41904e-10	0.00486544
2.41943e-10	0.00488707
2.41982e-10	0.00490871
2.42022e-10	0.00493036
2.42061e-10	0.00495201
2.42101e-10	0.00497368
2.4214e-10	0.00499535
2.42179e-10	0.00501703
2.42219e-10	0.00503872
2.42258e-10	0.00506042
2.42297e-10	0.00508212
2.42337e-10	0.00510384
2.42376e-10	0.00512556
2.42415e-10	0.00514729
2.42455e-10	0.00516903
2.42494e-10	0.00519077
2.42533e-10	0.00521252
2.42573e-10	0.00523428
2.42612e-10	0.00525605
2.42652e-10	0.00527783
2.42691e-10	0.00529961
2.4273e-10	0.0053214
2.4277e-10	0.0053432
2.42809e-10	0.005365
2.42848e-10	0.00538681
2.42888e-10	0.00540863
2.42927e-10	0.00543046
2.42966e-10	0.00545229
2.43006e-10	0.00547413
2.43045e-10	0.00549597
2.43084e-10	0.00551783
2.43124e-10	0.00553969
2.43163e-10	0.00556155
2.43203e-10	0.00558342
2.43242e-10	0.0056053
2.43281e-10	0.00562719
2.43321e-10	0.00564908
2.4336e-10	0.00567098
2.43399e-10	0.00569288
2.43439e-10	0.00571479
2.43478e-10	0.0057367
2.43517e-10	0.00575862
2.43557e-10	0.00578055
2.43596e-10	0.00580248
2.43635e-10	0.00582442
2.43675e-10	0.00584637
2.43714e-10	0.00586831
2.43754e-10	0.00589027
2.43793e-10	0.00591223
2.43832e-10	0.00593419
2.43872e-10	0.00595616
2.43911e-10	0.00597814
2.4395e-10	0.00600012
2.4399e-10	0.00602211
2.44029e-10	0.0060441
2.44068e-10	0.00606609
2.44108e-10	0.00608809
2.44147e-10	0.0061101
2.44186e-10	0.0061321
2.44226e-10	0.00615412
2.44265e-10	0.00617614
2.44305e-10	0.00619816
2.44344e-10	0.00622019
2.44383e-10	0.00624222
2.44423e-10	0.00626425
2.44462e-10	0.00628629
2.44501e-10	0.00630833
2.44541e-10	0.00633038
2.4458e-10	0.00635243
2.44619e-10	0.00637449
2.44659e-10	0.00639654
2.44698e-10	0.00641861
2.44737e-10	0.00644067
2.44777e-10	0.00646274
2.44816e-10	0.00648481
2.44855e-10	0.00650689
2.44895e-10	0.00652897
2.44934e-10	0.00655105
2.44974e-10	0.00657313
2.45013e-10	0.00659522
2.45052e-10	0.00661731
2.45092e-10	0.00663941
2.45131e-10	0.0066615
2.4517e-10	0.0066836
2.4521e-10	0.0067057
2.45249e-10	0.00672781
2.45288e-10	0.00674991
2.45328e-10	0.00677202
2.45367e-10	0.00679413
2.45406e-10	0.00681624
2.45446e-10	0.00683836
2.45485e-10	0.00686048
2.45525e-10	0.0068826
2.45564e-10	0.00690472
2.45603e-10	0.00692684
2.45643e-10	0.00694896
2.45682e-10	0.00697109
2.45721e-10	0.00699322
2.45761e-10	0.00701535
2.458e-10	0.00703748
2.45839e-10	0.00705961
2.45879e-10	0.00708174
2.45918e-10	0.00710388
2.45957e-10	0.00712601
2.45997e-10	0.00714815
2.46036e-10	0.00717029
2.46076e-10	0.00719243
2.46115e-10	0.00721456
2.46154e-10	0.0072367
2.46194e-10	0.00725884
2.46233e-10	0.00728098
2.46272e-10	0.00730313
2.46312e-10	0.00732527
2.46351e-10	0.00734741
2.4639e-10	0.00736955
2.4643e-10	0.00739169
2.46469e-10	0.00741383
2.46508e-10	0.00743598
2.46548e-10	0.00745812
2.46587e-10	0.00748026
2.46627e-10	0.0075024
2.46666e-10	0.00752454
2.46705e-10	0.00754668
2.46745e-10	0.00756882
2.46784e-10	0.00759096
2.46823e-10	0.0076131
2.46863e-10	0.00763524
2.46902e-10	0.00765737
2.46941e-10	0.00767951
2.46981e-10	0.00770164
2.4702e-10	0.00772378
2.47059e-10	0.00774591
2.47099e-10	0.00776804
2.47138e-10	0.00779017
2.47178e-10	0.0078123
2.47217e-10	0.00783443
2.47256e-10	0.00785655
2.47296e-10	0.00787868
2.47335e-10	0.0079008
2.47374e-10	0.00792292
2.47414e-10	0.00794503
2.47453e-10	0.00796715
2.47492e-10	0.00798926
2.47532e-10	0.00801137
2.47571e-10	0.00803348
2.4761e-10	0.00805559
2.4765e-10	0.00807769
2.47689e-10	0.0080998
2.47729e-10	0.00812189
2.47768e-10	0.00814399
2.47807e-10	0.00816608
2.47847e-10	0.00818817
2.47886e-10	0.00821026
2.47925e-10	0.00823235
2.47965e-10	0.00825443
2.48004e-10	0.00827651
2.48043e-10	0.00829858
2.48083e-10	0.00832065
2.48122e-10	0.00834272
2.48161e-10	0.00836478
2.48201e-10	0.00838684
2.4824e-10	0.0084089
2.48279e-10	0.00843095
2.48319e-10	0.008453
2.48358e-10	0.00847505
2.48398e-10	0.00849709
2.48437e-10	0.00851913
2.48476e-10	0.00854116
2.48516e-10	0.00856319
2.48555e-10	0.00858521
2.48594e-10	0.00860723
2.48634e-10	0.00862924
2.48673e-10	0.00865125
2.48712e-10	0.00867326
2.48752e-10	0.00869526
2.48791e-10	0.00871725
2.4883e-10	0.00873924
2.4887e-10	0.00876123
2.48909e-10	0.00878321
2.48949e-10	0.00880518
2.48988e-10	0.00882715
2.49027e-10	0.00884912
2.49067e-10	0.00887107
2.49106e-10	0.00889303
2.49145e-10	0.00891497
2.49185e-10	0.00893691
2.49224e-10	0.00895885
2.49263e-10	0.00898078
2.49303e-10	0.0090027
2.49342e-10	0.00902462
2.49381e-10	0.00904653
2.49421e-10	0.00906843
2.4946e-10	0.00909033
2.495e-10	0.00911222
2.49539e-10	0.0091341
2.49578e-10	0.00915598
2.49618e-10	0.00917785
2.49657e-10	0.00919972
2.49696e-10	0.00922157
2.49736e-10	0.00924342
2.49775e-10	0.00926527
2.49814e-10	0.0092871
2.49854e-10	0.00930893
2.49893e-10	0.00933075
2.49932e-10	0.00935256
2.49972e-10	0.00937437
2.50011e-10	0.00939617
2.50051e-10	0.00941796
2.5009e-10	0.00943974
2.50129e-10	0.00946151
2.50169e-10	0.00948328
2.50208e-10	0.00950504
2.50247e-10	0.00952679
2.50287e-10	0.00954853
2.50326e-10	0.00957026
2.50365e-10	0.00959199
2.50405e-10	0.0096137
2.50444e-10	0.00963541
2.50483e-10	0.00965711
2.50523e-10	0.0096788
2.50562e-10	0.00970048
2.50602e-10	0.00972215
2.50641e-10	0.00974381
2.5068e-10	0.00976547
2.5072e-10	0.00978711
2.50759e-10	0.00980875
2.50798e-10	0.00983037
2.50838e-10	0.00985199
2.50877e-10	0.00987359
2.50916e-10	0.00989519
2.50956e-10	0.00991677
2.50995e-10	0.00993835
2.51034e-10	0.00995992
2.51074e-10	0.00998147
2.51113e-10	0.010003
2.51153e-10	0.0100246
2.51192e-10	0.0100461
2.51231e-10	0.0100676
2.51271e-10	0.0100891
2.5131e-10	0.0101106
2.51349e-10	0.0101321
2.51389e-10	0.0101535
2.51428e-10	0.010175
2.51467e-10	0.0101965
2.51507e-10	0.0102179
2.51546e-10	0.0102393
2.51585e-10	0.0102607
2.51625e-10	0.0102821
2.51664e-10	0.0103035
2.51704e-10	0.0103249
2.51743e-10	0.0103463
2.51782e-10	0.0103676
2.51822e-10	0.010389
2.51861e-10	0.0104103
2.519e-10	0.0104316
2.5194e-10	0.010453
2.51979e-10	0.0104743
2.52018e-10	0.0104955
2.52058e-10	0.0105168
2.52097e-10	0.0105381
2.52136e-10	0.0105593
2.52176e-10	0.0105806
2.52215e-10	0.0106018
2.52254e-10	0.010623
2.52294e-10	0.0106442
2.52333e-10	0.0106654
2.52373e-10	0.0106865
2.52412e-10	0.0107077
2.52451e-10	0.0107288
2.52491e-10	0.01075
2.5253e-10	0.0107711
2.52569e-10	0.0107922
2.52609e-10	0.0108133
2.52648e-10	0.0108343
2.52687e-10	0.0108554
2.52727e-10	0.0108765
2.52766e-10	0.0108975
2.52805e-10	0.0109185
2.52845e-10	0.0109395
2.52884e-10	0.0109605
2.52924e-10	0.0109815
2.52963e-10	0.0110024
2.53002e-10	0.0110234
2.53042e-10	0.0110443
2.53081e-10	0.0110652
2.5312e-10	0.0110861
2.5316e-10	0.011107
2.53199e-10	0.0111279
2.53238e-10	0.0111487
2.53278e-10	0.0111696
2.53317e-10	0.0111904
2.53356e-10	0.0112112
2.53396e-10	0.011232
2.53435e-10	0.0112528
2.53475e-10	0.0112736
2.53514e-10	0.0112943
2.53553e-10	0.011315
2.53593e-10	0.0113357
2.53632e-10	0.0113564
2.53671e-10	0.0113771
2.53711e-10	0.0113978
2.5375e-10	0.0114184
2.53789e-10	0.0114391
2.53829e-10	0.0114597
2.53868e-10	0.0114803
2.53907e-10	0.0115009
2.53947e-10	0.0115214
2.53986e-10	0.011542
2.54026e-10	0.0115625
2.54065e-10	0.011583
2.54104e-10	0.0116035
2.54144e-10	0.011624
2.54183e-10	0.0116445
2.54222e-10	0.0116649
2.54262e-10	0.0116853
2.54301e-10	0.0117057
2.5434e-10	0.0117261
2.5438e-10	0.0117465
2.54419e-10	0.0117668
2.54458e-10	0.0117872
2.54498e-10	0.0118075
2.54537e-10	0.0118278
2.54577e-10	0.0118481
2.54616e-10	0.0118683
2.54655e-10	0.0118886
2.54695e-10	0.0119088
2.54734e-10	0.011929
2.54773e-10	0.0119492
2.54813e-10	0.0119694
2.54852e-10	0.0119895
2.54891e-10	0.0120096
2.54931e-10	0.0120298
2.5497e-10	0.0120498
2.55009e-10	0.0120699
2.55049e-10	0.01209
2.55088e-10	0.01211
2.55128e-10	0.01213
2.55167e-10	0.01215
2.55206e-10	0.01217
2.55246e-10	0.0121899
2.55285e-10	0.0122098
2.55324e-10	0.0122298
2.55364e-10	0.0122496
2.55403e-10	0.0122695
2.55442e-10	0.0122894
2.55482e-10	0.0123092
2.55521e-10	0.012329
2.5556e-10	0.0123488
2.556e-10	0.0123685
2.55639e-10	0.0123883
2.55678e-10	0.012408
2.55718e-10	0.0124277
2.55757e-10	0.0124474
2.55797e-10	0.012467
2.55836e-10	0.0124867
2.55875e-10	0.0125063
2.55915e-10	0.0125259
2.55954e-10	0.0125455
2.55993e-10	0.012565
2.56033e-10	0.0125845
2.56072e-10	0.012604
2.56111e-10	0.0126235
2.56151e-10	0.012643
2.5619e-10	0.0126624
2.56229e-10	0.0126818
2.56269e-10	0.0127012
2.56308e-10	0.0127206
2.56348e-10	0.0127399
2.56387e-10	0.0127593
2.56426e-10	0.0127786
2.56466e-10	0.0127978
2.56505e-10	0.0128171
2.56544e-10	0.0128363
2.56584e-10	0.0128555
2.56623e-10	0.0128747
2.56662e-10	0.0128939
2.56702e-10	0.012913
2.56741e-10	0.0129321
2.5678e-10	0.0129512
2.5682e-10	0.0129703
2.56859e-10	0.0129893
2.56899e-10	0.0130083
2.56938e-10	0.0130273
2.56977e-10	0.0130463
2.57017e-10	0.0130652
2.57056e-10	0.0130842
2.57095e-10	0.013103
2.57135e-10	0.0131219
2.57174e-10	0.0131408
2.57213e-10	0.0131596
2.57253e-10	0.0131784
2.57292e-10	0.0131971
2.57331e-10	0.0132159
2.57371e-10	0.0132346
2.5741e-10	0.0132533
2.5745e-10	0.013272
2.57489e-10	0.0132906
2.57528e-10	0.0133092
2.57568e-10	0.0133278
2.57607e-10	0.0133464
2.57646e-10	0.0133649
2.57686e-10	0.0133834
2.57725e-10	0.0134019
2.57764e-10	0.0134203
2.57804e-10	0.0134388
2.57843e-10	0.0134572
2.57882e-10	0.0134756
2.57922e-10	0.0134939
2.57961e-10	0.0135122
2.58001e-10	0.0135305
2.5804e-10	0.0135488
2.58079e-10	0.013567
2.58119e-10	0.0135852
2.58158e-10	0.0136034
2.58197e-10	0.0136216
2.58237e-10	0.0136397
2.58276e-10	0.0136578
2.58315e-10	0.0136759
2.58355e-10	0.013694
2.58394e-10	0.013712
2.58433e-10	0.01373
2.58473e-10	0.0137479
2.58512e-10	0.0137659
2.58552e-10	0.0137838
2.58591e-10	0.0138016
2.5863e-10	0.0138195
2.5867e-10	0.0138373
2.58709e-10	0.0138551
2.58748e-10	0.0138729
2.58788e-10	0.0138906
2.58827e-10	0.0139083
2.58866e-10	0.013926
2.58906e-10	0.0139436
2.58945e-10	0.0139613
2.58984e-10	0.0139788
2.59024e-10	0.0139964
2.59063e-10	0.0140139
2.59102e-10	0.0140314
2.59142e-10	0.0140489
2.59181e-10	0.0140663
2.59221e-10	0.0140837
2.5926e-10	0.0141011
2.59299e-10	0.0141185
2.59339e-10	0.0141358
2.59378e-10	0.0141531
2.59417e-10	0.0141703
2.59457e-10	0.0141876
2.59496e-10	0.0142048
2.59535e-10	0.0142219
2.59575e-10	0.0142391
2.59614e-10	0.0142562
2.59653e-10	0.0142732
2.59693e-10	0.0142903
2.59732e-10	0.0143073
2.59772e-10	0.0143243
2.59811e-10	0.0143412
2.5985e-10	0.0143581
2.5989e-10	0.014375
2.59929e-10	0.0143918
2.59968e-10	0.0144087
2.60008e-10	0.0144254
2.60047e-10	0.0144422
2.60086e-10	0.0144589
2.60126e-10	0.0144756
2.60165e-10	0.0144923
2.60204e-10	0.0145089
2.60244e-10	0.0145255
2.60283e-10	0.014542
2.60323e-10	0.0145586
2.60362e-10	0.0145751
2.60401e-10	0.0145915
2.60441e-10	0.0146079
2.6048e-10	0.0146243
2.60519e-10	0.0146407
2.60559e-10	0.014657
2.60598e-10	0.0146733
2.60637e-10	0.0146896
2.60677e-10	0.0147058
2.60716e-10	0.014722
2.60755e-10	0.0147381
2.60795e-10	0.0147543
2.60834e-10	0.0147704
2.60874e-10	0.0147864
2.60913e-10	0.0148024
2.60952e-10	0.0148184
2.60992e-10	0.0148344
2.61031e-10	0.0148503
2.6107e-10	0.0148662
2.6111e-10	0.014882
2.61149e-10	0.0148978
2.61188e-10	0.0149136
2.61228e-10	0.0149293
2.61267e-10	0.0149451
2.61306e-10	0.0149607
2.61346e-10	0.0149764
2.61385e-10	0.014992
2.61425e-10	0.0150075
2.61464e-10	0.0150231
2.61503e-10	0.0150385
2.61543e-10	0.015054
2.61582e-10	0.0150694
2.61621e-10	0.0150848
2.61661e-10	0.0151002
2.617e-10	0.0151155
2.61739e-10	0.0151307
2.61779e-10	0.015146
2.61818e-10	0.0151612
2.61857e-10	0.0151764
2.61897e-10	0.0151915
2.61936e-10	0.0152066
2.61976e-10	0.0152216
2.62015e-10	0.0152367
2.62054e-10	0.0152516
2.62094e-10	0.0152666
2.62133e-10	0.0152815
2.62172e-10	0.0152963
2.62212e-10	0.0153112
2.62251e-10	0.015326
2.6229e-10	0.0153407
2.6233e-10	0.0153554
2.62369e-10	0.0153701
2.62408e-10	0.0153848
2.62448e-10	0.0153994
2.62487e-10	0.0154139
2.62526e-10	0.0154285
2.62566e-10	0.0154429
2.62605e-10	0.0154574
2.62645e-10	0.0154718
2.62684e-10	0.0154862
2.62723e-10	0.0155005
2.62763e-10	0.0155148
2.62802e-10	0.0155291
2.62841e-10	0.0155433
2.62881e-10	0.0155575
2.6292e-10	0.0155716
2.62959e-10	0.0155857
2.62999e-10	0.0155997
2.63038e-10	0.0156138
2.63077e-10	0.0156277
2.63117e-10	0.0156417
2.63156e-10	0.0156556
2.63196e-10	0.0156694
2.63235e-10	0.0156833
2.63274e-10	0.015697
2.63314e-10	0.0157108
2.63353e-10	0.0157245
2.63392e-10	0.0157381
2.63432e-10	0.0157517
2.63471e-10	0.0157653
2.6351e-10	0.0157788
2.6355e-10	0.0157923
2.63589e-10	0.0158058
2.63628e-10	0.0158192
2.63668e-10	0.0158326
2.63707e-10	0.0158459
2.63747e-10	0.0158592
2.63786e-10	0.0158724
2.63825e-10	0.0158856
2.63865e-10	0.0158988
2.63904e-10	0.0159119
2.63943e-10	0.015925
2.63983e-10	0.015938
2.64022e-10	0.015951
2.64061e-10	0.015964
2.64101e-10	0.0159769
2.6414e-10	0.0159898
2.64179e-10	0.0160026
2.64219e-10	0.0160154
2.64258e-10	0.0160281
2.64298e-10	0.0160408
2.64337e-10	0.0160535
2.64376e-10	0.0160661
2.64416e-10	0.0160786
2.64455e-10	0.0160912
2.64494e-10	0.0161036
2.64534e-10	0.0161161
2.64573e-10	0.0161285
2.64612e-10	0.0161408
2.64652e-10	0.0161531
2.64691e-10	0.0161654
2.6473e-10	0.0161776
2.6477e-10	0.0161898
2.64809e-10	0.0162019
2.64849e-10	0.016214
2.64888e-10	0.0162261
2.64927e-10	0.0162381
2.64967e-10	0.01625
2.65006e-10	0.0162619
2.65045e-10	0.0162738
2.65085e-10	0.0162856
2.65124e-10	0.0162974
2.65163e-10	0.0163091
2.65203e-10	0.0163208
2.65242e-10	0.0163325
2.65281e-10	0.016344
2.65321e-10	0.0163556
2.6536e-10	0.0163671
2.654e-10	0.0163786
2.65439e-10	0.01639
2.65478e-10	0.0164013
2.65518e-10	0.0164127
2.65557e-10	0.0164239
2.65596e-10	0.0164352
2.65636e-10	0.0164464
2.65675e-10	0.0164575
2.65714e-10	0.0164686
2.65754e-10	0.0164796
2.65793e-10	0.0164906
2.65832e-10	0.0165016
2.65872e-10	0.0165125
2.65911e-10	0.0165234
2.6595e-10	0.0165342
2.6599e-10	0.016545
2.66029e-10	0.0165557
2.66069e-10	0.0165663
2.66108e-10	0.016577
2.66147e-10	0.0165875
2.66187e-10	0.0165981
2.66226e-10	0.0166086
2.66265e-10	0.016619
2.66305e-10	0.0166294
2.66344e-10	0.0166397
2.66383e-10	0.01665
2.66423e-10	0.0166603
2.66462e-10	0.0166705
2.66501e-10	0.0166806
2.66541e-10	0.0166907
2.6658e-10	0.0167008
2.6662e-10	0.0167108
2.66659e-10	0.0167207
2.66698e-10	0.0167306
2.66738e-10	0.0167405
2.66777e-10	0.0167503
2.66816e-10	0.0167601
2.66856e-10	0.0167698
2.66895e-10	0.0167794
2.66934e-10	0.0167891
2.66974e-10	0.0167986
2.67013e-10	0.0168081
2.67052e-10	0.0168176
2.67092e-10	0.016827
2.67131e-10	0.0168364
2.67171e-10	0.0168457
2.6721e-10	0.016855
2.67249e-10	0.0168642
2.67289e-10	0.0168734
2.67328e-10	0.0168825
2.67367e-10	0.0168916
2.67407e-10	0.0169006
2.67446e-10	0.0169095
2.67485e-10	0.0169185
2.67525e-10	0.0169273
2.67564e-10	0.0169361
2.67603e-10	0.0169449
2.67643e-10	0.0169536
2.67682e-10	0.0169623
2.67722e-10	0.0169709
2.67761e-10	0.0169795
2.678e-10	0.016988
2.6784e-10	0.0169964
2.67879e-10	0.0170048
2.67918e-10	0.0170132
2.67958e-10	0.0170215
2.67997e-10	0.0170298
2.68036e-10	0.017038
2.68076e-10	0.0170461
2.68115e-10	0.0170542
2.68154e-10	0.0170623
2.68194e-10	0.0170703
2.68233e-10	0.0170782
2.68273e-10	0.0170861
2.68312e-10	0.0170939
2.68351e-10	0.0171017
2.68391e-10	0.0171094
2.6843e-10	0.0171171
2.68469e-10	0.0171248
2.68509e-10	0.0171323
2.68548e-10	0.0171399
2.68587e-10	0.0171473
2.68627e-10	0.0171547
2.68666e-10	0.0171621
2.68705e-10	0.0171694
2.68745e-10	0.0171767
2.68784e-10	0.0171839
2.68824e-10	0.017191
2.68863e-10	0.0171981
2.68902e-10	0.0172052
2.68942e-10	0.0172122
2.68981e-10	0.0172191
2.6902e-10	0.017226
2.6906e-10	0.0172328
2.69099e-10	0.0172396
2.69138e-10	0.0172463
2.69178e-10	0.017253
2.69217e-10	0.0172596
2.69256e-10	0.0172662
2.69296e-10	0.0172727
2.69335e-10	0.0172791
2.69374e-10	0.0172855
2.69414e-10	0.0172918
2.69453e-10	0.0172981
2.69493e-10	0.0173044
2.69532e-10	0.0173105
2.69571e-10	0.0173167
2.69611e-10	0.0173227
2.6965e-10	0.0173287
2.69689e-10	0.0173347
2.69729e-10	0.0173406
2.69768e-10	0.0173464
2.69807e-10	0.0173522
2.69847e-10	0.0173579
2.69886e-10	0.0173636
2.69925e-10	0.0173692
2.69965e-10	0.0173748
2.70004e-10	0.0173803
2.70044e-10	0.0173858
2.70083e-10	0.0173912
2.70122e-10	0.0173965
2.70162e-10	0.0174018
2.70201e-10	0.017407
2.7024e-10	0.0174122
2.7028e-10	0.0174173
2.70319e-10	0.0174224
2.70358e-10	0.0174274
2.70398e-10	0.0174323
2.70437e-10	0.0174372
2.70476e-10	0.017442
2.70516e-10	0.0174468
2.70555e-10	0.0174515
2.70595e-10	0.0174562
2.70634e-10	0.0174608
2.70673e-10	0.0174653
2.70713e-10	0.0174698
2.70752e-10	0.0174742
2.70791e-10	0.0174786
2.70831e-10	0.0174829
2.7087e-10	0.0174872
2.70909e-10	0.0174914
2.70949e-10	0.0174955
2.70988e-10	0.0174996
2.71027e-10	0.0175036
2.71067e-10	0.0175076
2.71106e-10	0.0175115
2.71146e-10	0.0175153
2.71185e-10	0.0175191
2.71224e-10	0.0175229
2.71264e-10	0.0175265
2.71303e-10	0.0175302
2.71342e-10	0.0175337
2.71382e-10	0.0175372
2.71421e-10	0.0175406
2.7146e-10	0.017544
2.715e-10	0.0175473
2.71539e-10	0.0175506
2.71578e-10	0.0175538
2.71618e-10	0.0175569
2.71657e-10	0.01756
2.71697e-10	0.0175631
2.71736e-10	0.017566
2.71775e-10	0.0175689
2.71815e-10	0.0175718
2.71854e-10	0.0175745
2.71893e-10	0.0175773
2.71933e-10	0.0175799
2.71972e-10	0.0175825
2.72011e-10	0.0175851
2.72051e-10	0.0175876
2.7209e-10	0.01759
2.72129e-10	0.0175924
2.72169e-10	0.0175947
2.72208e-10	0.0175969
2.72248e-10	0.0175991
2.72287e-10	0.0176012
2.72326e-10	0.0176033
2.72366e-10	0.0176053
2.72405e-10	0.0176072
2.72444e-10	0.0176091
2.72484e-10	0.0176109
2.72523e-10	0.0176126
2.72562e-10	0.0176143
2.72602e-10	0.017616
2.72641e-10	0.0176175
2.7268e-10	0.0176191
2.7272e-10	0.0176205
2.72759e-10	0.0176219
2.72799e-10	0.0176232
2.72838e-10	0.0176245
2.72877e-10	0.0176257
2.72917e-10	0.0176268
2.72956e-10	0.0176279
2.72995e-10	0.0176289
2.73035e-10	0.0176299
2.73074e-10	0.0176308
2.73113e-10	0.0176316
2.73153e-10	0.0176324
2.73192e-10	0.0176331
2.73231e-10	0.0176337
2.73271e-10	0.0176343
2.7331e-10	0.0176348
2.73349e-10	0.0176352
2.73389e-10	0.0176356
2.73428e-10	0.017636
2.73468e-10	0.0176362
2.73507e-10	0.0176364
2.73546e-10	0.0176366
2.73586e-10	0.0176366
2.73625e-10	0.0176367
2.73664e-10	0.0176366
2.73704e-10	0.0176365
2.73743e-10	0.0176363
2.73782e-10	0.0176361
2.73822e-10	0.0176358
2.73861e-10	0.0176354
2.739e-10	0.017635
2.7394e-10	0.0176345
2.73979e-10	0.0176339
2.74019e-10	0.0176333
2.74058e-10	0.0176326
2.74097e-10	0.0176319
2.74137e-10	0.017631
2.74176e-10	0.0176302
2.74215e-10	0.0176292
2.74255e-10	0.0176282
2.74294e-10	0.0176271
2.74333e-10	0.017626
2.74373e-10	0.0176248
2.74412e-10	0.0176235
2.74451e-10	0.0176222
2.74491e-10	0.0176208
2.7453e-10	0.0176193
2.7457e-10	0.0176178
2.74609e-10	0.0176162
2.74648e-10	0.0176146
2.74688e-10	0.0176128
2.74727e-10	0.0176111
2.74766e-10	0.0176092
2.74806e-10	0.0176073
2.74845e-10	0.0176053
2.74884e-10	0.0176033
2.74924e-10	0.0176011
2.74963e-10	0.017599
2.75002e-10	0.0175967
2.75042e-10	0.0175944
2.75081e-10	0.017592
2.75121e-10	0.0175896
2.7516e-10	0.0175871
2.75199e-10	0.0175845
2.75239e-10	0.0175819
2.75278e-10	0.0175792
2.75317e-10	0.0175764
2.75357e-10	0.0175736
2.75396e-10	0.0175707
2.75435e-10	0.0175677
2.75475e-10	0.0175646
2.75514e-10	0.0175615
2.75553e-10	0.0175584
2.75593e-10	0.0175551
2.75632e-10	0.0175518
2.75672e-10	0.0175485
2.75711e-10	0.017545
2.7575e-10	0.0175415
2.7579e-10	0.0175379
2.75829e-10	0.0175343
2.75868e-10	0.0175306
2.75908e-10	0.0175268
2.75947e-10	0.017523
2.75986e-10	0.0175191
2.76026e-10	0.0175151
2.76065e-10	0.0175111
2.76104e-10	0.017507
2.76144e-10	0.0175028
2.76183e-10	0.0174985
2.76223e-10	0.0174942
2.76262e-10	0.0174898
2.76301e-10	0.0174854
2.76341e-10	0.0174809
2.7638e-10	0.0174763
2.76419e-10	0.0174717
2.76459e-10	0.0174669
2.76498e-10	0.0174621
2.76537e-10	0.0174573
2.76577e-10	0.0174524
2.76616e-10	0.0174474
2.76655e-10	0.0174423
2.76695e-10	0.0174372
2.76734e-10	0.017432
2.76773e-10	0.0174267
2.76813e-10	0.0174214
2.76852e-10	0.017416
2.76892e-10	0.0174105
2.76931e-10	0.017405
2.7697e-10	0.0173994
2.7701e-10	0.0173937
2.77049e-10	0.017388
2.77088e-10	0.0173821
2.77128e-10	0.0173763
2.77167e-10	0.0173703
2.77206e-10	0.0173643
2.77246e-10	0.0173582
2.77285e-10	0.017352
2.77324e-10	0.0173458
2.77364e-10	0.0173395
2.77403e-10	0.0173331
2.77443e-10	0.0173267
2.77482e-10	0.0173202
2.77521e-10	0.0173136
2.77561e-10	0.017307
2.776e-10	0.0173002
2.77639e-10	0.0172935
2.77679e-10	0.0172866
2.77718e-10	0.0172797
2.77757e-10	0.0172727
2.77797e-10	0.0172656
2.77836e-10	0.0172585
2.77875e-10	0.0172513
2.77915e-10	0.017244
2.77954e-10	0.0172367
2.77994e-10	0.0172292
2.78033e-10	0.0172218
2.78072e-10	0.0172142
2.78112e-10	0.0172066
2.78151e-10	0.0171989
2.7819e-10	0.0171911
2.7823e-10	0.0171833
2.78269e-10	0.0171754
2.78308e-10	0.0171674
2.78348e-10	0.0171593
2.78387e-10	0.0171512
2.78426e-10	0.017143
2.78466e-10	0.0171348
2.78505e-10	0.0171264
2.78545e-10	0.017118
2.78584e-10	0.0171096
2.78623e-10	0.017101
2.78663e-10	0.0170924
2.78702e-10	0.0170837
2.78741e-10	0.0170749
2.78781e-10	0.0170661
2.7882e-10	0.0170572
2.78859e-10	0.0170482
2.78899e-10	0.0170392
2.78938e-10	0.0170301
2.78977e-10	0.0170209
2.79017e-10	0.0170116
2.79056e-10	0.0170023
2.79096e-10	0.0169929
2.79135e-10	0.0169834
2.79174e-10	0.0169739
2.79214e-10	0.0169643
2.79253e-10	0.0169546
2.79292e-10	0.0169448
2.79332e-10	0.016935
2.79371e-10	0.0169251
2.7941e-10	0.0169151
2.7945e-10	0.0169051
2.79489e-10	0.0168949
2.79528e-10	0.0168848
2.79568e-10	0.0168745
2.79607e-10	0.0168642
2.79647e-10	0.0168537
2.79686e-10	0.0168433
2.79725e-10	0.0168327
2.79765e-10	0.0168221
2.79804e-10	0.0168114
2.79843e-10	0.0168006
2.79883e-10	0.0167898
2.79922e-10	0.0167789
2.79961e-10	0.0167679
2.80001e-10	0.0167568
2.8004e-10	0.0167457
2.80079e-10	0.0167345
2.80119e-10	0.0167232
2.80158e-10	0.0167119
2.80197e-10	0.0167004
2.80237e-10	0.0166889
2.80276e-10	0.0166774
2.80316e-10	0.0166657
2.80355e-10	0.016654
2.80394e-10	0.0166422
2.80434e-10	0.0166304
2.80473e-10	0.0166184
2.80512e-10	0.0166064
2.80552e-10	0.0165943
2.80591e-10	0.0165822
2.8063e-10	0.01657
2.8067e-10	0.0165577
2.80709e-10	0.0165453
2.80748e-10	0.0165328
2.80788e-10	0.0165203
2.80827e-10	0.0165077
2.80867e-10	0.0164951
2.80906e-10	0.0164823
2.80945e-10	0.0164695
2.80985e-10	0.0164566
2.81024e-10	0.0164437
2.81063e-10	0.0164306
2.81103e-10	0.0164175
2.81142e-10	0.0164043
2.81181e-10	0.0163911
2.81221e-10	0.0163778
2.8126e-10	0.0163644
2.81299e-10	0.0163509
2.81339e-10	0.0163373
2.81378e-10	0.0163237
2.81418e-10	0.01631
2.81457e-10	0.0162962
2.81496e-10	0.0162824
2.81536e-10	0.0162685
2.81575e-10	0.0162545
2.81614e-10	0.0162404
2.81654e-10	0.0162263
2.81693e-10	0.016212
2.81732e-10	0.0161977
2.81772e-10	0.0161834
2.81811e-10	0.0161689
2.8185e-10	0.0161544
2.8189e-10	0.0161398
2.81929e-10	0.0161252
2.81969e-10	0.0161104
2.82008e-10	0.0160956
2.82047e-10	0.0160807
2.82087e-10	0.0160658
2.82126e-10	0.0160507
2.82165e-10	0.0160356
2.82205e-10	0.0160205
2.82244e-10	0.0160052
2.82283e-10	0.0159899
2.82323e-10	0.0159745
2.82362e-10	0.015959
2.82401e-10	0.0159434
2.82441e-10	0.0159278
2.8248e-10	0.0159121
2.8252e-10	0.0158963
2.82559e-10	0.0158804
2.82598e-10	0.0158645
2.82638e-10	0.0158485
2.82677e-10	0.0158324
2.82716e-10	0.0158163
2.82756e-10	0.0158
2.82795e-10	0.0157837
2.82834e-10	0.0157674
2.82874e-10	0.0157509
2.82913e-10	0.0157344
2.82952e-10	0.0157178
2.82992e-10	0.0157011
2.83031e-10	0.0156843
2.83071e-10	0.0156675
2.8311e-10	0.0156506
2.83149e-10	0.0156336
2.83189e-10	0.0156166
2.83228e-10	0.0155994
2.83267e-10	0.0155822
2.83307e-10	0.0155649
2.83346e-10	0.0155476
2.83385e-10	0.0155301
2.83425e-10	0.0155126
2.83464e-10	0.0154951
2.83503e-10	0.0154774
2.83543e-10	0.0154597
2.83582e-10	0.0154419
2.83621e-10	0.015424
2.83661e-10	0.015406
2.837e-10	0.015388
2.8374e-10	0.0153699
2.83779e-10	0.0153517
2.83818e-10	0.0153334
2.83858e-10	0.0153151
2.83897e-10	0.0152967
2.83936e-10	0.0152782
2.83976e-10	0.0152596
2.84015e-10	0.015241
2.84054e-10	0.0152223
2.84094e-10	0.0152035
2.84133e-10	0.0151846
2.84172e-10	0.0151657
2.84212e-10	0.0151466
2.84251e-10	0.0151276
2.84291e-10	0.0151084
2.8433e-10	0.0150891
2.84369e-10	0.0150698
2.84409e-10	0.0150504
2.84448e-10	0.015031
2.84487e-10	0.0150114
2.84527e-10	0.0149918
2.84566e-10	0.0149721
2.84605e-10	0.0149523
2.84645e-10	0.0149325
2.84684e-10	0.0149125
2.84723e-10	0.0148925
2.84763e-10	0.0148724
2.84802e-10	0.0148523
2.84842e-10	0.0148321
2.84881e-10	0.0148118
2.8492e-10	0.0147914
2.8496e-10	0.0147709
2.84999e-10	0.0147504
2.85038e-10	0.0147298
2.85078e-10	0.0147091
2.85117e-10	0.0146883
2.85156e-10	0.0146675
2.85196e-10	0.0146466
2.85235e-10	0.0146256
2.85274e-10	0.0146045
2.85314e-10	0.0145834
2.85353e-10	0.0145622
2.85393e-10	0.0145409
2.85432e-10	0.0145195
2.85471e-10	0.0144981
2.85511e-10	0.0144765
2.8555e-10	0.0144549
2.85589e-10	0.0144333
2.85629e-10	0.0144115
2.85668e-10	0.0143897
2.85707e-10	0.0143678
2.85747e-10	0.0143458
2.85786e-10	0.0143238
2.85825e-10	0.0143016
2.85865e-10	0.0142794
2.85904e-10	0.0142571
2.85944e-10	0.0142348
2.85983e-10	0.0142123
2.86022e-10	0.0141898
2.86062e-10	0.0141673
2.86101e-10	0.0141446
2.8614e-10	0.0141219
2.8618e-10	0.014099
2.86219e-10	0.0140761
2.86258e-10	0.0140532
2.86298e-10	0.0140301
2.86337e-10	0.014007
2.86376e-10	0.0139838
2.86416e-10	0.0139606
2.86455e-10	0.0139372
2.86495e-10	0.0139138
2.86534e-10	0.0138903
2.86573e-10	0.0138667
2.86613e-10	0.0138431
2.86652e-10	0.0138193
2.86691e-10	0.0137955
2.86731e-10	0.0137716
2.8677e-10	0.0137477
2.86809e-10	0.0137237
2.86849e-10	0.0136995
2.86888e-10	0.0136754
2.86927e-10	0.0136511
2.86967e-10	0.0136268
2.87006e-10	0.0136024
2.87045e-10	0.0135779
2.87085e-10	0.0135533
2.87124e-10	0.0135287
2.87164e-10	0.0135039
2.87203e-10	0.0134791
2.87242e-10	0.0134543
2.87282e-10	0.0134293
2.87321e-10	0.0134043
2.8736e-10	0.0133792
2.874e-10	0.013354
2.87439e-10	0.0133288
2.87478e-10	0.0133035
2.87518e-10	0.0132781
2.87557e-10	0.0132526
2.87596e-10	0.013227
2.87636e-10	0.0132014
2.87675e-10	0.0131757
2.87715e-10	0.0131499
2.87754e-10	0.0131241
2.87793e-10	0.0130981
2.87833e-10	0.0130721
2.87872e-10	0.013046
2.87911e-10	0.0130199
2.87951e-10	0.0129936
2.8799e-10	0.0129673
2.88029e-10	0.0129409
2.88069e-10	0.0129145
2.88108e-10	0.0128879
2.88147e-10	0.0128613
2.88187e-10	0.0128346
2.88226e-10	0.0128079
2.88266e-10	0.012781
2.88305e-10	0.0127541
2.88344e-10	0.0127271
2.88384e-10	0.0127
2.88423e-10	0.0126729
2.88462e-10	0.0126457
2.88502e-10	0.0126184
2.88541e-10	0.012591
2.8858e-10	0.0125636
2.8862e-10	0.012536
2.88659e-10	0.0125084
2.88698e-10	0.0124808
2.88738e-10	0.012453
2.88777e-10	0.0124252
2.88817e-10	0.0123973
2.88856e-10	0.0123693
2.88895e-10	0.0123412
2.88935e-10	0.0123131
2.88974e-10	0.0122849
2.89013e-10	0.0122566
2.89053e-10	0.0122283
2.89092e-10	0.0121998
2.89131e-10	0.0121713
2.89171e-10	0.0121428
2.8921e-10	0.0121141
2.89249e-10	0.0120854
2.89289e-10	0.0120566
2.89328e-10	0.0120277
2.89368e-10	0.0119987
2.89407e-10	0.0119697
2.89446e-10	0.0119406
2.89486e-10	0.0119114
2.89525e-10	0.0118821
2.89564e-10	0.0118528
2.89604e-10	0.0118234
2.89643e-10	0.0117939
2.89682e-10	0.0117643
2.89722e-10	0.0117347
2.89761e-10	0.011705
2.898e-10	0.0116752
2.8984e-10	0.0116454
2.89879e-10	0.0116154
2.89919e-10	0.0115854
2.89958e-10	0.0115553
2.89997e-10	0.0115252
2.90037e-10	0.0114949
2.90076e-10	0.0114646
2.90115e-10	0.0114342
2.90155e-10	0.0114038
2.90194e-10	0.0113733
2.90233e-10	0.0113426
2.90273e-10	0.011312
2.90312e-10	0.0112812
2.90351e-10	0.0112504
2.90391e-10	0.0112195
2.9043e-10	0.0111885
2.90469e-10	0.0111574
2.90509e-10	0.0111263
2.90548e-10	0.0110951
2.90588e-10	0.0110638
2.90627e-10	0.0110325
2.90666e-10	0.011001
2.90706e-10	0.0109695
2.90745e-10	0.0109379
2.90784e-10	0.0109063
2.90824e-10	0.0108746
2.90863e-10	0.0108428
2.90902e-10	0.0108109
2.90942e-10	0.0107789
2.90981e-10	0.0107469
2.9102e-10	0.0107148
2.9106e-10	0.0106827
2.91099e-10	0.0106504
2.91139e-10	0.0106181
2.91178e-10	0.0105857
2.91217e-10	0.0105532
2.91257e-10	0.0105207
2.91296e-10	0.0104881
2.91335e-10	0.0104554
2.91375e-10	0.0104226
2.91414e-10	0.0103898
2.91453e-10	0.0103569
2.91493e-10	0.0103239
2.91532e-10	0.0102908
2.91571e-10	0.0102577
2.91611e-10	0.0102245
2.9165e-10	0.0101912
2.9169e-10	0.0101579
2.91729e-10	0.0101245
2.91768e-10	0.010091
2.91808e-10	0.0100574
2.91847e-10	0.0100237
2.91886e-10	0.00999002
2.91926e-10	0.00995623
2.91965e-10	0.00992237
2.92004e-10	0.00988843
2.92044e-10	0.00985442
2.92083e-10	0.00982034
2.92122e-10	0.00978618
2.92162e-10	0.00975195
2.92201e-10	0.00971765
2.92241e-10	0.00968328
2.9228e-10	0.00964883
2.92319e-10	0.00961431
2.92359e-10	0.00957972
2.92398e-10	0.00954505
2.92437e-10	0.00951031
2.92477e-10	0.0094755
2.92516e-10	0.00944062
2.92555e-10	0.00940566
2.92595e-10	0.00937063
2.92634e-10	0.00933553
2.92673e-10	0.00930036
2.92713e-10	0.00926511
2.92752e-10	0.00922979
2.92792e-10	0.0091944
2.92831e-10	0.00915894
2.9287e-10	0.00912341
2.9291e-10	0.0090878
2.92949e-10	0.00905212
2.92988e-10	0.00901637
2.93028e-10	0.00898055
2.93067e-10	0.00894465
2.93106e-10	0.00890869
2.93146e-10	0.00887265
2.93185e-10	0.00883654
2.93224e-10	0.00880036
2.93264e-10	0.00876411
2.93303e-10	0.00872778
2.93343e-10	0.00869139
2.93382e-10	0.00865492
2.93421e-10	0.00861838
2.93461e-10	0.00858177
2.935e-10	0.00854509
2.93539e-10	0.00850834
2.93579e-10	0.00847151
2.93618e-10	0.00843462
2.93657e-10	0.00839765
2.93697e-10	0.00836062
2.93736e-10	0.00832351
2.93775e-10	0.00828633
2.93815e-10	0.00824908
2.93854e-10	0.00821176
2.93894e-10	0.00817437
2.93933e-10	0.00813691
2.93972e-10	0.00809938
2.94012e-10	0.00806177
2.94051e-10	0.0080241
2.9409e-10	0.00798636
2.9413e-10	0.00794854
2.94169e-10	0.00791066
2.94208e-10	0.0078727
2.94248e-10	0.00783468
2.94287e-10	0.00779658
2.94326e-10	0.00775842
2.94366e-10	0.00772018
2.94405e-10	0.00768188
2.94444e-10	0.00764351
2.94484e-10	0.00760506
2.94523e-10	0.00756655
2.94563e-10	0.00752796
2.94602e-10	0.00748931
2.94641e-10	0.00745059
2.94681e-10	0.00741179
2.9472e-10	0.00737293
2.94759e-10	0.007334
2.94799e-10	0.007295
2.94838e-10	0.00725593
2.94877e-10	0.00721679
2.94917e-10	0.00717758
2.94956e-10	0.00713831
2.94995e-10	0.00709896
2.95035e-10	0.00705955
2.95074e-10	0.00702006
2.95114e-10	0.00698051
2.95153e-10	0.00694089
2.95192e-10	0.0069012
2.95232e-10	0.00686144
2.95271e-10	0.00682161
2.9531e-10	0.00678172
2.9535e-10	0.00674176
2.95389e-10	0.00670172
2.95428e-10	0.00666162
2.95468e-10	0.00662146
2.95507e-10	0.00658122
2.95546e-10	0.00654092
2.95586e-10	0.00650054
2.95625e-10	0.0064601
2.95665e-10	0.0064196
2.95704e-10	0.00637902
2.95743e-10	0.00633838
2.95783e-10	0.00629767
2.95822e-10	0.00625689
2.95861e-10	0.00621605
2.95901e-10	0.00617513
2.9594e-10	0.00613415
2.95979e-10	0.00609311
2.96019e-10	0.00605199
2.96058e-10	0.00601081
2.96097e-10	0.00596956
2.96137e-10	0.00592825
2.96176e-10	0.00588687
2.96216e-10	0.00584542
2.96255e-10	0.0058039
2.96294e-10	0.00576232
2.96334e-10	0.00572067
2.96373e-10	0.00567896
2.96412e-10	0.00563718
2.96452e-10	0.00559533
2.96491e-10	0.00555342
2.9653e-10	0.00551144
2.9657e-10	0.00546939
2.96609e-10	0.00542728
2.96648e-10	0.0053851
2.96688e-10	0.00534286
2.96727e-10	0.00530055
2.96767e-10	0.00525818
2.96806e-10	0.00521574
2.96845e-10	0.00517323
2.96885e-10	0.00513066
2.96924e-10	0.00508803
2.96963e-10	0.00504533
2.97003e-10	0.00500256
2.97042e-10	0.00495973
2.97081e-10	0.00491683
2.97121e-10	0.00487387
2.9716e-10	0.00483085
2.97199e-10	0.00478776
2.97239e-10	0.0047446
2.97278e-10	0.00470138
2.97318e-10	0.0046581
2.97357e-10	0.00461475
2.97396e-10	0.00457134
2.97436e-10	0.00452786
2.97475e-10	0.00448432
2.97514e-10	0.00444072
2.97554e-10	0.00439705
2.97593e-10	0.00435332
2.97632e-10	0.00430952
2.97672e-10	0.00426566
2.97711e-10	0.00422174
2.9775e-10	0.00417776
2.9779e-10	0.00413371
2.97829e-10	0.00408959
2.97868e-10	0.00404542
2.97908e-10	0.00400118
2.97947e-10	0.00395688
2.97987e-10	0.00391251
2.98026e-10	0.00386808
2.98065e-10	0.00382359
2.98105e-10	0.00377904
2.98144e-10	0.00373442
2.98183e-10	0.00368975
2.98223e-10	0.003645
2.98262e-10	0.0036002
2.98301e-10	0.00355534
2.98341e-10	0.00351041
2.9838e-10	0.00346542
2.98419e-10	0.00342037
2.98459e-10	0.00337526
2.98498e-10	0.00333009
2.98538e-10	0.00328485
2.98577e-10	0.00323955
2.98616e-10	0.00319419
2.98656e-10	0.00314877
2.98695e-10	0.00310329
2.98734e-10	0.00305775
2.98774e-10	0.00301215
2.98813e-10	0.00296649
2.98852e-10	0.00292076
2.98892e-10	0.00287498
2.98931e-10	0.00282913
2.9897e-10	0.00278322
2.9901e-10	0.00273726
2.99049e-10	0.00269123
2.99089e-10	0.00264514
2.99128e-10	0.002599
2.99167e-10	0.00255279
2.99207e-10	0.00250652
2.99246e-10	0.00246019
2.99285e-10	0.00241381
2.99325e-10	0.00236736
2.99364e-10	0.00232086
2.99403e-10	0.00227429
2.99443e-10	0.00222767
2.99482e-10	0.00218099
2.99521e-10	0.00213424
2.99561e-10	0.00208744
2.996e-10	0.00204058
2.9964e-10	0.00199366
2.99679e-10	0.00194669
2.99718e-10	0.00189965
2.99758e-10	0.00185256
2.99797e-10	0.0018054
2.99836e-10	0.00175819
2.99876e-10	0.00171093
2.99915e-10	0.0016636
2.99954e-10	0.00161621
2.99994e-10	0.00156877
3.00033e-10	0.00152127
3.00072e-10	0.00147371
3.00112e-10	0.0014261
3.00151e-10	0.00137843
3.00191e-10	0.0013307
3.0023e-10	0.00128291
3.00269e-10	0.00123507
3.00309e-10	0.00118717
3.00348e-10	0.00113921
3.00387e-10	0.0010912
3.00427e-10	0.00104313
3.00466e-10	0.000995002
3.00505e-10	0.000946819
3.00545e-10	0.00089858
3.00584e-10	0.000850285
3.00623e-10	0.000801934
3.00663e-10	0.000753528
3.00702e-10	0.000705065
3.00742e-10	0.000656547
3.00781e-10	0.000607973
3.0082e-10	0.000559344
3.0086e-10	0.00051066
3.00899e-10	0.000461921
3.00938e-10	0.000413126
3.00978e-10	0.000364277
3.01017e-10	0.000315373
3.01056e-10	0.000266414
3.01096e-10	0.000217401
3.01135e-10	0.000168333
3.01174e-10	0.000119211
3.01214e-10	7.00345e-05
3.01253e-10	2.08041e-05
3.01292e-10	-2.84802e-05
3.01332e-10	-7.78184e-05
3.01371e-10	-0.00012721
3.01411e-10	-0.000176656
3.0145e-10	-0.000226155
3.01489e-10	-0.000275707
3.01529e-10	-0.000325312
3.01568e-10	-0.000374971
3.01607e-10	-0.000424683
3.01647e-10	-0.000474447
3.01686e-10	-0.000524264
3.01725e-10	-0.000574134
3.01765e-10	-0.000624056
3.01804e-10	-0.000674031
3.01843e-10	-0.000724058
3.01883e-10	-0.000774137
3.01922e-10	-0.000824268
3.01962e-10	-0.000874451
3.02001e-10	-0.000924686
3.0204e-10	-0.000974972
3.0208e-10	-0.00102531
3.02119e-10	-0.0010757
3.02158e-10	-0.00112614
3.02198e-10	-0.00117663
3.02237e-10	-0.00122717
3.02276e-10	-0.00127777
3.02316e-10	-0.00132841
3.02355e-10	-0.0013791
3.02394e-10	-0.00142985
3.02434e-10	-0.00148065
3.02473e-10	-0.00153149
3.02513e-10	-0.00158239
3.02552e-10	-0.00163333
3.02591e-10	-0.00168433
3.02631e-10	-0.00173537
3.0267e-10	-0.00178647
3.02709e-10	-0.00183761
3.02749e-10	-0.0018888
3.02788e-10	-0.00194005
3.02827e-10	-0.00199134
3.02867e-10	-0.00204268
3.02906e-10	-0.00209407
3.02945e-10	-0.00214551
3.02985e-10	-0.00219699
3.03024e-10	-0.00224853
3.03064e-10	-0.00230011
3.03103e-10	-0.00235174
3.03142e-10	-0.00240342
3.03182e-10	-0.00245515
3.03221e-10	-0.00250692
3.0326e-10	-0.00255874
3.033e-10	-0.00261061
3.03339e-10	-0.00266253
3.03378e-10	-0.00271449
3.03418e-10	-0.0027665
3.03457e-10	-0.00281856
3.03496e-10	-0.00287066
3.03536e-10	-0.00292282
3.03575e-10	-0.00297501
3.03615e-10	-0.00302726
3.03654e-10	-0.00307955
3.03693e-10	-0.00313188
3.03733e-10	-0.00318426
3.03772e-10	-0.00323669
3.03811e-10	-0.00328916
3.03851e-10	-0.00334168
3.0389e-10	-0.00339425
3.03929e-10	-0.00344685
3.03969e-10	-0.00349951
3.04008e-10	-0.00355221
3.04047e-10	-0.00360495
3.04087e-10	-0.00365774
3.04126e-10	-0.00371057
3.04166e-10	-0.00376345
3.04205e-10	-0.00381637
3.04244e-10	-0.00386934
3.04284e-10	-0.00392234
3.04323e-10	-0.0039754
3.04362e-10	-0.00402849
3.04402e-10	-0.00408163
3.04441e-10	-0.00413482
3.0448e-10	-0.00418804
3.0452e-10	-0.00424131
3.04559e-10	-0.00429462
3.04598e-10	-0.00434798
3.04638e-10	-0.00440138
3.04677e-10	-0.00445482
3.04716e-10	-0.0045083
3.04756e-10	-0.00456182
3.04795e-10	-0.00461539
3.04835e-10	-0.004669
3.04874e-10	-0.00472265
3.04913e-10	-0.00477634
3.04953e-10	-0.00483007
3.04992e-10	-0.00488384
3.05031e-10	-0.00493766
3.05071e-10	-0.00499152
3.0511e-10	-0.00504541
3.05149e-10	-0.00509935
3.05189e-10	-0.00515333
3.05228e-10	-0.00520735
3.05267e-10	-0.0052614
3.05307e-10	-0.0053155
3.05346e-10	-0.00536964
3.05386e-10	-0.00542382
3.05425e-10	-0.00547804
3.05464e-10	-0.00553229
3.05504e-10	-0.00558659
3.05543e-10	-0.00564092
3.05582e-10	-0.0056953
3.05622e-10	-0.00574971
3.05661e-10	-0.00580416
3.057e-10	-0.00585865
3.0574e-10	-0.00591318
3.05779e-10	-0.00596775
3.05818e-10	-0.00602235
3.05858e-10	-0.00607699
3.05897e-10	-0.00613167
3.05937e-10	-0.00618639
3.05976e-10	-0.00624115
3.06015e-10	-0.00629594
3.06055e-10	-0.00635077
3.06094e-10	-0.00640563
3.06133e-10	-0.00646054
3.06173e-10	-0.00651548
3.06212e-10	-0.00657045
3.06251e-10	-0.00662547
3.06291e-10	-0.00668051
3.0633e-10	-0.0067356
3.06369e-10	-0.00679072
3.06409e-10	-0.00684587
3.06448e-10	-0.00690106
3.06488e-10	-0.00695629
3.06527e-10	-0.00701155
3.06566e-10	-0.00706685
3.06606e-10	-0.00712218
3.06645e-10	-0.00717755
3.06684e-10	-0.00723295
3.06724e-10	-0.00728838
3.06763e-10	-0.00734385
3.06802e-10	-0.00739935
3.06842e-10	-0.00745489
3.06881e-10	-0.00751046
3.0692e-10	-0.00756606
3.0696e-10	-0.0076217
3.06999e-10	-0.00767737
3.07039e-10	-0.00773307
3.07078e-10	-0.00778881
3.07117e-10	-0.00784458
3.07157e-10	-0.00790038
3.07196e-10	-0.00795621
3.07235e-10	-0.00801208
3.07275e-10	-0.00806798
3.07314e-10	-0.00812391
3.07353e-10	-0.00817987
3.07393e-10	-0.00823586
3.07432e-10	-0.00829188
3.07471e-10	-0.00834794
3.07511e-10	-0.00840403
3.0755e-10	-0.00846014
3.0759e-10	-0.00851629
3.07629e-10	-0.00857247
3.07668e-10	-0.00862868
3.07708e-10	-0.00868492
3.07747e-10	-0.00874118
3.07786e-10	-0.00879748
3.07826e-10	-0.00885381
3.07865e-10	-0.00891017
3.07904e-10	-0.00896655
3.07944e-10	-0.00902297
3.07983e-10	-0.00907941
3.08022e-10	-0.00913589
3.08062e-10	-0.00919239
3.08101e-10	-0.00924892
3.0814e-10	-0.00930548
3.0818e-10	-0.00936207
3.08219e-10	-0.00941868
3.08259e-10	-0.00947532
3.08298e-10	-0.00953199
3.08337e-10	-0.00958869
3.08377e-10	-0.00964541
3.08416e-10	-0.00970216
3.08455e-10	-0.00975894
3.08495e-10	-0.00981575
3.08534e-10	-0.00987258
3.08573e-10	-0.00992944
3.08613e-10	-0.00998632
3.08652e-10	-0.0100432
3.08691e-10	-0.0101002
3.08731e-10	-0.0101571
3.0877e-10	-0.0102141
3.0881e-10	-0.0102711
3.08849e-10	-0.0103282
3.08888e-10	-0.0103852
3.08928e-10	-0.0104423
3.08967e-10	-0.0104994
3.09006e-10	-0.0105566
3.09046e-10	-0.0106137
3.09085e-10	-0.0106709
3.09124e-10	-0.0107281
3.09164e-10	-0.0107853
3.09203e-10	-0.0108426
3.09242e-10	-0.0108999
3.09282e-10	-0.0109572
3.09321e-10	-0.0110145
3.09361e-10	-0.0110718
3.094e-10	-0.0111292
3.09439e-10	-0.0111866
3.09479e-10	-0.011244
3.09518e-10	-0.0113014
3.09557e-10	-0.0113589
3.09597e-10	-0.0114164
3.09636e-10	-0.0114739
3.09675e-10	-0.0115314
3.09715e-10	-0.0115889
3.09754e-10	-0.0116465
3.09793e-10	-0.0117041
3.09833e-10	-0.0117617
3.09872e-10	-0.0118193
3.09912e-10	-0.011877
3.09951e-10	-0.0119346
3.0999e-10	-0.0119923
3.1003e-10	-0.01205
3.10069e-10	-0.0121077
3.10108e-10	-0.0121655
3.10148e-10	-0.0122232
3.10187e-10	-0.012281
3.10226e-10	-0.0123388
3.10266e-10	-0.0123966
3.10305e-10	-0.0124545
3.10344e-10	-0.0125123
3.10384e-10	-0.0125702
3.10423e-10	-0.0126281
3.10463e-10	-0.012686
3.10502e-10	-0.0127439
3.10541e-10	-0.0128018
3.10581e-10	-0.0128598
3.1062e-10	-0.0129178
3.10659e-10	-0.0129758
3.10699e-10	-0.0130338
3.10738e-10	-0.0130918
3.10777e-10	-0.0131498
3.10817e-10	-0.0132079
3.10856e-10	-0.0132659
3.10895e-10	-0.013324
3.10935e-10	-0.0133821
3.10974e-10	-0.0134402
3.11014e-10	-0.0134984
3.11053e-10	-0.0135565
3.11092e-10	-0.0136147
3.11132e-10	-0.0136728
3.11171e-10	-0.013731
3.1121e-10	-0.0137892
3.1125e-10	-0.0138475
3.11289e-10	-0.0139057
3.11328e-10	-0.0139639
3.11368e-10	-0.0140222
3.11407e-10	-0.0140804
3.11446e-10	-0.0141387
3.11486e-10	-0.014197
3.11525e-10	-0.0142553
3.11565e-10	-0.0143136
3.11604e-10	-0.014372
3.11643e-10	-0.0144303
3.11683e-10	-0.0144886
3.11722e-10	-0.014547
3.11761e-10	-0.0146054
3.11801e-10	-0.0146638
3.1184e-10	-0.0147222
3.11879e-10	-0.0147806
3.11919e-10	-0.014839
3.11958e-10	-0.0148974
3.11997e-10	-0.0149558
3.12037e-10	-0.0150143
3.12076e-10	-0.0150727
3.12115e-10	-0.0151312
3.12155e-10	-0.0151897
3.12194e-10	-0.0152482
3.12234e-10	-0.0153066
3.12273e-10	-0.0153651
3.12312e-10	-0.0154236
3.12352e-10	-0.0154822
3.12391e-10	-0.0155407
3.1243e-10	-0.0155992
3.1247e-10	-0.0156577
3.12509e-10	-0.0157163
3.12548e-10	-0.0157748
3.12588e-10	-0.0158334
3.12627e-10	-0.015892
3.12666e-10	-0.0159505
3.12706e-10	-0.0160091
3.12745e-10	-0.0160677
3.12785e-10	-0.0161263
3.12824e-10	-0.0161849
3.12863e-10	-0.0162435
3.12903e-10	-0.0163021
3.12942e-10	-0.0163607
3.12981e-10	-0.0164193
3.13021e-10	-0.0164779
3.1306e-10	-0.0165365
3.13099e-10	-0.0165952
3.13139e-10	-0.0166538
3.13178e-10	-0.0167124
3.13217e-10	-0.0167711
3.13257e-10	-0.0168297
3.13296e-10	-0.0168884
3.13336e-10	-0.016947
3.13375e-10	-0.0170057
3.13414e-10	-0.0170643
3.13454e-10	-0.017123
3.13493e-10	-0.0171816
3.13532e-10	-0.0172403
3.13572e-10	-0.0172989
3.13611e-10	-0.0173576
3.1365e-10	-0.0174163
3.1369e-10	-0.0174749
3.13729e-10	-0.0175336
3.13768e-10	-0.0175923
3.13808e-10	-0.0176509
3.13847e-10	-0.0177096
3.13887e-10	-0.0177683
3.13926e-10	-0.0178269
3.13965e-10	-0.0178856
3.14005e-10	-0.0179442
3.14044e-10	-0.0180029
3.14083e-10	-0.0180616
3.14123e-10	-0.0181202
3.14162e-10	-0.0181789
3.14201e-10	-0.0182375
3.14241e-10	-0.0182962
3.1428e-10	-0.0183549
3.14319e-10	-0.0184135
3.14359e-10	-0.0184722
3.14398e-10	-0.0185308
3.14438e-10	-0.0185894
3.14477e-10	-0.0186481
3.14516e-10	-0.0187067
3.14556e-10	-0.0187653
3.14595e-10	-0.018824
3.14634e-10	-0.0188826
3.14674e-10	-0.0189412
3.14713e-10	-0.0189998
3.14752e-10	-0.0190584
3.14792e-10	-0.019117
3.14831e-10	-0.0191756
3.1487e-10	-0.0192342
3.1491e-10	-0.0192928
3.14949e-10	-0.0193514
3.14989e-10	-0.01941
3.15028e-10	-0.0194685
3.15067e-10	-0.0195271
3.15107e-10	-0.0195857
3.15146e-10	-0.0196442
3.15185e-10	-0.0197028
3.15225e-10	-0.0197613
3.15264e-10	-0.0198198
3.15303e-10	-0.0198783
3.15343e-10	-0.0199369
3.15382e-10	-0.0199954
3.15421e-10	-0.0200539
3.15461e-10	-0.0201123
3.155e-10	-0.0201708
3.15539e-10	-0.0202293
3.15579e-10	-0.0202877
3.15618e-10	-0.0203462
3.15658e-10	-0.0204046
3.15697e-10	-0.0204631
3.15736e-10	-0.0205215
3.15776e-10	-0.0205799
3.15815e-10	-0.0206383
3.15854e-10	-0.0206967
3.15894e-10	-0.020755
3.15933e-10	-0.0208134
3.15972e-10	-0.0208718
3.16012e-10	-0.0209301
3.16051e-10	-0.0209884
3.1609e-10	-0.0210467
3.1613e-10	-0.021105
3.16169e-10	-0.0211633
3.16209e-10	-0.0212216
3.16248e-10	-0.0212799
3.16287e-10	-0.0213381
3.16327e-10	-0.0213964
3.16366e-10	-0.0214546
3.16405e-10	-0.0215128
3.16445e-10	-0.021571
3.16484e-10	-0.0216292
3.16523e-10	-0.0216873
3.16563e-10	-0.0217455
3.16602e-10	-0.0218036
3.16641e-10	-0.0218617
3.16681e-10	-0.0219198
3.1672e-10	-0.0219779
3.1676e-10	-0.022036
3.16799e-10	-0.0220941
3.16838e-10	-0.0221521
3.16878e-10	-0.0222101
3.16917e-10	-0.0222681
3.16956e-10	-0.0223261
3.16996e-10	-0.0223841
3.17035e-10	-0.022442
3.17074e-10	-0.0225
3.17114e-10	-0.0225579
3.17153e-10	-0.0226158
3.17192e-10	-0.0226737
3.17232e-10	-0.0227315
3.17271e-10	-0.0227894
3.17311e-10	-0.0228472
3.1735e-10	-0.022905
3.17389e-10	-0.0229628
3.17429e-10	-0.0230206
3.17468e-10	-0.0230783
3.17507e-10	-0.023136
3.17547e-10	-0.0231937
3.17586e-10	-0.0232514
3.17625e-10	-0.0233091
3.17665e-10	-0.0233667
3.17704e-10	-0.0234243
3.17743e-10	-0.0234819
3.17783e-10	-0.0235395
3.17822e-10	-0.023597
3.17862e-10	-0.0236546
3.17901e-10	-0.0237121
3.1794e-10	-0.0237696
3.1798e-10	-0.023827
3.18019e-10	-0.0238845
3.18058e-10	-0.0239419
3.18098e-10	-0.0239993
3.18137e-10	-0.0240566
3.18176e-10	-0.024114
3.18216e-10	-0.0241713
3.18255e-10	-0.0242286
3.18294e-10	-0.0242858
3.18334e-10	-0.0243431
3.18373e-10	-0.0244003
3.18413e-10	-0.0244575
3.18452e-10	-0.0245146
3.18491e-10	-0.0245718
3.18531e-10	-0.0246289
3.1857e-10	-0.024686
3.18609e-10	-0.024743
3.18649e-10	-0.0248001
3.18688e-10	-0.0248571
3.18727e-10	-0.024914
3.18767e-10	-0.024971
3.18806e-10	-0.0250279
3.18845e-10	-0.0250848
3.18885e-10	-0.0251417
3.18924e-10	-0.0251985
3.18963e-10	-0.0252553
3.19003e-10	-0.0253121
3.19042e-10	-0.0253688
3.19082e-10	-0.0254255
3.19121e-10	-0.0254822
3.1916e-10	-0.0255389
3.192e-10	-0.0255955
3.19239e-10	-0.0256521
3.19278e-10	-0.0257087
3.19318e-10	-0.0257652
3.19357e-10	-0.0258217
3.19396e-10	-0.0258782
3.19436e-10	-0.0259346
3.19475e-10	-0.025991
3.19514e-10	-0.0260474
3.19554e-10	-0.0261037
3.19593e-10	-0.02616
3.19633e-10	-0.0262163
3.19672e-10	-0.0262725
3.19711e-10	-0.0263287
3.19751e-10	-0.0263849
3.1979e-10	-0.0264411
3.19829e-10	-0.0264972
3.19869e-10	-0.0265532
3.19908e-10	-0.0266093
3.19947e-10	-0.0266653
3.19987e-10	-0.0267212
3.20026e-10	-0.0267772
3.20065e-10	-0.0268331
3.20105e-10	-0.0268889
3.20144e-10	-0.0269447
3.20184e-10	-0.0270005
3.20223e-10	-0.0270563
3.20262e-10	-0.027112
3.20302e-10	-0.0271677
3.20341e-10	-0.0272233
3.2038e-10	-0.0272789
3.2042e-10	-0.0273345
3.20459e-10	-0.02739
3.20498e-10	-0.0274455
3.20538e-10	-0.0275009
3.20577e-10	-0.0275563
3.20616e-10	-0.0276117
3.20656e-10	-0.027667
3.20695e-10	-0.0277223
3.20735e-10	-0.0277776
3.20774e-10	-0.0278328
3.20813e-10	-0.027888
3.20853e-10	-0.0279431
3.20892e-10	-0.0279982
3.20931e-10	-0.0280532
3.20971e-10	-0.0281083
3.2101e-10	-0.0281632
3.21049e-10	-0.0282181
3.21089e-10	-0.028273
3.21128e-10	-0.0283279
3.21167e-10	-0.0283827
3.21207e-10	-0.0284374
3.21246e-10	-0.0284921
3.21286e-10	-0.0285468
3.21325e-10	-0.0286014
3.21364e-10	-0.028656
3.21404e-10	-0.0287106
3.21443e-10	-0.0287651
3.21482e-10	-0.0288195
3.21522e-10	-0.0288739
3.21561e-10	-0.0289283
3.216e-10	-0.0289826
3.2164e-10	-0.0290369
3.21679e-10	-0.0290911
3.21718e-10	-0.0291453
3.21758e-10	-0.0291994
3.21797e-10	-0.0292535
3.21837e-10	-0.0293075
3.21876e-10	-0.0293615
3.21915e-10	-0.0294155
3.21955e-10	-0.0294694
3.21994e-10	-0.0295232
3.22033e-10	-0.029577
3.22073e-10	-0.0296308
3.22112e-10	-0.0296845
3.22151e-10	-0.0297382
3.22191e-10	-0.0297918
3.2223e-10	-0.0298453
3.22269e-10	-0.0298988
3.22309e-10	-0.0299523
3.22348e-10	-0.0300057
3.22387e-10	-0.0300591
3.22427e-10	-0.0301124
3.22466e-10	-0.0301657
3.22506e-10	-0.0302189
3.22545e-10	-0.030272
3.22584e-10	-0.0303251
3.22624e-10	-0.0303782
3.22663e-10	-0.0304312
3.22702e-10	-0.0304842
3.22742e-10	-0.0305371
3.22781e-10	-0.0305899
3.2282e-10	-0.0306427
3.2286e-10	-0.0306955
3.22899e-10	-0.0307482
3.22938e-10	-0.0308008
3.22978e-10	-0.0308534
3.23017e-10	-0.0309059
3.23057e-10	-0.0309584
3.23096e-10	-0.0310108
3.23135e-10	-0.0310632
3.23175e-10	-0.0311155
3.23214e-10	-0.0311678
3.23253e-10	-0.03122
3.23293e-10	-0.0312721
3.23332e-10	-0.0313242
3.23371e-10	-0.0313762
3.23411e-10	-0.0314282
3.2345e-10	-0.0314801
3.23489e-10	-0.031532
3.23529e-10	-0.0315838
3.23568e-10	-0.0316356
3.23608e-10	-0.0316873
3.23647e-10	-0.0317389
3.23686e-10	-0.0317905
3.23726e-10	-0.031842
3.23765e-10	-0.0318935
3.23804e-10	-0.0319449
3.23844e-10	-0.0319962
3.23883e-10	-0.0320475
3.23922e-10	-0.0320987
3.23962e-10	-0.0321499
3.24001e-10	-0.032201
3.2404e-10	-0.032252
3.2408e-10	-0.032303
3.24119e-10	-0.032354
3.24159e-10	-0.0324048
3.24198e-10	-0.0324556
3.24237e-10	-0.0325064
3.24277e-10	-0.032557
3.24316e-10	-0.0326077
3.24355e-10	-0.0326582
3.24395e-10	-0.0327087
3.24434e-10	-0.0327591
3.24473e-10	-0.0328095
3.24513e-10	-0.0328598
3.24552e-10	-0.03291
3.24591e-10	-0.0329602
3.24631e-10	-0.0330103
3.2467e-10	-0.0330604
3.2471e-10	-0.0331104
3.24749e-10	-0.0331603
3.24788e-10	-0.0332101
3.24828e-10	-0.0332599
3.24867e-10	-0.0333097
3.24906e-10	-0.0333593
3.24946e-10	-0.0334089
3.24985e-10	-0.0334584
3.25024e-10	-0.0335079
3.25064e-10	-0.0335573
3.25103e-10	-0.0336066
3.25142e-10	-0.0336559
3.25182e-10	-0.0337051
3.25221e-10	-0.0337542
3.25261e-10	-0.0338032
3.253e-10	-0.0338522
3.25339e-10	-0.0339012
3.25379e-10	-0.03395
3.25418e-10	-0.0339988
3.25457e-10	-0.0340475
3.25497e-10	-0.0340961
3.25536e-10	-0.0341447
3.25575e-10	-0.0341932
3.25615e-10	-0.0342417
3.25654e-10	-0.03429
3.25693e-10	-0.0343383
3.25733e-10	-0.0343865
3.25772e-10	-0.0344347
3.25811e-10	-0.0344828
3.25851e-10	-0.0345308
3.2589e-10	-0.0345787
3.2593e-10	-0.0346266
3.25969e-10	-0.0346744
3.26008e-10	-0.0347221
3.26048e-10	-0.0347697
3.26087e-10	-0.0348173
3.26126e-10	-0.0348648
3.26166e-10	-0.0349122
3.26205e-10	-0.0349596
3.26244e-10	-0.0350069
3.26284e-10	-0.0350541
3.26323e-10	-0.0351012
3.26362e-10	-0.0351483
3.26402e-10	-0.0351953
3.26441e-10	-0.0352422
3.26481e-10	-0.035289
3.2652e-10	-0.0353357
3.26559e-10	-0.0353824
3.26599e-10	-0.035429
3.26638e-10	-0.0354756
3.26677e-10	-0.035522
3.26717e-10	-0.0355684
3.26756e-10	-0.0356147
3.26795e-10	-0.0356609
3.26835e-10	-0.035707
3.26874e-10	-0.0357531
3.26913e-10	-0.0357991
3.26953e-10	-0.035845
3.26992e-10	-0.0358908
3.27032e-10	-0.0359366
3.27071e-10	-0.0359822
3.2711e-10	-0.0360278
3.2715e-10	-0.0360733
3.27189e-10	-0.0361187
3.27228e-10	-0.0361641
3.27268e-10	-0.0362094
3.27307e-10	-0.0362546
3.27346e-10	-0.0362997
3.27386e-10	-0.0363447
3.27425e-10	-0.0363896
3.27464e-10	-0.0364345
3.27504e-10	-0.0364793
3.27543e-10	-0.036524
3.27583e-10	-0.0365686
3.27622e-10	-0.0366131
3.27661e-10	-0.0366576
3.27701e-10	-0.0367019
3.2774e-10	-0.0367462
3.27779e-10	-0.0367904
3.27819e-10	-0.0368345
3.27858e-10	-0.0368786
3.27897e-10	-0.0369225
3.27937e-10	-0.0369664
3.27976e-10	-0.0370102
3.28015e-10	-0.0370539
3.28055e-10	-0.0370975
3.28094e-10	-0.037141
3.28134e-10	-0.0371844
3.28173e-10	-0.0372278
3.28212e-10	-0.037271
3.28252e-10	-0.0373142
3.28291e-10	-0.0373573
3.2833e-10	-0.0374003
3.2837e-10	-0.0374432
3.28409e-10	-0.0374861
3.28448e-10	-0.0375288
3.28488e-10	-0.0375715
3.28527e-10	-0.037614
3.28566e-10	-0.0376565
3.28606e-10	-0.0376989
3.28645e-10	-0.0377412
3.28685e-10	-0.0377834
3.28724e-10	-0.0378255
3.28763e-10	-0.0378676
3.28803e-10	-0.0379095
3.28842e-10	-0.0379513
3.28881e-10	-0.0379931
3.28921e-10	-0.0380348
3.2896e-10	-0.0380764
3.28999e-10	-0.0381178
3.29039e-10	-0.0381592
3.29078e-10	-0.0382005
3.29117e-10	-0.0382418
3.29157e-10	-0.0382829
3.29196e-10	-0.0383239
3.29235e-10	-0.0383648
3.29275e-10	-0.0384057
3.29314e-10	-0.0384464
3.29354e-10	-0.0384871
3.29393e-10	-0.0385277
3.29432e-10	-0.0385681
3.29472e-10	-0.0386085
3.29511e-10	-0.0386488
3.2955e-10	-0.038689
3.2959e-10	-0.0387291
3.29629e-10	-0.038769
3.29668e-10	-0.0388089
3.29708e-10	-0.0388488
3.29747e-10	-0.0388885
3.29786e-10	-0.0389281
3.29826e-10	-0.0389676
3.29865e-10	-0.039007
3.29905e-10	-0.0390463
3.29944e-10	-0.0390856
3.29983e-10	-0.0391247
3.30023e-10	-0.0391637
3.30062e-10	-0.0392027
3.30101e-10	-0.0392415
3.30141e-10	-0.0392802
3.3018e-10	-0.0393189
3.30219e-10	-0.0393574
3.30259e-10	-0.0393959
3.30298e-10	-0.0394342
3.30337e-10	-0.0394724
3.30377e-10	-0.0395106
3.30416e-10	-0.0395486
3.30456e-10	-0.0395866
3.30495e-10	-0.0396244
3.30534e-10	-0.0396622
3.30574e-10	-0.0396998
3.30613e-10	-0.0397374
3.30652e-10	-0.0397748
3.30692e-10	-0.0398121
3.30731e-10	-0.0398494
3.3077e-10	-0.0398865
3.3081e-10	-0.0399235
3.30849e-10	-0.0399605
3.30888e-10	-0.0399973
3.30928e-10	-0.040034
3.30967e-10	-0.0400706
3.31007e-10	-0.0401072
3.31046e-10	-0.0401436
3.31085e-10	-0.0401799
3.31125e-10	-0.0402161
3.31164e-10	-0.0402522
3.31203e-10	-0.0402882
3.31243e-10	-0.0403241
3.31282e-10	-0.0403599
3.31321e-10	-0.0403956
3.31361e-10	-0.0404311
3.314e-10	-0.0404666
3.31439e-10	-0.040502
3.31479e-10	-0.0405372
3.31518e-10	-0.0405724
3.31558e-10	-0.0406074
3.31597e-10	-0.0406424
3.31636e-10	-0.0406772
3.31676e-10	-0.0407119
3.31715e-10	-0.0407465
3.31754e-10	-0.0407811
3.31794e-10	-0.0408155
3.31833e-10	-0.0408497
3.31872e-10	-0.0408839
3.31912e-10	-0.040918
3.31951e-10	-0.040952
3.3199e-10	-0.0409858
3.3203e-10	-0.0410196
3.32069e-10	-0.0410532
3.32109e-10	-0.0410867
3.32148e-10	-0.0411202
3.32187e-10	-0.0411535
3.32227e-10	-0.0411867
3.32266e-10	-0.0412198
3.32305e-10	-0.0412527
3.32345e-10	-0.0412856
3.32384e-10	-0.0413183
3.32423e-10	-0.041351
3.32463e-10	-0.0413835
3.32502e-10	-0.0414159
3.32541e-10	-0.0414482
3.32581e-10	-0.0414804
3.3262e-10	-0.0415125
3.3266e-10	-0.0415445
3.32699e-10	-0.0415763
3.32738e-10	-0.041608
3.32778e-10	-0.0416397
3.32817e-10	-0.0416712
3.32856e-10	-0.0417026
3.32896e-10	-0.0417338
3.32935e-10	-0.041765
3.32974e-10	-0.0417961
3.33014e-10	-0.041827
3.33053e-10	-0.0418578
3.33092e-10	-0.0418885
3.33132e-10	-0.0419191
3.33171e-10	-0.0419496
3.3321e-10	-0.0419799
3.3325e-10	-0.0420102
3.33289e-10	-0.0420403
3.33329e-10	-0.0420703
3.33368e-10	-0.0421002
3.33407e-10	-0.04213
3.33447e-10	-0.0421596
3.33486e-10	-0.0421891
3.33525e-10	-0.0422186
3.33565e-10	-0.0422479
3.33604e-10	-0.042277
3.33643e-10	-0.0423061
3.33683e-10	-0.042335
3.33722e-10	-0.0423638
3.33761e-10	-0.0423926
3.33801e-10	-0.0424211
3.3384e-10	-0.0424496
3.3388e-10	-0.0424779
3.33919e-10	-0.0425062
3.33958e-10	-0.0425343
3.33998e-10	-0.0425622
3.34037e-10	-0.0425901
3.34076e-10	-0.0426178
3.34116e-10	-0.0426454
3.34155e-10	-0.0426729
3.34194e-10	-0.0427003
3.34234e-10	-0.0427276
3.34273e-10	-0.0427547
3.34312e-10	-0.0427817
3.34352e-10	-0.0428086
3.34391e-10	-0.0428353
3.34431e-10	-0.042862
3.3447e-10	-0.0428885
3.34509e-10	-0.0429149
3.34549e-10	-0.0429411
3.34588e-10	-0.0429673
3.34627e-10	-0.0429933
3.34667e-10	-0.0430192
3.34706e-10	-0.0430449
3.34745e-10	-0.0430706
3.34785e-10	-0.0430961
3.34824e-10	-0.0431215
3.34863e-10	-0.0431467
3.34903e-10	-0.0431719
3.34942e-10	-0.0431969
3.34982e-10	-0.0432218
3.35021e-10	-0.0432465
3.3506e-10	-0.0432712
3.351e-10	-0.0432957
3.35139e-10	-0.04332
3.35178e-10	-0.0433443
3.35218e-10	-0.0433684
3.35257e-10	-0.0433924
3.35296e-10	-0.0434163
3.35336e-10	-0.04344
3.35375e-10	-0.0434636
3.35414e-10	-0.0434871
3.35454e-10	-0.0435104
3.35493e-10	-0.0435337
3.35533e-10	-0.0435568
3.35572e-10	-0.0435797
3.35611e-10	-0.0436025
3.35651e-10	-0.0436253
3.3569e-10	-0.0436478
3.35729e-10	-0.0436703
3.35769e-10	-0.0436926
3.35808e-10	-0.0437148
3.35847e-10	-0.0437368
3.35887e-10	-0.0437587
3.35926e-10	-0.0437805
3.35965e-10	-0.0438022
3.36005e-10	-0.0438237
3.36044e-10	-0.0438451
3.36084e-10	-0.0438663
3.36123e-10	-0.0438875
3.36162e-10	-0.0439084
3.36202e-10	-0.0439293
3.36241e-10	-0.04395
3.3628e-10	-0.0439706
3.3632e-10	-0.0439911
3.36359e-10	-0.0440114
3.36398e-10	-0.0440316
3.36438e-10	-0.0440517
3.36477e-10	-0.0440716
3.36516e-10	-0.0440914
3.36556e-10	-0.044111
3.36595e-10	-0.0441305
3.36634e-10	-0.0441499
3.36674e-10	-0.0441692
3.36713e-10	-0.0441883
3.36753e-10	-0.0442072
3.36792e-10	-0.0442261
3.36831e-10	-0.0442448
3.36871e-10	-0.0442634
3.3691e-10	-0.0442818
3.36949e-10	-0.0443001
3.36989e-10	-0.0443182
3.37028e-10	-0.0443362
3.37067e-10	-0.0443541
3.37107e-10	-0.0443719
3.37146e-10	-0.0443895
3.37185e-10	-0.0444069
3.37225e-10	-0.0444243
3.37264e-10	-0.0444415
3.37304e-10	-0.0444585
3.37343e-10	-0.0444754
3.37382e-10	-0.0444922
3.37422e-10	-0.0445088
3.37461e-10	-0.0445253
3.375e-10	-0.0445417
3.3754e-10	-0.0445579
3.37579e-10	-0.044574
3.37618e-10	-0.0445899
3.37658e-10	-0.0446057
3.37697e-10	-0.0446213
3.37736e-10	-0.0446368
3.37776e-10	-0.0446522
3.37815e-10	-0.0446674
3.37855e-10	-0.0446825
3.37894e-10	-0.0446975
3.37933e-10	-0.0447123
3.37973e-10	-0.0447269
3.38012e-10	-0.0447415
3.38051e-10	-0.0447558
3.38091e-10	-0.0447701
3.3813e-10	-0.0447842
3.38169e-10	-0.0447981
3.38209e-10	-0.0448119
3.38248e-10	-0.0448256
3.38287e-10	-0.0448391
3.38327e-10	-0.0448525
3.38366e-10	-0.0448657
3.38406e-10	-0.0448788
3.38445e-10	-0.0448917
3.38484e-10	-0.0449045
3.38524e-10	-0.0449171
3.38563e-10	-0.0449297
3.38602e-10	-0.044942
3.38642e-10	-0.0449542
3.38681e-10	-0.0449663
3.3872e-10	-0.0449782
3.3876e-10	-0.04499
3.38799e-10	-0.0450016
3.38838e-10	-0.0450131
3.38878e-10	-0.0450244
3.38917e-10	-0.0450356
3.38957e-10	-0.0450467
3.38996e-10	-0.0450576
3.39035e-10	-0.0450683
3.39075e-10	-0.0450789
3.39114e-10	-0.0450894
3.39153e-10	-0.0450997
3.39193e-10	-0.0451099
3.39232e-10	-0.0451199
3.39271e-10	-0.0451297
3.39311e-10	-0.0451394
3.3935e-10	-0.045149
3.39389e-10	-0.0451584
3.39429e-10	-0.0451677
3.39468e-10	-0.0451768
3.39508e-10	-0.0451858
3.39547e-10	-0.0451946
3.39586e-10	-0.0452033
3.39626e-10	-0.0452118
3.39665e-10	-0.0452201
3.39704e-10	-0.0452284
3.39744e-10	-0.0452364
3.39783e-10	-0.0452443
3.39822e-10	-0.0452521
3.39862e-10	-0.0452597
3.39901e-10	-0.0452672
3.3994e-10	-0.0452745
3.3998e-10	-0.0452817
3.40019e-10	-0.0452887
3.40058e-10	-0.0452955
3.40098e-10	-0.0453022
3.40137e-10	-0.0453088
3.40177e-10	-0.0453152
3.40216e-10	-0.0453214
3.40255e-10	-0.0453275
3.40295e-10	-0.0453335
3.40334e-10	-0.0453392
3.40373e-10	-0.0453449
3.40413e-10	-0.0453504
3.40452e-10	-0.0453557
3.40491e-10	-0.0453608
3.40531e-10	-0.0453659
3.4057e-10	-0.0453707
3.40609e-10	-0.0453754
3.40649e-10	-0.04538
3.40688e-10	-0.0453844
3.40728e-10	-0.0453886
3.40767e-10	-0.0453927
3.40806e-10	-0.0453967
3.40846e-10	-0.0454004
3.40885e-10	-0.0454041
3.40924e-10	-0.0454075
3.40964e-10	-0.0454108
3.41003e-10	-0.045414
3.41042e-10	-0.045417
3.41082e-10	-0.0454198
3.41121e-10	-0.0454225
3.4116e-10	-0.045425
3.412e-10	-0.0454274
3.41239e-10	-0.0454296
3.41279e-10	-0.0454317
3.41318e-10	-0.0454336
3.41357e-10	-0.0454353
3.41397e-10	-0.0454369
3.41436e-10	-0.0454383
3.41475e-10	-0.0454396
3.41515e-10	-0.0454407
3.41554e-10	-0.0454417
3.41593e-10	-0.0454425
3.41633e-10	-0.0454431
3.41672e-10	-0.0454436
3.41711e-10	-0.0454439
3.41751e-10	-0.045444
3.4179e-10	-0.045444
3.4183e-10	-0.0454439
3.41869e-10	-0.0454436
3.41908e-10	-0.0454431
3.41948e-10	-0.0454424
3.41987e-10	-0.0454416
3.42026e-10	-0.0454407
3.42066e-10	-0.0454395
3.42105e-10	-0.0454383
3.42144e-10	-0.0454368
3.42184e-10	-0.0454352
3.42223e-10	-0.0454334
3.42262e-10	-0.0454315
3.42302e-10	-0.0454294
3.42341e-10	-0.0454272
3.42381e-10	-0.0454248
3.4242e-10	-0.0454222
3.42459e-10	-0.0454195
3.42499e-10	-0.0454165
3.42538e-10	-0.0454135
3.42577e-10	-0.0454103
3.42617e-10	-0.0454069
3.42656e-10	-0.0454033
3.42695e-10	-0.0453996
3.42735e-10	-0.0453957
3.42774e-10	-0.0453917
3.42813e-10	-0.0453875
3.42853e-10	-0.0453831
3.42892e-10	-0.0453786
3.42932e-10	-0.0453739
3.42971e-10	-0.0453691
3.4301e-10	-0.045364
3.4305e-10	-0.0453588
3.43089e-10	-0.0453535
3.43128e-10	-0.045348
3.43168e-10	-0.0453423
3.43207e-10	-0.0453365
3.43246e-10	-0.0453304
3.43286e-10	-0.0453243
3.43325e-10	-0.0453179
3.43364e-10	-0.0453114
3.43404e-10	-0.0453047
3.43443e-10	-0.0452979
3.43482e-10	-0.0452909
3.43522e-10	-0.0452837
3.43561e-10	-0.0452764
3.43601e-10	-0.0452689
3.4364e-10	-0.0452612
3.43679e-10	-0.0452534
3.43719e-10	-0.0452454
3.43758e-10	-0.0452372
3.43797e-10	-0.0452289
3.43837e-10	-0.0452204
3.43876e-10	-0.0452117
3.43915e-10	-0.0452029
3.43955e-10	-0.0451939
3.43994e-10	-0.0451847
3.44033e-10	-0.0451754
3.44073e-10	-0.0451659
3.44112e-10	-0.0451562
3.44152e-10	-0.0451464
3.44191e-10	-0.0451363
3.4423e-10	-0.0451262
3.4427e-10	-0.0451158
3.44309e-10	-0.0451053
3.44348e-10	-0.0450946
3.44388e-10	-0.0450838
3.44427e-10	-0.0450727
3.44466e-10	-0.0450615
3.44506e-10	-0.0450502
3.44545e-10	-0.0450386
3.44584e-10	-0.0450269
3.44624e-10	-0.0450151
3.44663e-10	-0.045003
3.44703e-10	-0.0449908
3.44742e-10	-0.0449784
3.44781e-10	-0.0449659
3.44821e-10	-0.0449532
3.4486e-10	-0.0449403
3.44899e-10	-0.0449272
3.44939e-10	-0.044914
3.44978e-10	-0.0449006
3.45017e-10	-0.044887
3.45057e-10	-0.0448732
3.45096e-10	-0.0448593
3.45135e-10	-0.0448452
3.45175e-10	-0.044831
3.45214e-10	-0.0448165
3.45254e-10	-0.0448019
3.45293e-10	-0.0447872
3.45332e-10	-0.0447722
3.45372e-10	-0.0447571
3.45411e-10	-0.0447418
3.4545e-10	-0.0447263
3.4549e-10	-0.0447107
3.45529e-10	-0.0446949
3.45568e-10	-0.0446789
3.45608e-10	-0.0446628
3.45647e-10	-0.0446464
3.45686e-10	-0.0446299
3.45726e-10	-0.0446133
3.45765e-10	-0.0445964
3.45805e-10	-0.0445794
3.45844e-10	-0.0445622
3.45883e-10	-0.0445448
3.45923e-10	-0.0445273
3.45962e-10	-0.0445096
3.46001e-10	-0.0444917
3.46041e-10	-0.0444736
3.4608e-10	-0.0444554
3.46119e-10	-0.044437
3.46159e-10	-0.0444184
3.46198e-10	-0.0443996
3.46237e-10	-0.0443807
3.46277e-10	-0.0443616
3.46316e-10	-0.0443423
3.46356e-10	-0.0443229
3.46395e-10	-0.0443032
3.46434e-10	-0.0442834
3.46474e-10	-0.0442635
3.46513e-10	-0.0442433
3.46552e-10	-0.044223
3.46592e-10	-0.0442025
3.46631e-10	-0.0441818
3.4667e-10	-0.0441609
3.4671e-10	-0.0441399
3.46749e-10	-0.0441187
3.46788e-10	-0.0440973
3.46828e-10	-0.0440757
3.46867e-10	-0.044054
3.46906e-10	-0.0440321
3.46946e-10	-0.04401
3.46985e-10	-0.0439877
3.47025e-10	-0.0439653
3.47064e-10	-0.0439427
3.47103e-10	-0.0439199
3.47143e-10	-0.0438969
3.47182e-10	-0.0438737
3.47221e-10	-0.0438504
3.47261e-10	-0.0438269
3.473e-10	-0.0438032
3.47339e-10	-0.0437794
3.47379e-10	-0.0437553
3.47418e-10	-0.0437311
3.47457e-10	-0.0437067
3.47497e-10	-0.0436822
3.47536e-10	-0.0436574
3.47576e-10	-0.0436325
3.47615e-10	-0.0436074
3.47654e-10	-0.0435821
3.47694e-10	-0.0435567
3.47733e-10	-0.043531
3.47772e-10	-0.0435052
3.47812e-10	-0.0434792
3.47851e-10	-0.0434531
3.4789e-10	-0.0434267
3.4793e-10	-0.0434002
3.47969e-10	-0.0433735
3.48008e-10	-0.0433466
3.48048e-10	-0.0433195
3.48087e-10	-0.0432923
3.48127e-10	-0.0432649
3.48166e-10	-0.0432373
3.48205e-10	-0.0432095
3.48245e-10	-0.0431815
3.48284e-10	-0.0431534
3.48323e-10	-0.0431251
3.48363e-10	-0.0430966
3.48402e-10	-0.0430679
3.48441e-10	-0.0430391
3.48481e-10	-0.04301
3.4852e-10	-0.0429808
3.48559e-10	-0.0429514
3.48599e-10	-0.0429219
3.48638e-10	-0.0428921
3.48678e-10	-0.0428622
3.48717e-10	-0.0428321
3.48756e-10	-0.0428018
3.48796e-10	-0.0427713
3.48835e-10	-0.0427407
3.48874e-10	-0.0427098
3.48914e-10	-0.0426788
3.48953e-10	-0.0426476
3.48992e-10	-0.0426163
3.49032e-10	-0.0425847
3.49071e-10	-0.042553
3.4911e-10	-0.0425211
3.4915e-10	-0.042489
3.49189e-10	-0.0424567
3.49229e-10	-0.0424242
3.49268e-10	-0.0423916
3.49307e-10	-0.0423588
3.49347e-10	-0.0423258
3.49386e-10	-0.0422926
3.49425e-10	-0.0422592
3.49465e-10	-0.0422257
3.49504e-10	-0.042192
3.49543e-10	-0.0421581
3.49583e-10	-0.042124
3.49622e-10	-0.0420897
3.49661e-10	-0.0420553
3.49701e-10	-0.0420206
3.4974e-10	-0.0419858
3.4978e-10	-0.0419508
3.49819e-10	-0.0419157
3.49858e-10	-0.0418803
3.49898e-10	-0.0418448
3.49937e-10	-0.041809
3.49976e-10	-0.0417731
3.50016e-10	-0.0417371
3.50055e-10	-0.0417008
3.50094e-10	-0.0416643
3.50134e-10	-0.0416277
3.50173e-10	-0.0415909
3.50212e-10	-0.0415539
3.50252e-10	-0.0415167
3.50291e-10	-0.0414794
3.5033e-10	-0.0414418
3.5037e-10	-0.0414041
3.50409e-10	-0.0413662
3.50449e-10	-0.0413281
3.50488e-10	-0.0412898
3.50527e-10	-0.0412514
3.50567e-10	-0.0412127
3.50606e-10	-0.0411739
3.50645e-10	-0.0411349
3.50685e-10	-0.0410957
3.50724e-10	-0.0410564
3.50763e-10	-0.0410168
3.50803e-10	-0.0409771
3.50842e-10	-0.0409372
3.50881e-10	-0.0408971
3.50921e-10	-0.0408568
3.5096e-10	-0.0408163
3.51e-10	-0.0407757
3.51039e-10	-0.0407349
3.51078e-10	-0.0406938
3.51118e-10	-0.0406526
3.51157e-10	-0.0406113
3.51196e-10	-0.0405697
3.51236e-10	-0.040528
3.51275e-10	-0.040486
3.51314e-10	-0.0404439
3.51354e-10	-0.0404016
3.51393e-10	-0.0403591
3.51432e-10	-0.0403165
3.51472e-10	-0.0402736
3.51511e-10	-0.0402306
3.51551e-10	-0.0401874
3.5159e-10	-0.040144
3.51629e-10	-0.0401004
3.51669e-10	-0.0400567
3.51708e-10	-0.0400127
3.51747e-10	-0.0399686
3.51787e-10	-0.0399243
3.51826e-10	-0.0398798
3.51865e-10	-0.0398351
3.51905e-10	-0.0397902
3.51944e-10	-0.0397452
3.51983e-10	-0.0397
3.52023e-10	-0.0396545
3.52062e-10	-0.0396089
3.52102e-10	-0.0395632
3.52141e-10	-0.0395172
3.5218e-10	-0.0394711
3.5222e-10	-0.0394247
3.52259e-10	-0.0393782
3.52298e-10	-0.0393315
3.52338e-10	-0.0392846
3.52377e-10	-0.0392376
3.52416e-10	-0.0391903
3.52456e-10	-0.0391429
3.52495e-10	-0.0390953
3.52534e-10	-0.0390474
3.52574e-10	-0.0389995
3.52613e-10	-0.0389513
3.52653e-10	-0.0389029
3.52692e-10	-0.0388544
3.52731e-10	-0.0388057
3.52771e-10	-0.0387568
3.5281e-10	-0.0387077
3.52849e-10	-0.0386584
3.52889e-10	-0.038609
3.52928e-10	-0.0385593
3.52967e-10	-0.0385095
3.53007e-10	-0.0384595
3.53046e-10	-0.0384093
3.53085e-10	-0.0383589
3.53125e-10	-0.0383084
3.53164e-10	-0.0382576
3.53204e-10	-0.0382067
3.53243e-10	-0.0381556
3.53282e-10	-0.0381043
3.53322e-10	-0.0380528
3.53361e-10	-0.0380011
3.534e-10	-0.0379493
3.5344e-10	-0.0378973
3.53479e-10	-0.037845
3.53518e-10	-0.0377926
3.53558e-10	-0.0377401
3.53597e-10	-0.0376873
3.53636e-10	-0.0376343
3.53676e-10	-0.0375812
3.53715e-10	-0.0375279
3.53755e-10	-0.0374744
3.53794e-10	-0.0374207
3.53833e-10	-0.0373668
3.53873e-10	-0.0373128
3.53912e-10	-0.0372586
3.53951e-10	-0.0372041
3.53991e-10	-0.0371495
3.5403e-10	-0.0370947
3.54069e-10	-0.0370398
3.54109e-10	-0.0369846
3.54148e-10	-0.0369293
3.54187e-10	-0.0368738
3.54227e-10	-0.0368181
3.54266e-10	-0.0367622
3.54305e-10	-0.0367061
3.54345e-10	-0.0366498
3.54384e-10	-0.0365934
3.54424e-10	-0.0365368
3.54463e-10	-0.03648
3.54502e-10	-0.036423
3.54542e-10	-0.0363658
3.54581e-10	-0.0363085
3.5462e-10	-0.0362509
3.5466e-10	-0.0361932
3.54699e-10	-0.0361353
3.54738e-10	-0.0360772
3.54778e-10	-0.0360189
3.54817e-10	-0.0359605
3.54856e-10	-0.0359018
3.54896e-10	-0.035843
3.54935e-10	-0.035784
3.54975e-10	-0.0357248
3.55014e-10	-0.0356655
3.55053e-10	-0.0356059
3.55093e-10	-0.0355462
3.55132e-10	-0.0354862
3.55171e-10	-0.0354261
3.55211e-10	-0.0353659
3.5525e-10	-0.0353054
3.55289e-10	-0.0352447
3.55329e-10	-0.0351839
3.55368e-10	-0.0351229
3.55407e-10	-0.0350617
3.55447e-10	-0.0350003
3.55486e-10	-0.0349387
3.55526e-10	-0.034877
3.55565e-10	-0.0348151
3.55604e-10	-0.034753
3.55644e-10	-0.0346907
3.55683e-10	-0.0346282
3.55722e-10	-0.0345655
3.55762e-10	-0.0345027
3.55801e-10	-0.0344397
3.5584e-10	-0.0343765
3.5588e-10	-0.0343131
3.55919e-10	-0.0342495
3.55958e-10	-0.0341858
3.55998e-10	-0.0341218
3.56037e-10	-0.0340577
3.56077e-10	-0.0339934
3.56116e-10	-0.0339289
3.56155e-10	-0.0338643
3.56195e-10	-0.0337994
3.56234e-10	-0.0337344
3.56273e-10	-0.0336692
3.56313e-10	-0.0336038
3.56352e-10	-0.0335383
3.56391e-10	-0.0334725
3.56431e-10	-0.0334066
3.5647e-10	-0.0333405
3.56509e-10	-0.0332742
3.56549e-10	-0.0332077
3.56588e-10	-0.0331411
3.56628e-10	-0.0330742
3.56667e-10	-0.0330072
3.56706e-10	-0.03294
3.56746e-10	-0.0328726
3.56785e-10	-0.0328051
3.56824e-10	-0.0327373
3.56864e-10	-0.0326694
3.56903e-10	-0.0326013
3.56942e-10	-0.032533
3.56982e-10	-0.0324646
3.57021e-10	-0.0323959
3.5706e-10	-0.0323271
3.571e-10	-0.0322581
3.57139e-10	-0.0321889
3.57179e-10	-0.0321195
3.57218e-10	-0.03205
3.57257e-10	-0.0319803
3.57297e-10	-0.0319104
3.57336e-10	-0.0318403
3.57375e-10	-0.03177
3.57415e-10	-0.0316996
3.57454e-10	-0.031629
3.57493e-10	-0.0315582
3.57533e-10	-0.0314872
3.57572e-10	-0.031416
3.57611e-10	-0.0313447
3.57651e-10	-0.0312732
3.5769e-10	-0.0312015
3.57729e-10	-0.0311296
3.57769e-10	-0.0310575
3.57808e-10	-0.0309853
3.57848e-10	-0.0309129
3.57887e-10	-0.0308403
3.57926e-10	-0.0307675
3.57966e-10	-0.0306946
3.58005e-10	-0.0306215
3.58044e-10	-0.0305482
3.58084e-10	-0.0304747
3.58123e-10	-0.030401
3.58162e-10	-0.0303272
3.58202e-10	-0.0302532
3.58241e-10	-0.030179
3.5828e-10	-0.0301046
3.5832e-10	-0.0300301
3.58359e-10	-0.0299553
3.58399e-10	-0.0298804
3.58438e-10	-0.0298053
3.58477e-10	-0.0297301
3.58517e-10	-0.0296547
3.58556e-10	-0.029579
3.58595e-10	-0.0295032
3.58635e-10	-0.0294273
3.58674e-10	-0.0293511
3.58713e-10	-0.0292748
3.58753e-10	-0.0291983
3.58792e-10	-0.0291216
3.58831e-10	-0.0290448
3.58871e-10	-0.0289678
3.5891e-10	-0.0288906
3.5895e-10	-0.0288132
3.58989e-10	-0.0287356
3.59028e-10	-0.0286579
3.59068e-10	-0.02858
3.59107e-10	-0.0285019
3.59146e-10	-0.0284237
3.59186e-10	-0.0283452
3.59225e-10	-0.0282666
3.59264e-10	-0.0281879
3.59304e-10	-0.0281089
3.59343e-10	-0.0280298
3.59382e-10	-0.0279505
3.59422e-10	-0.027871
3.59461e-10	-0.0277913
3.59501e-10	-0.0277115
3.5954e-10	-0.0276315
3.59579e-10	-0.0275513
3.59619e-10	-0.027471
3.59658e-10	-0.0273904
3.59697e-10	-0.0273097
3.59737e-10	-0.0272289
3.59776e-10	-0.0271478
3.59815e-10	-0.0270666
3.59855e-10	-0.0269852
3.59894e-10	-0.0269036
3.59933e-10	-0.0268219
3.59973e-10	-0.02674
3.60012e-10	-0.0266579
3.60052e-10	-0.0265756
3.60091e-10	-0.0264932
3.6013e-10	-0.0264106
3.6017e-10	-0.0263278
3.60209e-10	-0.0262449
3.60248e-10	-0.0261617
3.60288e-10	-0.0260784
3.60327e-10	-0.025995
3.60366e-10	-0.0259113
3.60406e-10	-0.0258275
3.60445e-10	-0.0257435
3.60484e-10	-0.0256594
3.60524e-10	-0.0255751
3.60563e-10	-0.0254906
3.60603e-10	-0.0254059
3.60642e-10	-0.0253211
3.60681e-10	-0.0252361
3.60721e-10	-0.0251509
3.6076e-10	-0.0250656
3.60799e-10	-0.02498
3.60839e-10	-0.0248943
3.60878e-10	-0.0248085
3.60917e-10	-0.0247225
3.60957e-10	-0.0246363
3.60996e-10	-0.0245499
3.61035e-10	-0.0244634
3.61075e-10	-0.0243767
3.61114e-10	-0.0242898
3.61153e-10	-0.0242028
3.61193e-10	-0.0241155
3.61232e-10	-0.0240282
3.61272e-10	-0.0239406
3.61311e-10	-0.0238529
3.6135e-10	-0.023765
3.6139e-10	-0.023677
3.61429e-10	-0.0235887
3.61468e-10	-0.0235004
3.61508e-10	-0.0234118
3.61547e-10	-0.0233231
3.61586e-10	-0.0232342
3.61626e-10	-0.0231451
3.61665e-10	-0.0230559
3.61704e-10	-0.0229665
3.61744e-10	-0.022877
3.61783e-10	-0.0227872
3.61823e-10	-0.0226974
3.61862e-10	-0.0226073
3.61901e-10	-0.0225171
3.61941e-10	-0.0224267
3.6198e-10	-0.0223361
3.62019e-10	-0.0222454
3.62059e-10	-0.0221545
3.62098e-10	-0.0220635
3.62137e-10	-0.0219723
3.62177e-10	-0.0218809
3.62216e-10	-0.0217893
3.62255e-10	-0.0216976
3.62295e-10	-0.0216058
3.62334e-10	-0.0215137
3.62374e-10	-0.0214215
3.62413e-10	-0.0213292
3.62452e-10	-0.0212366
3.62492e-10	-0.021144
3.62531e-10	-0.0210511
3.6257e-10	-0.0209581
3.6261e-10	-0.0208649
3.62649e-10	-0.0207716
3.62688e-10	-0.0206781
3.62728e-10	-0.0205844
3.62767e-10	-0.0204906
3.62806e-10	-0.0203966
3.62846e-10	-0.0203024
3.62885e-10	-0.0202081
3.62925e-10	-0.0201136
3.62964e-10	-0.020019
3.63003e-10	-0.0199242
3.63043e-10	-0.0198292
3.63082e-10	-0.0197341
3.63121e-10	-0.0196388
3.63161e-10	-0.0195434
3.632e-10	-0.0194478
3.63239e-10	-0.019352
3.63279e-10	-0.0192561
3.63318e-10	-0.01916
3.63357e-10	-0.0190638
3.63397e-10	-0.0189674
3.63436e-10	-0.0188708
3.63476e-10	-0.0187741
3.63515e-10	-0.0186772
3.63554e-10	-0.0185802
3.63594e-10	-0.018483
3.63633e-10	-0.0183857
3.63672e-10	-0.0182882
3.63712e-10	-0.0181905
3.63751e-10	-0.0180927
3.6379e-10	-0.0179947
3.6383e-10	-0.0178966
3.63869e-10	-0.0177983
3.63908e-10	-0.0176998
3.63948e-10	-0.0176012
3.63987e-10	-0.0175024
3.64027e-10	-0.0174035
3.64066e-10	-0.0173045
3.64105e-10	-0.0172052
3.64145e-10	-0.0171058
3.64184e-10	-0.0170063
3.64223e-10	-0.0169066
3.64263e-10	-0.0168067
3.64302e-10	-0.0167067
3.64341e-10	-0.0166066
3.64381e-10	-0.0165063
3.6442e-10	-0.0164058
3.64459e-10	-0.0163052
3.64499e-10	-0.0162044
3.64538e-10	-0.0161035
3.64577e-10	-0.0160024
3.64617e-10	-0.0159012
3.64656e-10	-0.0157998
3.64696e-10	-0.0156982
3.64735e-10	-0.0155965
3.64774e-10	-0.0154947
3.64814e-10	-0.0153927
3.64853e-10	-0.0152905
3.64892e-10	-0.0151882
3.64932e-10	-0.0150858
3.64971e-10	-0.0149832
3.6501e-10	-0.0148804
3.6505e-10	-0.0147775
3.65089e-10	-0.0146745
3.65128e-10	-0.0145713
3.65168e-10	-0.0144679
3.65207e-10	-0.0143644
3.65247e-10	-0.0142608
3.65286e-10	-0.014157
3.65325e-10	-0.014053
3.65365e-10	-0.0139489
3.65404e-10	-0.0138447
3.65443e-10	-0.0137403
3.65483e-10	-0.0136357
3.65522e-10	-0.0135311
3.65561e-10	-0.0134262
3.65601e-10	-0.0133212
3.6564e-10	-0.0132161
3.65679e-10	-0.0131108
3.65719e-10	-0.0130054
3.65758e-10	-0.0128998
3.65798e-10	-0.0127941
3.65837e-10	-0.0126882
3.65876e-10	-0.0125822
3.65916e-10	-0.0124761
3.65955e-10	-0.0123698
3.65994e-10	-0.0122633
3.66034e-10	-0.0121567
3.66073e-10	-0.01205
3.66112e-10	-0.0119431
3.66152e-10	-0.0118361
3.66191e-10	-0.0117289
3.6623e-10	-0.0116216
3.6627e-10	-0.0115142
3.66309e-10	-0.0114066
3.66349e-10	-0.0112988
3.66388e-10	-0.011191
3.66427e-10	-0.0110829
3.66467e-10	-0.0109748
3.66506e-10	-0.0108665
3.66545e-10	-0.010758
3.66585e-10	-0.0106494
3.66624e-10	-0.0105407
3.66663e-10	-0.0104318
3.66703e-10	-0.0103228
3.66742e-10	-0.0102137
3.66781e-10	-0.0101044
3.66821e-10	-0.00999495
3.6686e-10	-0.00988538
3.669e-10	-0.00977567
3.66939e-10	-0.00966582
3.66978e-10	-0.00955583
3.67018e-10	-0.0094457
3.67057e-10	-0.00933544
3.67096e-10	-0.00922504
3.67136e-10	-0.0091145
3.67175e-10	-0.00900382
3.67214e-10	-0.00889301
3.67254e-10	-0.00878206
3.67293e-10	-0.00867097
3.67332e-10	-0.00855975
3.67372e-10	-0.00844839
3.67411e-10	-0.00833689
3.67451e-10	-0.00822526
3.6749e-10	-0.0081135
3.67529e-10	-0.0080016
3.67569e-10	-0.00788956
3.67608e-10	-0.00777739
3.67647e-10	-0.00766509
3.67687e-10	-0.00755265
3.67726e-10	-0.00744008
3.67765e-10	-0.00732737
3.67805e-10	-0.00721454
3.67844e-10	-0.00710157
3.67883e-10	-0.00698846
3.67923e-10	-0.00687523
3.67962e-10	-0.00676186
3.68001e-10	-0.00664836
3.68041e-10	-0.00653473
3.6808e-10	-0.00642097
3.6812e-10	-0.00630708
3.68159e-10	-0.00619306
3.68198e-10	-0.00607891
3.68238e-10	-0.00596462
3.68277e-10	-0.00585021
3.68316e-10	-0.00573567
3.68356e-10	-0.005621
3.68395e-10	-0.0055062
3.68434e-10	-0.00539127
3.68474e-10	-0.00527622
3.68513e-10	-0.00516103
3.68552e-10	-0.00504572
3.68592e-10	-0.00493028
3.68631e-10	-0.00481472
3.68671e-10	-0.00469902
3.6871e-10	-0.0045832
3.68749e-10	-0.00446726
3.68789e-10	-0.00435119
3.68828e-10	-0.00423499
3.68867e-10	-0.00411867
3.68907e-10	-0.00400222
3.68946e-10	-0.00388565
3.68985e-10	-0.00376895
3.69025e-10	-0.00365213
3.69064e-10	-0.00353519
3.69103e-10	-0.00341812
3.69143e-10	-0.00330093
3.69182e-10	-0.00318361
3.69222e-10	-0.00306618
3.69261e-10	-0.00294862
3.693e-10	-0.00283094
3.6934e-10	-0.00271313
3.69379e-10	-0.00259521
3.69418e-10	-0.00247716
3.69458e-10	-0.002359
3.69497e-10	-0.00224071
3.69536e-10	-0.0021223
3.69576e-10	-0.00200378
3.69615e-10	-0.00188513
3.69654e-10	-0.00176637
3.69694e-10	-0.00164748
3.69733e-10	-0.00152848
3.69773e-10	-0.00140936
3.69812e-10	-0.00129012
3.69851e-10	-0.00117076
3.69891e-10	-0.00105129
3.6993e-10	-0.000931696
3.69969e-10	-0.000811988
3.70009e-10	-0.000692164
3.70048e-10	-0.000572223
3.70087e-10	-0.000452166
3.70127e-10	-0.000331994
3.70166e-10	-0.000211707
3.70205e-10	-9.13052e-05
3.70245e-10	2.92113e-05
3.70284e-10	0.000149842
3.70324e-10	0.000270587
3.70363e-10	0.000391445
3.70402e-10	0.000512416
3.70442e-10	0.000633501
3.70481e-10	0.000754697
3.7052e-10	0.000876007
3.7056e-10	0.000997428
3.70599e-10	0.00111896
3.70638e-10	0.0012406
3.70678e-10	0.00136236
3.70717e-10	0.00148422
3.70756e-10	0.0016062
3.70796e-10	0.00172829
3.70835e-10	0.00185048
3.70875e-10	0.00197279
3.70914e-10	0.0020952
3.70953e-10	0.00221772
3.70993e-10	0.00234035
3.71032e-10	0.00246309
3.71071e-10	0.00258594
3.71111e-10	0.00270889
3.7115e-10	0.00283195
3.71189e-10	0.00295512
3.71229e-10	0.00307839
3.71268e-10	0.00320177
3.71307e-10	0.00332526
3.71347e-10	0.00344885
3.71386e-10	0.00357254
3.71426e-10	0.00369634
3.71465e-10	0.00382025
3.71504e-10	0.00394425
3.71544e-10	0.00406836
3.71583e-10	0.00419258
3.71622e-10	0.0043169
3.71662e-10	0.00444132
3.71701e-10	0.00456584
3.7174e-10	0.00469046
3.7178e-10	0.00481519
3.71819e-10	0.00494002
3.71858e-10	0.00506494
3.71898e-10	0.00518997
3.71937e-10	0.0053151
3.71976e-10	0.00544033
3.72016e-10	0.00556565
3.72055e-10	0.00569108
3.72095e-10	0.0058166
3.72134e-10	0.00594223
3.72173e-10	0.00606795
3.72213e-10	0.00619377
3.72252e-10	0.00631968
3.72291e-10	0.00644569
3.72331e-10	0.0065718
3.7237e-10	0.00669801
3.72409e-10	0.00682431
3.72449e-10	0.00695071
3.72488e-10	0.0070772
3.72527e-10	0.00720379
3.72567e-10	0.00733047
3.72606e-10	0.00745724
3.72646e-10	0.00758411
3.72685e-10	0.00771107
3.72724e-10	0.00783813
3.72764e-10	0.00796528
3.72803e-10	0.00809251
3.72842e-10	0.00821985
3.72882e-10	0.00834727
3.72921e-10	0.00847478
3.7296e-10	0.00860239
3.73e-10	0.00873008
3.73039e-10	0.00885787
3.73078e-10	0.00898574
3.73118e-10	0.00911371
3.73157e-10	0.00924176
3.73197e-10	0.0093699
3.73236e-10	0.00949813
3.73275e-10	0.00962645
3.73315e-10	0.00975485
3.73354e-10	0.00988334
3.73393e-10	0.0100119
3.73433e-10	0.0101406
3.73472e-10	0.0102693
3.73511e-10	0.0103982
3.73551e-10	0.0105271
3.7359e-10	0.0106561
3.73629e-10	0.0107852
3.73669e-10	0.0109144
3.73708e-10	0.0110436
3.73748e-10	0.011173
3.73787e-10	0.0113024
3.73826e-10	0.0114319
3.73866e-10	0.0115615
3.73905e-10	0.0116912
3.73944e-10	0.0118209
3.73984e-10	0.0119507
3.74023e-10	0.0120806
3.74062e-10	0.0122106
3.74102e-10	0.0123407
3.74141e-10	0.0124709
3.7418e-10	0.0126011
3.7422e-10	0.0127314
3.74259e-10	0.0128618
3.74299e-10	0.0129923
3.74338e-10	0.0131228
3.74377e-10	0.0132534
3.74417e-10	0.0133841
3.74456e-10	0.0135149
3.74495e-10	0.0136457
3.74535e-10	0.0137767
3.74574e-10	0.0139077
3.74613e-10	0.0140387
3.74653e-10	0.0141699
3.74692e-10	0.0143011
3.74731e-10	0.0144324
3.74771e-10	0.0145638
3.7481e-10	0.0146952
3.7485e-10	0.0148267
3.74889e-10	0.0149583
3.74928e-10	0.01509
3.74968e-10	0.0152217
3.75007e-10	0.0153535
3.75046e-10	0.0154854
3.75086e-10	0.0156173
3.75125e-10	0.0157493
3.75164e-10	0.0158814
3.75204e-10	0.0160135
3.75243e-10	0.0161458
3.75282e-10	0.016278
3.75322e-10	0.0164104
3.75361e-10	0.0165428
3.754e-10	0.0166753
3.7544e-10	0.0168078
3.75479e-10	0.0169405
3.75519e-10	0.0170731
3.75558e-10	0.0172059
3.75597e-10	0.0173387
3.75637e-10	0.0174716
3.75676e-10	0.0176045
3.75715e-10	0.0177375
3.75755e-10	0.0178706
3.75794e-10	0.0180037
3.75833e-10	0.0181369
3.75873e-10	0.0182702
3.75912e-10	0.0184035
3.75951e-10	0.0185368
3.75991e-10	0.0186703
3.7603e-10	0.0188038
3.7607e-10	0.0189373
3.76109e-10	0.0190709
3.76148e-10	0.0192046
3.76188e-10	0.0193383
3.76227e-10	0.0194721
3.76266e-10	0.019606
3.76306e-10	0.0197399
3.76345e-10	0.0198738
3.76384e-10	0.0200078
3.76424e-10	0.0201419
3.76463e-10	0.020276
3.76502e-10	0.0204102
3.76542e-10	0.0205445
3.76581e-10	0.0206787
3.76621e-10	0.0208131
3.7666e-10	0.0209475
3.76699e-10	0.0210819
3.76739e-10	0.0212164
3.76778e-10	0.021351
3.76817e-10	0.0214856
3.76857e-10	0.0216203
3.76896e-10	0.021755
3.76935e-10	0.0218897
3.76975e-10	0.0220245
3.77014e-10	0.0221594
3.77053e-10	0.0222943
3.77093e-10	0.0224293
3.77132e-10	0.0225643
3.77172e-10	0.0226993
3.77211e-10	0.0228344
3.7725e-10	0.0229695
3.7729e-10	0.0231047
3.77329e-10	0.02324
3.77368e-10	0.0233753
3.77408e-10	0.0235106
3.77447e-10	0.023646
3.77486e-10	0.0237814
3.77526e-10	0.0239168
3.77565e-10	0.0240523
3.77604e-10	0.0241879
3.77644e-10	0.0243235
3.77683e-10	0.0244591
3.77723e-10	0.0245948
3.77762e-10	0.0247305
3.77801e-10	0.0248662
3.77841e-10	0.025002
3.7788e-10	0.0251379
3.77919e-10	0.0252737
3.77959e-10	0.0254097
3.77998e-10	0.0255456
3.78037e-10	0.0256816
3.78077e-10	0.0258176
3.78116e-10	0.0259537
3.78155e-10	0.0260898
3.78195e-10	0.0262259
3.78234e-10	0.0263621
3.78274e-10	0.0264983
3.78313e-10	0.0266345
3.78352e-10	0.0267708
3.78392e-10	0.0269071
3.78431e-10	0.0270435
3.7847e-10	0.0271798
3.7851e-10	0.0273162
3.78549e-10	0.0274527
3.78588e-10	0.0275892
3.78628e-10	0.0277257
3.78667e-10	0.0278622
3.78706e-10	0.0279988
3.78746e-10	0.0281353
3.78785e-10	0.028272
3.78824e-10	0.0284086
3.78864e-10	0.0285453
3.78903e-10	0.028682
3.78943e-10	0.0288187
3.78982e-10	0.0289555
3.79021e-10	0.0290923
3.79061e-10	0.0292291
3.791e-10	0.029366
3.79139e-10	0.0295028
3.79179e-10	0.0296397
3.79218e-10	0.0297766
3.79257e-10	0.0299136
3.79297e-10	0.0300505
3.79336e-10	0.0301875
3.79375e-10	0.0303245
3.79415e-10	0.0304616
3.79454e-10	0.0305986
3.79494e-10	0.0307357
3.79533e-10	0.0308728
3.79572e-10	0.0310099
3.79612e-10	0.031147
3.79651e-10	0.0312842
3.7969e-10	0.0314214
3.7973e-10	0.0315585
3.79769e-10	0.0316957
3.79808e-10	0.031833
3.79848e-10	0.0319702
3.79887e-10	0.0321075
3.79926e-10	0.0322447
3.79966e-10	0.032382
3.80005e-10	0.0325193
3.80045e-10	0.0326567
3.80084e-10	0.032794
3.80123e-10	0.0329313
3.80163e-10	0.0330687
3.80202e-10	0.0332061
3.80241e-10	0.0333435
3.80281e-10	0.0334808
3.8032e-10	0.0336183
3.80359e-10	0.0337557
3.80399e-10	0.0338931
3.80438e-10	0.0340305
3.80477e-10	0.034168
3.80517e-10	0.0343054
3.80556e-10	0.0344429
3.80596e-10	0.0345804
3.80635e-10	0.0347179
3.80674e-10	0.0348553
3.80714e-10	0.0349928
3.80753e-10	0.0351303
3.80792e-10	0.0352678
3.80832e-10	0.0354053
3.80871e-10	0.0355429
3.8091e-10	0.0356804
3.8095e-10	0.0358179
3.80989e-10	0.0359554
3.81028e-10	0.0360929
3.81068e-10	0.0362305
3.81107e-10	0.036368
3.81147e-10	0.0365055
3.81186e-10	0.0366431
3.81225e-10	0.0367806
3.81265e-10	0.0369181
3.81304e-10	0.0370556
3.81343e-10	0.0371932
3.81383e-10	0.0373307
3.81422e-10	0.0374682
3.81461e-10	0.0376057
3.81501e-10	0.0377433
3.8154e-10	0.0378808
3.81579e-10	0.0380183
3.81619e-10	0.0381558
3.81658e-10	0.0382933
3.81698e-10	0.0384308
3.81737e-10	0.0385683
3.81776e-10	0.0387057
3.81816e-10	0.0388432
3.81855e-10	0.0389807
3.81894e-10	0.0391181
3.81934e-10	0.0392556
3.81973e-10	0.039393
3.82012e-10	0.0395304
3.82052e-10	0.0396679
3.82091e-10	0.0398053
3.8213e-10	0.0399427
3.8217e-10	0.0400801
3.82209e-10	0.0402174
3.82248e-10	0.0403548
3.82288e-10	0.0404921
3.82327e-10	0.0406295
3.82367e-10	0.0407668
3.82406e-10	0.0409041
3.82445e-10	0.0410414
3.82485e-10	0.0411787
3.82524e-10	0.0413159
3.82563e-10	0.0414531
3.82603e-10	0.0415904
3.82642e-10	0.0417276
3.82681e-10	0.0418648
3.82721e-10	0.0420019
3.8276e-10	0.0421391
3.82799e-10	0.0422762
3.82839e-10	0.0424133
3.82878e-10	0.0425504
3.82918e-10	0.0426875
3.82957e-10	0.0428245
3.82996e-10	0.0429615
3.83036e-10	0.0430985
3.83075e-10	0.0432355
3.83114e-10	0.0433725
3.83154e-10	0.0435094
3.83193e-10	0.0436463
3.83232e-10	0.0437832
3.83272e-10	0.04392
3.83311e-10	0.0440568
3.8335e-10	0.0441936
3.8339e-10	0.0443304
3.83429e-10	0.0444672
3.83469e-10	0.0446039
3.83508e-10	0.0447406
3.83547e-10	0.0448772
3.83587e-10	0.0450138
3.83626e-10	0.0451504
3.83665e-10	0.045287
3.83705e-10	0.0454235
3.83744e-10	0.04556
3.83783e-10	0.0456965
3.83823e-10	0.045833
3.83862e-10	0.0459694
3.83901e-10	0.0461057
3.83941e-10	0.0462421
3.8398e-10	0.0463784
3.8402e-10	0.0465146
3.84059e-10	0.0466508
3.84098e-10	0.046787
3.84138e-10	0.0469232
3.84177e-10	0.0470593
3.84216e-10	0.0471954
3.84256e-10	0.0473314
3.84295e-10	0.0474674
3.84334e-10	0.0476034
3.84374e-10	0.0477393
3.84413e-10	0.0478752
3.84452e-10	0.048011
3.84492e-10	0.0481468
3.84531e-10	0.0482826
3.84571e-10	0.0484183
3.8461e-10	0.048554
3.84649e-10	0.0486896
3.84689e-10	0.0488252
3.84728e-10	0.0489607
3.84767e-10	0.0490962
3.84807e-10	0.0492316
3.84846e-10	0.049367
3.84885e-10	0.0495024
3.84925e-10	0.0496377
3.84964e-10	0.049773
3.85003e-10	0.0499082
3.85043e-10	0.0500433
3.85082e-10	0.0501784
3.85122e-10	0.0503135
3.85161e-10	0.0504485
3.852e-10	0.0505834
3.8524e-10	0.0507184
3.85279e-10	0.0508532
3.85318e-10	0.050988
3.85358e-10	0.0511228
3.85397e-10	0.0512574
3.85436e-10	0.0513921
3.85476e-10	0.0515267
3.85515e-10	0.0516612
3.85554e-10	0.0517957
3.85594e-10	0.0519301
3.85633e-10	0.0520644
3.85672e-10	0.0521987
3.85712e-10	0.052333
3.85751e-10	0.0524672
3.85791e-10	0.0526013
3.8583e-10	0.0527354
3.85869e-10	0.0528694
3.85909e-10	0.0530033
3.85948e-10	0.0531372
3.85987e-10	0.053271
3.86027e-10	0.0534048
3.86066e-10	0.0535385
3.86105e-10	0.0536721
3.86145e-10	0.0538057
3.86184e-10	0.0539392
3.86223e-10	0.0540727
3.86263e-10	0.054206
3.86302e-10	0.0543393
3.86342e-10	0.0544726
3.86381e-10	0.0546058
3.8642e-10	0.0547389
3.8646e-10	0.0548719
3.86499e-10	0.0550049
3.86538e-10	0.0551378
3.86578e-10	0.0552706
3.86617e-10	0.0554034
3.86656e-10	0.0555361
3.86696e-10	0.0556687
3.86735e-10	0.0558013
3.86774e-10	0.0559337
3.86814e-10	0.0560661
3.86853e-10	0.0561985
3.86893e-10	0.0563307
3.86932e-10	0.0564629
3.86971e-10	0.056595
3.87011e-10	0.0567271
3.8705e-10	0.056859
3.87089e-10	0.0569909
3.87129e-10	0.0571227
3.87168e-10	0.0572544
3.87207e-10	0.0573861
3.87247e-10	0.0575176
3.87286e-10	0.0576491
3.87325e-10	0.0577805
3.87365e-10	0.0579119
3.87404e-10	0.0580431
3.87444e-10	0.0581743
3.87483e-10	0.0583054
3.87522e-10	0.0584364
3.87562e-10	0.0585673
3.87601e-10	0.0586981
3.8764e-10	0.0588289
3.8768e-10	0.0589596
3.87719e-10	0.0590901
3.87758e-10	0.0592206
3.87798e-10	0.059351
3.87837e-10	0.0594814
3.87876e-10	0.0596116
3.87916e-10	0.0597418
3.87955e-10	0.0598718
3.87995e-10	0.0600018
3.88034e-10	0.0601317
3.88073e-10	0.0602615
3.88113e-10	0.0603912
3.88152e-10	0.0605208
3.88191e-10	0.0606503
3.88231e-10	0.0607797
3.8827e-10	0.0609091
3.88309e-10	0.0610383
3.88349e-10	0.0611674
3.88388e-10	0.0612965
3.88427e-10	0.0614254
3.88467e-10	0.0615543
3.88506e-10	0.0616831
3.88546e-10	0.0618117
3.88585e-10	0.0619403
3.88624e-10	0.0620688
3.88664e-10	0.0621972
3.88703e-10	0.0623254
3.88742e-10	0.0624536
3.88782e-10	0.0625817
3.88821e-10	0.0627097
3.8886e-10	0.0628376
3.889e-10	0.0629653
3.88939e-10	0.063093
3.88978e-10	0.0632206
3.89018e-10	0.063348
3.89057e-10	0.0634754
3.89096e-10	0.0636027
3.89136e-10	0.0637298
3.89175e-10	0.0638569
3.89215e-10	0.0639838
3.89254e-10	0.0641107
3.89293e-10	0.0642374
3.89333e-10	0.064364
3.89372e-10	0.0644905
3.89411e-10	0.0646169
3.89451e-10	0.0647432
3.8949e-10	0.0648694
3.89529e-10	0.0649955
3.89569e-10	0.0651215
3.89608e-10	0.0652473
3.89647e-10	0.0653731
3.89687e-10	0.0654987
3.89726e-10	0.0656242
3.89766e-10	0.0657496
3.89805e-10	0.0658749
3.89844e-10	0.0660001
3.89884e-10	0.0661252
3.89923e-10	0.0662501
3.89962e-10	0.066375
3.90002e-10	0.0664997
3.90041e-10	0.0666243
3.9008e-10	0.0667488
3.9012e-10	0.0668731
3.90159e-10	0.0669974
3.90198e-10	0.0671215
3.90238e-10	0.0672455
3.90277e-10	0.0673694
3.90317e-10	0.0674931
3.90356e-10	0.0676168
3.90395e-10	0.0677403
3.90435e-10	0.0678637
3.90474e-10	0.067987
3.90513e-10	0.0681101
3.90553e-10	0.0682331
3.90592e-10	0.0683561
3.90631e-10	0.0684788
3.90671e-10	0.0686015
3.9071e-10	0.068724
3.90749e-10	0.0688464
3.90789e-10	0.0689687
3.90828e-10	0.0690908
3.90868e-10	0.0692128
3.90907e-10	0.0693347
3.90946e-10	0.0694564
3.90986e-10	0.0695781
3.91025e-10	0.0696996
3.91064e-10	0.0698209
3.91104e-10	0.0699421
3.91143e-10	0.0700632
3.91182e-10	0.0701842
3.91222e-10	0.070305
3.91261e-10	0.0704257
3.913e-10	0.0705463
3.9134e-10	0.0706667
3.91379e-10	0.070787
3.91419e-10	0.0709072
3.91458e-10	0.0710272
3.91497e-10	0.071147
3.91537e-10	0.0712668
3.91576e-10	0.0713864
3.91615e-10	0.0715059
3.91655e-10	0.0716252
3.91694e-10	0.0717444
3.91733e-10	0.0718634
3.91773e-10	0.0719823
3.91812e-10	0.0721011
3.91851e-10	0.0722197
3.91891e-10	0.0723382
3.9193e-10	0.0724565
3.9197e-10	0.0725747
3.92009e-10	0.0726927
3.92048e-10	0.0728106
3.92088e-10	0.0729284
3.92127e-10	0.073046
3.92166e-10	0.0731634
3.92206e-10	0.0732807
3.92245e-10	0.0733979
3.92284e-10	0.0735149
3.92324e-10	0.0736318
3.92363e-10	0.0737485
3.92402e-10	0.0738651
3.92442e-10	0.0739815
3.92481e-10	0.0740978
3.92521e-10	0.0742139
3.9256e-10	0.0743298
3.92599e-10	0.0744456
3.92639e-10	0.0745613
3.92678e-10	0.0746768
3.92717e-10	0.0747922
3.92757e-10	0.0749073
3.92796e-10	0.0750224
3.92835e-10	0.0751373
3.92875e-10	0.075252
3.92914e-10	0.0753666
3.92953e-10	0.075481
3.92993e-10	0.0755952
3.93032e-10	0.0757093
3.93071e-10	0.0758233
3.93111e-10	0.075937
3.9315e-10	0.0760506
3.9319e-10	0.0761641
3.93229e-10	0.0762774
3.93268e-10	0.0763905
3.93308e-10	0.0765035
3.93347e-10	0.0766163
3.93386e-10	0.0767289
3.93426e-10	0.0768414
3.93465e-10	0.0769537
3.93504e-10	0.0770659
3.93544e-10	0.0771779
